,Title,Content
0,THANK YOU LEON ROSE ,
1,Yet Another Trade Deadline Masterclass by Leon Rose,"I'm with him. None of these trades I've been seeing move me. Just like Leon Rose, I sleep."
2,[Fred Katz] Knicks president Leon Rose has declined a request to hold an end-of-season media availability.  No high-ranking Knicks executive has spoken on the record to independent media since September 2021. Rose is yet to do a solo press conference since taking over Knicks in April 2020.,
3,"Five years ago today: Leon Rose is appointed president of basketball operations, forever changing the trajectory of the franchise",
4,"Isaiah Hartenstein greets Leon Rose and Rick Brunson...while Jalen Brunson isn't so cordial. Isaiah: ""Can't we be friends?""",
5,"[The Strickland] Leon Rose was hired to bring in a star — he ended up breaking a curse: What if the Knicks’ long-awaited messiah wasn’t a player, but a president?",
6,Leon Rose,Leon needs to trade some big pieces this offseason or we are not going to contend at all!! Def need to look at trading Bridges and maybe OG
7,Bored at work so pretended to be Leon Rose,"Picks are 2024 1st (Own) traded as a player on draft night, 2024 1st (DAL), 2025 1st (OWN), 2025 1st (MIL), 2026 1st swap, 2026 2nd (BRK), 2027 1st (Own). Of course I don’t want it to take 4-5 1sts to get the trade done but I would do it because I believe Mikal Bridges makes us into team that could beat absolutely anyone in a series. Imagine that big long starting lineup. 

I’m of the belief that you can’t just replace Randle for a superstar like Booker or Mitchell and expect our team to be much better than if we just kept Randle in the first place. A better superstar fit like Giannis is just not gonna happen, Lauri would cost too much cause Danny Ainge is a prick, and Paul George is entering the season aged 34. If we don’t use our picks they’re just gonna get traded down the line for shittier picks with protections. Why not overpay to instantly become a top tier contender no question. We can’t sacrifice fit for talent, that’s not what made this team great in the first place and you see across the league just adding talent over fit doesn’t work anymore."
8,"You’re Leon Rose starting today, up until the trade deadline. What areas of the team do you think need addressing and what moves are you making to do so?",Curious to hear what y’all 
9,What move(s) would you have Leon Rose re-do since joining?,"1) Signing iHart to a 2 year deal ( please sign all players to a 3 year deal at minimum )

2) No protection on 1st round picks for Bridges ( please do not trade unprotected picks )



"
10,"Knicks President Leon Rose: ""Jalen signing to remain with the Knicks for the long-term shows the dedication for the organization, the fans and this city. [He has] often called the Knicks his family and we are beyond proud to have him wear and represent our orange and blue for years to come.""","[Full statement from Knicks PR on Jalen Brunson's extension.](https://x.com/NY_KnicksPR/status/1811877974356144290)

>“Jalen signing his extension to remain with the Knicks for the long-term shows the dedication and passion he has for the organization, the fans and this city. Jalen has often called the Knicks his family and we are beyond proud to have him wear and represent our orange and blue for years to come. Jalen has embraced every challenge since he's come to New York and has been committed since day one to the vision and plan we set forth for the future of this team. Since Jalen joined us two years ago, he has consistently led by example and continues to show a willingness to sacrifice for this organization, his teammates and everyone in the Knicks family.""

Knicks twitter account also put out [this video of Brunson's words from earlier in the season of being embraced by the fans and city.](https://streamable.com/as4qgk)"
11,Leon Rose is a terrible GM,"The Knicks are so far behind the Celtics, it isn't even close, is Leon one of the worst GMs in the league because of the trades he's made? Celtics easily beat the Knicks and Kornet and Queta are a million times better than Towns "
12,Me watching Leon Rose’s vision of Brunson-KAT pick & rolls work to perfection,
13,Leon Rose just turned #24 overall in a weak class into 6 2nd round picks. ,
14,This is a great trade for all parties and according to BR article Nets & Miles Bridges had mutual interest in one another. In Leon Rose We Trust. ,"Nets & Miles Bridges proposed deadline trade

https://bleacherreport.com/articles/10125616-ben-simmons-rumors-nets-hornets-discussed-miles-bridges-swap-at-nba-trade-deadline"
15,Leon Rose should call Spo in the offseason,"Let’s be honest, tonight showed exactly why Thibs ain’t a title-winning coach. He’s a floor raiser but not a ceiling raiser at all. I’ve had so much patience with him for the last three seasons bc of what he’s done to bring this franchise back to respectability/relevance but it’s time. If we don’t make the finals this season he’s gotta go. 

We should try and poach Spo from the Heat. That franchise is going nowhere fast and I think he could deff use a change as well. Give him whatever he wants and he can easily be our Steve Kerr. 

#ThibsMustGo"
16,Knicks president Leon Rose working through Bruce Springsteen concert in viral Tom Cruise photo,
17,"[Chris Herring] Just two days ago, at a groundbreaking ceremony for a new school in the Bronx, Julius Randle—the longest-tenured player on the team—was honored for donating $1.3 million to help that effort. Leon Rose and Thibodeau were present, among others. Now he’s headed to Minny. Incredible.",
18,Feel like giving a shoutout to Leon Rose & World Wide Wes for no particular reason.,"No reason whatsoever. Just two guys who have built a great team for us and would certainly never detonate their franchise in the middle of the night with a wild trade. Great job, fellas! "
19,Should we hold Leon Rose accountable? ,If not for his cute moves with Duren and re-signing Mitch over extending Ihart before he hits the open market has really been fucking us over. Imagine where we'd be if we had either of those guys rig now? 
20,Leon Rose right now ,
21,The Media is Wild: Leon Rose has Shown He Can Be Trusted. If Nothing We'll Trade for a Center Midway Through The Year,
22,Leon Rose spotted at a game!,
23,Leon Rose To Mitch If He Can Get Trey Murphy Or Herb Jones,
24,Leon “Cobblepot” Rose cooking right now,Gonna swindle giannis to us
25,leon rose for presidentttttt,
26,"Sometimes you gotta ask yourself, “Am I a better President of NYK than Leon Rose?”","The answer: >!probably not!<

In Leon We Trust🫡"
27,Leon Rose 2nd Round Trade Tactics,"I don't think people realize what Leon Rose does in the 2nd round of the draft. I'm doing something research on his tendency of the second round and it's starting to make a lot sense. It seems like he generally has a target in the late first or mid to early second. He stocks up draft picks by continuing to trade back and even if he doesn't want a player in that current draft he uses the stockpile of 2nd rounders the Knicks always has accumulated to overwhelm a team to trade their 2nd round pick for multiple 2nd round futures because most teams don't value 2nd rounders.

 OKC does the same that's why we trade with them so often. OKC gave up the 5 2nds because they always will have surplus like the Knicks so they also will be able to draft their ""perfect"" team for.

 When you look at it, It's absolutely brilliant. That's why we get players like Deuce and IQ while OKC gets players like the center Jalin Williams or Aaron Wiggins. It's actually brilliant when you think about it.

Edit: spelling "
28,The zero depth we have is making me think there is no silver lining.   This is the team they want all in on.  Leon Rose carefully incrementally made move to better the roster...until he drastically changed it at the end thinking he had check mate.,"And he screwed the entire team...

This team is terrible defensively.  Bridges is exactly what everyone online said about him negatively before he became a Knick.  He's the basketball version of Daniel Jones from the Giants.  The only positive thing you can say about him is he's rich

We're not losing to just good teams.  We're losing to mediocre teams and making Haliburton look like before he was the quickest ever from star to Ben Simmons "
29,Leon Rose and Sam Presti teaming up to confuse the entire league every draft night,
30,This may go down as one of the greatest Knicks trades in franchise history ,"Getting Josh Hart for Cam Reddish and a 23 1st round pick may be one of Leon Roses greatest moves and one of the Knicks greatest pick ups in franchise history. 

Hart is a machine. Every championship team needs a guy like Hart who is rebounding monster, assist guy, and scorer

He’s improved his three this year and has  become dangerous beyond the arc. His controlled chaos overwhelms other players. He has a relentless motor and is a team first guy.

Along with JB, KAT, Mikal and OG we have a very good chance at making it to the ECFs and a trip to the finals "
31,Leon Rose another Nova Wildcat is available ,
32,Trust Leon Rose,He has not misguided us. Believe in the big picture. Knicks in 6. 
33,Grayson Allen Deal Seals Executive of the Year Case for New York Knicks' Leon Rose,
34,Leon Rose releases a statement about the Knicks milestones and accomplishments under his tenure,
35,"Leon Rose, Knicks still deserve trust after Karl-Anthony Towns stunner",Trust in Leon
36,"[TBT] Nov 5, 2020: ‘There’s no bullshit with Leon’: Inside Leon Rose’s rise to running the Knicks",
37,Leon Rose: The Godfather,“Friendship is everything. Friendship is more than talent. It is more than the government. It is almost the equal of family.”
38,The anti-Leon Rose,
39,Leon Rose talking to Mikal Bridges during Josh Hart’s Memorial Day BBQ,It’s not automatically tampering if they speak at a social event. 
40,(ShaX) A thread on Leon Rose's white whale. Enter the 4th Wildcat🧵,
41,For the Knicks fans who ever doubted Leon rose ,"https://m.youtube.com/watch?v=Ca3kPemW2CE


Leon is the one who knocks . 

Now let him slumber "
42,Happy Josh Hart Day!,"Two years ago today, Leon Rose brought over the second piece of the Nova Knicks. "
43,"Knicks Josh Hart complains to coach Thibs about their 2nd half slump. Thibs seems to mouth back ""Do your ******* job"". At this point Josh Hart had 0 points after playing 32 minutes",
44,Yeah highly doubt rockets are moving Sengun,
45,The Knicks won 50 games and finished as the 2 seed even though,"Julius Randle missed 1/2 of the year

RJ Barrett and Immanuel Quickley were traded for a player who didn't play for 2 months

Mitchell Robinson missed 3/4 of the year

Thibs, Leon Rose and every single member of this rotation deserves a ton of credit.

Onto the playoffs"
46,"The Knicks hold ""solid belief"" that Mitchell Robinson will return to the court around early February, says @IanBegley. Jonas Valanciunas is a name to keep an eye on if the Knicks elect to move on from Robinson",
47,Post Game Thread: The New York Knicks defeat The Brooklyn Nets 105-93,"#Brooklyn Nets at New York Knicks

Madison Square Garden- New York, NY

[ESPN](https://www.espn.com/nba/game/_/gameId/401585647/nets-knicks)

[TV/Radio](https://reddit.com/r/NYKnicks/comments/1blvlx2/game_thread_brooklyn_nets_2644_at_new_york_knicks/kw7m11r/)



***

|Time Clock|
|:--:|
|Final|

||Q1|Q2|Q3|Q4|Total|
|:--|--:|--:|--:|--:|--:|
|BKN |30|27|20|16|93|
|NYK |28|28|24|25|105|

###Player Stats

**Brooklyn Nets**

|Player|MINS|PTS|FGM-A|3PM-A|FTM-A|ORB|DRB|REB|AST|STL|BLK|TO|PF|+/-|
|:--|--:|--:|--:|--:|--:|--:|--:|--:|--:|--:|--:|--:|--:|--:|
|M. Bridges|36:38|18|7-14|4-9|0-0|0|4|4|5|1|0|3|1|-12
|C. Johnson|31:33|13|3-7|3-6|4-4|0|2|2|2|1|0|0|3|-13
|N. Claxton|30:56|5|2-5|0-0|1-2|3|6|9|2|1|2|1|0|-8
|C. Thomas|36:01|19|6-14|1-5|6-6|0|5|5|6|0|0|5|0|-29
|D. Schroder|33:47|9|4-14|1-4|0-0|2|5|7|3|0|3|2|1|-13
|L. Walker IV|12:02|9|4-6|1-3|0-0|0|2|2|1|0|0|1|0|-1
|D. Finney-Smith|21:14|2|1-5|0-4|0-0|0|4|4|2|0|0|0|4|-7
|D. Smith Jr.|14:07|8|3-4|1-2|1-2|0|0|0|1|2|0|2|1|-2
|D. Sharpe|10:24|5|2-4|0-0|1-1|3|1|4|2|0|1|0|3|-2
|J. Wilson|6:46|2|1-2|0-0|0-0|0|2|2|1|0|0|1|1|9
|T. Watford|2:10|3|1-1|1-1|0-0|0|2|2|1|0|0|0|1|6
|K. Bates-Diop|2:10|0|0-0|0-0|0-0|0|0|0|0|0|0|0|0|6
|N. Clowney|2:10|0|0-0|0-0|0-0|0|0|0|0|0|0|0|0|6


**New York Knicks**

|Player|MINS|PTS|FGM-A|3PM-A|FTM-A|ORB|DRB|REB|AST|STL|BLK|TO|PF|+/-|
|:--|--:|--:|--:|--:|--:|--:|--:|--:|--:|--:|--:|--:|--:|--:|
|D. DiVincenzo|40:52|31|12-24|4-13|3-4|2|4|6|5|2|1|2|3|10
|J. Hart|44:06|6|3-8|0-3|0-1|3|10|13|5|1|1|0|2|15
|I. Hartenstein|26:11|17|8-10|0-0|1-2|4|5|9|2|4|2|3|1|13
|J. Brunson|32:49|17|7-24|3-4|0-0|1|3|4|8|1|0|1|1|12
|M. McBride|48:00|26|9-16|6-12|2-2|1|1|2|3|1|0|0|4|12
|P. Achiuwa|7:29|0|0-2|0-1|0-2|2|1|3|1|0|0|0|0|-9
|A. Burks|15:11|5|2-9|1-5|0-1|1|1|2|1|0|0|0|0|0
|B. Bogdanovic|7:08|3|1-2|1-2|0-0|0|1|1|0|0|0|1|1|2
|J. Sims|18:14|0|0-2|0-0|0-0|2|5|7|0|1|0|2|3|5
###Team Stats

|Team|FGM-A|3PM-A|FTM-A|AST|PF|STL|TO|BLK|OREB|DREB|REB|
|:--|:--|:--|:--|:--|:--|:--|:--|:--|:--|:--|:--|
|BKN|34-76|12-34|13-15|26|15|5|15|6|8|33|46|
|NYK|42-97|15-40|6-12|25|15|10|9|4|16|31|59|

***

Use [reddit-stream.com](https://reddit-stream.com/comments/auto) to get an autorefreshing version of this page

Note: This data is only as accurate as NBA.com

[Please message u/nba_gdt_bot if you have any suggestions or notice any bugs with the bot](https://www.reddit.com/message/compose?to=nba_gdt_bot&subject=NBA_Bot)"
48,How it feels like watching other teams shit the bed,
49,We need to move KAT to the 4,"His stats are better at the 5, but we are seeing first hand the reason why Minnesota went from being a play-in team to one of the best teams in the league after moving KAT to the 4

We lose the 5-out philosophy that Leon Rose was trying to go for to fight Boston, but we aren’t playing a true 5-out offense right now anyway due to a combination of Thibs offensive ineptitude and Josh Hart

Teams are leaving Hart wide open anyway and ruining our spacing, so we might as well play Hukporti (Mrob when he comes back) at the 5, and move Hart to the bench where he’s been most successful in his career"
50,This will be Thibs last year coaching this team.,"A lot of y’all need to mentally prepare for this. Thibs is just not the coach this team needs anymore as he can help develop your team into a playoff team but that has a limit and he’s reached his with this squad.

Now I don’t care at all what you little dumb emotionally attached idiotic fans on here say or think as every time somebody has rightful criticism of a player or coach on this team? A lot of y’all complain like the little b***ches you guys are.

Also if you don’t think Leon Rose will do it then you clearly haven’t learned from his past moves."
51,I didn’t know Leon was stalking our sub…,
52,"Daily Discussion Thread - July 05, 2024",Daily discussion thread for Knicks fans.
53,This OKC game is not a good threshold to determine if the Knicks are “frauds” or not.,"I’m not calling them fraudulent because the played a whopping 3 games against BOS, CLE, and OKC, the former 2 being early in the season with no chemistry. 

If anything, I was closer to calling them frauds LAST month because they were losing to inferior teams like Atlanta and Detroit and have previously lost to teams like Utah weeks prior. 

If anything this game is a good game to see where the team is AT, not to see whether if they are “frauds” or “bad team merchants”. 

The bench and the minutes are a serious issue. The Knicks either have to wait until their already small bench gets healthy (Mitchell Robinson) or time for Leon Rose to get cooking. 

We have a shit ton of games against good teams this month and then we will see where this team is truly at. This one game isn’t enough."
54,Miles McBride respect post,"I will admit it, I shit on McBride when he got his contract and didn’t think he’d be anything more than a trade piece. But damn….he is that guy.

Reason 4738276 why I’d be a terrible gm "
55,We were watching Lance Thomas minutes just 5 years ago,"The title says it all. Leon Rose is legendary, World Wide Wes is goated, Thibs is a HOFer. Fuck Phil Jackson. Fuck Kurt Rambis. Fuck Derek Fisher. Fuck Isiah Thomas. Fuck Scott Layden. Fuck Jeff Hornacek. FUCK DAVID FIZDALE. "
56,The Knicks may not be done dealing! 👀  KFTV’s very own @CPTheFanchise is reporting that the Knicks remain interested in a potential Karl-Anthony Towns Trade! 🚨🤯  What’s your take?!,Leon Rose was cooking all of season….he needs to chill. 
57,"For or better or worse, I’m impressed by this front office","The Knicks just had three of arguably the most monumental trades in recent Knicks history in just about a one year span…..

For better or worse, I guess time will tell — but you have to give credit to the vision, dedication, and philosophy of Leon Rose and his crew. 

In my eyes, this is the most underrated front office in basketball and I never EVER thought I would EVER say that about the Knicks ten years ago. "
58,YA’LL DOUBTED ME,My last post was about this exact trade. Seems like the terms are about exactly what I wrote I would do as Leon Rose and I got 90% hate. Don’t switch up. When we win the championship I’m gonna be obnoxious AF let’s go Knicks!
59,"[Stein] Landry Shamet and Matt Ryan, players the Knicks are known to covet when they take their roster from 12 to 14, are both eligible for Saturday's @nbagleague draft, sources say. Westchester owns the top two picks; drafting Shamet enables the Knicks to supervise his shoulder rehab.",
60,Donte DiVincenzo in these playoffs: 18 PPG on 42.5% 3PT shooting (over 8 attempts per game). 12M per year for the next THREE seasons.,"Also had 1 block (!) per game on the defensive end as a guard.









Ungodly Leon Rose masterclass."
61,Trading Mikal this summer,"Do we really want to give this guy a 4yr/156M contract??? What would his value even be this summer if we hypothetically trade him? 1 first and a role player at Max?? Not to beat a dead horse but his defense has been regressing for years now and his offense isn’t something to write home about. If he was at the very least shooting 38-40% from 3 on high volume there’d at least be a lot of value there but…

Would be amazing if we could do Mikal for Donte + filler🫣🫣🫣"
62,18 million dollars rotting off the bench.,I understand you’re important but you barely fucking play. Time for Leon Rose to pull the trigger and send you somewhere else for bench depth. I’ve always had this opinion even back in the off-season but this losing streak exposing our very little bench depth is backing me up more and more.
63,I think people were initially down on the KAT trade due to trauma from past “star” trades ,"I think Knicks fans have gotten so accustomed to getting screwed over in past trades (like the KP to Dallas trade, Bargnani, etc) that any time we see a big name, we almost automatically assumed we got fleeced.

It’s like a conditioned behavior and you’re so used to it over the years it’s hard to change. The fact this could be a good trade takes time for people to process new information and new ideas, like the fact that Knicks did not get fleeced. It’s a foreign concept for many people and only something fairly recent since the Leon Rose era. "
64,This sub can’t be objective,"I love randle and donte just as much as the rest, but saying this is a leon rose fuck up and is going to go down in a disaster clearly doesn’t understand the vision for this team


KAT on this knicks team is a WEAPON. they can choose to run 5 out or get big and play thibs ball

knicks will win a lot of regular season and playoff games and karl anthony towns will be a massive part of that"
65,A possible trade option,"We need a wing depth piece, there is someone rotting on the heat bench right now that we can get for solely the salary of Jericho Sims. That's Mr 4th quarter Alec Burks. His salary is 2 mil, and Jericho's is 2 mil. Leon should consider this."
66,We shouldve kept Hartenstein,"before you flood my inbox, I know there was a max to what we could offer him

But Leon Rose shouldve went all out, promised Hartenstein a high paying role in the organization after he retired, business sponsorship opportunities, promised him networking for his fashion model wife, etc.  "
67,"""If i win we get Mikal, if you win, you get a signed Frank Ntilikina jersey 🤝""",
68,Summer 2024: Knicks last star acquisition opportunity? Will it happen? Do we even need it to happen?,"**UPDATE 6/25/2024:**

Well well well. Look who was correct about Bridges to the Knicks. And look at all you fools who said it wouldn't happen. Who screamed it would not happen in all caps. And upvoted that idiotic detritus. Go crawl back to your troll holes and say that you always knew it was going to happen this summer. Smh.

**ORIGINALLY POSTED ON 6/6/2024:**

As you should know by now, This summer represents basically the Knicks’ last chance to add a star max salary guy with this roster, because the new CBA’s stricter salary cap rules go into effect in one year.

As Leon Rose showed us with the Donovan Mitchell negotiations several years ago, Rose will exercise restraint and not make a deal for the sake of making a deal, something we are lucky to finally have.

All of that is to say that while the Knicks will most likely try to make their big swing for the final big star this summer, they probably will not end up getting the right franchise altering player.

Certainly, if either Devin Booker or Giannis were available, the Knicks would happily sacrifice Bojan, Randle, and all of their future first round picks. Realistically, however, those guys are not going anywhere. That leaves us with a bunch of other less appealing options that are ultimately not worth sacrificing everything for. Embiid? Too injury prone. LeBron? Too old. Durant? Probably too old. Donovan Mitchell? Redundant with Brunson on the team. Paul George? Not talented enough and too old (Frankly, I’d rather go for DeRozan to be honest over PG. just look at their advanced stats compared to each other the last 3 years. DeMar is better and it’s not close).

All of this is to say it’s probably not worth getting hopes up for another star. Maybe that’s okay. This team dominated with everyone healthy in January. Brunson is a star and could be an MVP. So, maybe it’s not necessary for us to get another top 10-15 overall player. Maybe we should get someone who is a top 50 player who is young and can defend and shoot and complement Brunson’s squad.

Although he is not a superstar, maybe Mikal Bridges is someone they acquire without having to sacrifice Randle. Maybe a package composed of Bojan and a boat load of future picks is enough to entice Brooklyn to give up Bridges.

Consider A starting lineup of: PG - Brunson SG - Bridges SF - OG PF - Randle C - I-Hart

With a bench made of: PG: McBride SG: Donte F: Burks F: Hart C: Robinson

Or, let’s say Brooklyn requires both Bogey and Randle but fewer draft picks for Bridges. Maybe the Knicks do that too because it enables them to keep some of their future picks. This scenario would also result in a great starting Five:

PG: Brunson SG: Donte SF: Bridges PF: OG C: I-Hart

Bench: PG: McBride SG: Burks F: Hart C: Robinson

That is a very solid team.

As we have seen with the recent NBA parity, it seems like a crapshoot once you get to the conference semifinals. All you need to do is build a team strong enough to guarantee a spot in the conference semifinals, and from there anything can happen. Look at Miami last year. Dallas this year. This is to say that we just need to build a 50 win team and keep guys healthy in the playoffs. We finished 2nd this year. With this core, we can do this again for another 3-5 years."
69,We’d have been in better shape if we traded for Lauri instead of Mikal Bridges,"Lauri actually has a cheaper contract too. All of Leon Rose’s moves have made sense so far, except the Bridges trade. "
70,Cam signing means bye Deuce? ,"I think the Cam Payne signing will probably mean Deuce is more expendable/likely to be traded. With Brunson, Cam and Kolek (who looked pretty damn good, but it’s only 1 summer league game), I don’t know where Deuce fits. I don’t necessarily WANT to trade Deuce but he’s too small to be the 2…. And if 2 picks + Deuce gets us someone like Kessler…. The FO might do it…. Thoughts? "
71,Knicks Fanbase Mood Journal 2024-2025,"Game 67 --- MIA W 116-95 --- Record: 43-24  

Bounce back game.  Josh gets right with a triple-double.  Kal puts away the Heat in the 3rd.  Doris still somehow proceeds to shit on the Knicks.  Slander enough to make Tracy sick.
___ 
Game 66 --- GSW L 94-97 --- Record: 42-24  

Salty ending.  Put to sleep 💤 by Draymond “9 points” Green carried by Curry.  Josh with zero points in 39-mins.  
___ 
Game 65 --- POR W 114-113 (OT)--- Record: 42-23  

Bridges buzzer beater in OT!!!  Last 10pm games Lfg!!!
___ 
Game 64 --- SAC W 133-104 --- Record: 41-23  

Back to winning after a break.  Complete game  and blowout victory.
___ 
Game 63 --- LAC L 95-105 --- Record: 40-23  

Demoralized.  4Q Struggles continue.  Really coulda used Jalen today.  
___ 
Game 62 --- LAL L 109-113(OT) --- Record: 40-22  

Big loss.  Another fourth quarter collapse.  Brunson rolls his ankle in OT.  
___ 
Game 61 --- GSW L 102-114 --- Record: 40-21  

Fourth quarter clusterfuck.  
___ 
Game 60 --- MIA W 116-112(OT) --- Record: 40-20  

Ridiculous comeback win with captain clutch leading in the fourth.  2-0 in the Mitch era.  
___ 
Game 59 --- MEM W 114-13 --- Record: 39-20  

PSYCHED for another satisfying win.  OG “I am smiling” as he hits the winner.  Undefeated with Mitch back.  
___ 
Game 58 --- PHI W 110-105 --- Record: 38-20  

Relieved.  Brunson hits the dagger in Maxey’s face.  Gutsy win on a 9-0 closing run.
___ 
Game 57 --- BOS L 105-118 --- Record: 37-20  

Demoralized Twenty losses before forty wins.  
___ 
Game 56 --- CLE L 105-142 --- Record: 37-19  

Wow.  Disheartening ass whipping.  Struggles to defend the three are serious.  
___ 
Game 55 --- CHI W 113-111(OT) --- Record: 37-18  

A WIN IS A WIN.  Bridges blocks gets to OT and Towns seals it.  First win of the season vs the Bulls.
___ 
ALL-STAR (KAT/JB) BREAK
___ 
Game 54 --- ATL W 149-148(OT) --- Record: 36-18  

Knicks survive a blown 6-point lead with 10 seconds left.  Jalen hits the winner over Daniels.  KAT with back-to-back 40-point games.
___ 
Game 53 --- IND W 128-115 --- Record: 35-18  

KAT (40-point double-double) and Josh (30-point double-double) dominate the Pacers with monster games.  
___ 
Game 52 --- BOS L 104-131 --- Record: 34-18  

Damn.  Celtics drop a shit ton of threes again.  Need OG and Mitchell back.
___ 
Game 51 --- TOR W 121-115--- Record: 34-17  

Another big-balls clutch win.  Brunson closes in the fourth to take the back-to-back.
___ 
Game 50 --- HOU W 124-118 --- Record: 33-17  

KNICKS COME BACK FROM DOWN 11 IN THE 4TH!  Brunson drops 40.  Knicks grind out a big-balls win shooting 23% from 3.
___ 
Game 49 --- LAL L 112-128 --- Record: 32-17  

Tough loss.  Josh with another triple double.  Prayers with OG.  
___ 
Game 48 --- DEN W 122-112 --- Record: 32-16  

Five in a row on Brunson’s 30 against a very good Nuggets team.  Clutch fourth quarter.  
___ 
Game 47 --- MEM W 143-106 --- Record: 31-16  

Best win of the season.  Knicks blow out a top contender with a defensive clinic and multiple posters.  
___ 
Game 46 --- SAC W 143-120 --- Record: 30-16  

We chillin.  Rested Knicks blow out the Kings.  Hart with a triple-double and a message to the minutes police, “relax”.
___ 
Game 45 --- BKN W 99-95 --- Record: 29-16  

Knicks win UGLY in Brooklyn on a SEGABABA.
___ 
Game 44 --- ATL W 119-110 --- Record: 28-16  

LFG Towns returns! Knicks back on track.  JB drops 34 on 12/18.
___ 
Game 43 --- MIN L 99-116 --- Record: 27-16  

Knicks can’t get stops in the fourth.  Min shoots 55% from three.  KAT out and Josh hurt.
___ 
Game 42 --- PHI W 125-119 (OT) --- Record: 27-15  

Knicks win in OT led by Brunson and OG!  Another rough third quarter.  Another Hart triple-double.
___ 
Game 41 --- DET L 119-124 --- Record: 26-15  

Tough schedule loss.  Out gunned by Cade and Beasley.  Third quarter woes continue.  KATs thumb in bad shape.
___ 
Game 40 --- MIL W 140-106 --- Record: 26-14  

Back again!  Jalen drops 44 in blow-out.
___ 
Game 39 --- OKC L 101-126 --- Record: 25-14  

Damn.  The ‘Fire Thibs’ contingent returns.  0pts from Bridges (and frequent reminders about how many picks he was traded for).
___ 
Game 38 --- TOR W 112-98 --- Record: 25-13  

We are so back.  Thibs unleashes the bench.
___ 
Game 37 --- ORL L 94-103 --- Record: 24-13  

Low energy game vs an Orlando team, playing without their best players, on the second night of a B2B (where they lost to a bottom 5 team).
___ 
Game 36 --- CHI L 126-139 --- Record: 24-12  

Schedule loss.  KAT limps off after monster fourth.  Tough night.
___ 
Game 35 --- OKC L 107-117 --- Record: 24-11  

Can’t be that mad.  Lost the streak in the 4th to another contender.  Played well.  Probably game of the year.  
___ 
Game 34 --- UTA W 119-103 --- Record: 24-10  

Streak up to nine🔥 on Josh’s triple-double.
___ 
Game 33 --- WAS W 126-106 --- Record: 23-10  

Streak up to eight🔥 on Josh’s triple-double.
___ 
Game 32 --- WAS W 136-132 (OT) --- Record: 22-10  

Worst win is better than the worst loss.  JB drops 55 to extend the streaks to seven 🔥.
___ 
Game 31 --- ORL W 108-85 --- Record: 21-10  

Knicks keep Magic to 31 in dominant second half.  Doomers all but converted as win streak reaches six.
___ 
Game 30 --- SAS W 117-114 --- Record: 20-10  

Bridges saves Christmas with a monster 41-pointer!  
___ 
Game 29 --- TOR W 139-125 --- Record: 19-10  

Feel good win.  OG dominating his old team.  
___ 
Game 28 --- NOP W 104-93 --- Record: 18-10  

Thrilling comeback on JB 🔥 monster second half shooting clinic.  
___ 
Game 27 --- MIN W 133-107 --- Record: 17-10  

Heart warming KAT tribute followed by 32/20 blow-out.  Big win Leon Rose.  
___ 
Game 26 --- ORL W 100-91 --- Record: 16-10  

Satisfying much needed bounce back win vs zombie Magic.
___ 
Game 25 --- ATL L 100-108 --- Record: 15-10  

Screwed out of the NBA cup by the refs!  But also out hustled.  Painful loss to you know who.  
___ 
Game 24 --- TOR W 113-108 --- Record: 15-9  

Get hyped! OG blocks RJ.  KAT hits the dagger for NEW YORK.  
___ 
Game 23 --- DET L 111-120 --- Record: 14-9  

💩 Stinker from start to end without KAT.  
___ 
Game 22 --- CHA W 125-101 --- Record: 14-8  

Immaculate vibes on Precious return!  A full quarter of garbage time (featuring Bridges).
___ 
Game 21 --- ORL W 121-106 --- Record: 13-8  

Elite offensive beats elite defense.  Bring on the NBA cup!
___ 
Game 20 --- NOP W 118-85 --- Record: 12-8  

Mikal Redemption!  I will hereby respect Mikal Bridges and I will NOT talk down on the future first-ballot hall of famer.
___ 
Game 19 --- CHA W 99-98 --- Record: 11-8  

Fugly win but a win.
___ 
Game 18 --- DAL L 114-129 --- Record: 10-8  

When it’s bad it’s AWFUL.  Unserious first half @ 11% from 3.  Mavs dominate without Luka or Klay.
___ 
Game 17 --- DEN W 145-118 --- Record: 10-7  

Satisfying win against a very good team.  Congrats OG on first career 40!
___ 
Game 16 --- UTA L 106-121 --- Record: 9-7  

Disappointing loss to the worst team in the NBA.
___ 
Game 15 --- PHX W 138-122 --- Record: 9-6  

Worth staying up late for Brunson/Towns double-30pt-double-doubles.  Win streak continues.
___ 
Game 14 --- WAS W 134-106 --- Record: 8-6  

Easy blowout.  Looking damn good.
___ 
Game 13 --- BKN W 114-104 --- Record: 7-6  

OVER 500!!!
___ 
Game 12 --- BKN W 124-122 --- Record: 6-6  

Relieved Jalen and Mikal come through in the end.  OG vs scumbag DFS.  Satisfying Hukporti minutes (finally).  
___ 
Game 11 --- CHI L 123-124 --- Record: 5-6  

Depression turns to hope turns to Hartbreak.  Disappointing loss after KAT erases a 20-point deficit.  
___
Game 10 --- PHI W 111-99 --- Record: 5-5  

Satisfying win.  Over the Sixers.  Time to start the OG All-Star propaganda.
___
Game 09 --- IND L 121-132 --- Record: 4-5  

Exhausted.  Brutal 4th quarter collapse.  
___ 
Game 08 --- MIL W 116-94 --- Record: 4-4  

Winning and grinning.  Nice comfortable win.  Doc on fraud alert 🚨.
___ 
Game 07 --- ATL L 116-121 --- Record: 3-4  
🧂🧂🧂
___ 
Game 06 --- HOU L 97-109 --- Record: 3-3  

Disappointed.  Hero ball fail.  Bench didn’t show up.  
___ 
Game 05 --- DET W 128-98 --- Record: 3-2  

Feeling pretty damn good.  This is the team we were expecting.  Thibs don’t ever change.  
___
Game 04 --- MIA W 116-107 --- Record: 2-2  

The KAT game - 44pts.  
___
Game 03 --- CLE L 110-104 --- Record: 1-2  

Towns and Brunson 1-5 from three.  Not each.  Combined.
___
Game 02 --- IND W 123-98 --- Record: 1-1  

Bridges and KAT doubters are real quiet right now.  Almost as quiet as Haliburton at MSG.

___
Game 01 --- BOS L 109-132 --- Record: 0-1  

Nobody hits 30 threes on the Knicks!  Deuce for 6 moty."
72,"Tom Thibodeau calls Alec Burks ""the ultimate pro"" ""I'm not surprised. He's had a terrific career and I think he's got a lot left in the tank.""",
73,What Moves do the Knicks make?,"We checked in for Clint Capela, Jalen Duren, Walker Kessler and god knows who else.

What other moves are we making? Are we signing Precious? Are we trading for somebody?

Or is there a big move nobody knows about because the FO hasn't leaked anything about their plans? Nobody knew what we were doing this FA. Signing Cam Payne, trading for Mikal Bridges etc.

What do you think we're doing?

IN LEON ROSE WE TRUST!"
74,Vote early and often people ,
75,Knicks Fanbase Mood Journal 2024-2025,"Game 55 --- CHI W 113-111(OT) --- Record: 37-18  

A WIN IS A WIN.  Bridges blocks gets to OT and Towns seals it.  First win of the season vs the Bulls.  
——  
ALL-STAR (KAT/JB) BREAK
___ 
Game 54 --- ATL W 149-148(OT) --- Record: 36-18  

Knicks survive a blown 6-point lead with 10 seconds left.  Jalen hits the winner over Daniels.  KAT with back-to-back 40-point games.
___ 
Game 53 --- IND W 128-115 --- Record: 35-18  

KAT (40-point double-double) and Josh (30-point double-double) dominate the Pacers with monster games.  
___ 
Game 52 --- BOS L 104-131 --- Record: 34-18  

Damn.  Celtics drop a shit ton of threes again.  Need OG and Mitchell back.
___ 
Game 51 --- TOR W 121-115--- Record: 34-17  

Another big-balls clutch win.  Brunson closes in the fourth to take the back-to-back.
___ 
Game 50 --- HOU W 124-118 --- Record: 33-17  

KNICKS COME BACK FROM DOWN 11 IN THE 4TH!  Brunson drops 40.  Knicks grind out a big-balls win shooting 23% from 3.
___ 
Game 49 --- LAL L 112-128 --- Record: 32-17  

Tough loss.  Josh with another triple double.  Prayers with OG.  
___ 
Game 48 --- DEN W 122-112 --- Record: 32-16  

Five in a row on Brunson’s 30 against a very good Nuggets team.  Clutch fourth quarter.  
___ 
Game 47 --- MEM W 143-106 --- Record: 31-16  

Best win of the season.  Knicks blow out a top contender with a defensive clinic and multiple posters.  
___ 
Game 46 --- SAC W 143-120 --- Record: 30-16  

We chillin.  Rested Knicks blow out the Kings.  Hart with a triple-double and a message to the minutes police, “relax”.
___ 
Game 45 --- BKN W 99-95 --- Record: 29-16  

Knicks win UGLY in Brooklyn on a SEGABABA.
___ 
Game 44 --- ATL W 119-110 --- Record: 28-16  

LFG Towns returns! Knicks back on track.  JB drops 34 on 12/18.
___ 
Game 43 --- MIN L 99-116 --- Record: 27-16  

Knicks can’t get stops in the fourth.  Min shoots 55% from three.  KAT out and Josh hurt.
___ 
Game 42 --- PHI W 125-119 (OT) --- Record: 27-15  

Knicks win in OT led by Brunson and OG!  Another rough third quarter.  Another Hart triple-double.
___ 
Game 41 --- DET L 119-124 --- Record: 26-15  

Tough schedule loss.  Out gunned by Cade and Beasley.  Third quarter woes continue.  KATs thumb in bad shape.
___ 
Game 40 --- MIL W 140-106 --- Record: 26-14  

Back again!  Jalen drops 44 in blow-out.
___ 
Game 39 --- OKC L 101-126 --- Record: 25-14  

Damn.  The ‘Fire Thibs’ contingent returns.  0pts from Bridges (and frequent reminders about how many picks he was traded for).
___ 
Game 38 --- TOR W 112-98 --- Record: 25-13  

We are so back.  Thibs unleashes the bench.
___ 
Game 37 --- ORL L 94-103 --- Record: 24-13  

Low energy game vs an Orlando team, playing without their best players, on the second night of a B2B (where they lost to a bottom 5 team).
___ 
Game 36 --- CHI L 126-139 --- Record: 24-12  

Schedule loss.  KAT limps off after monster fourth.  Tough night.
___ 
Game 35 --- OKC L 107-117 --- Record: 24-11  

Can’t be that mad.  Lost the streak in the 4th to another contender.  Played well.  Probably game of the year.  
___ 
Game 34 --- UTA W 119-103 --- Record: 24-10  

Streak up to nine🔥 on Josh’s triple-double.
___ 
Game 33 --- WAS W 126-106 --- Record: 23-10  

Streak up to eight🔥 on Josh’s triple-double.
___ 
Game 32 --- WAS W 136-132 (OT) --- Record: 22-10  

Worst win is better than the worst loss.  JB drops 55 to extend the streaks to seven 🔥.
___ 
Game 31 --- ORL W 108-85 --- Record: 21-10  

Knicks keep Magic to 31 in dominant second half.  Doomers all but converted as win streak reaches six.
___ 
Game 30 --- SAS W 117-114 --- Record: 20-10  

Bridges saves Christmas with a monster 41-pointer!  
___ 
Game 29 --- TOR W 139-125 --- Record: 19-10  

Feel good win.  OG dominating his old team.  
___ 
Game 28 --- NOP W 104-93 --- Record: 18-10  

Thrilling comeback on JB 🔥 monster second half shooting clinic.  
___ 
Game 27 --- MIN W 133-107 --- Record: 17-10  

Heart warming KAT tribute followed by 32/20 blow-out.  Big win Leon Rose.  
___ 
Game 26 --- ORL W 100-91 --- Record: 16-10  

Satisfying much needed bounce back win vs zombie Magic.
___ 
Game 25 --- ATL L 100-108 --- Record: 15-10  

Screwed out of the NBA cup by the refs!  But also out hustled.  Painful loss to you know who.  
___ 
Game 24 --- TOR W 113-108 --- Record: 15-9  

Get hyped! OG blocks RJ.  KAT hits the dagger for NEW YORK.  
___ 
Game 23 --- DET L 111-120 --- Record: 14-9  

💩 Stinker from start to end without KAT.  
___ 
Game 22 --- CHA W 125-101 --- Record: 14-8  

Immaculate vibes on Precious return!  A full quarter of garbage time (featuring Bridges).
___ 
Game 21 --- ORL W 121-106 --- Record: 13-8  

Elite offensive beats elite defense.  Bring on the NBA cup!
___ 
Game 20 --- NOP W 118-85 --- Record: 12-8  

Mikal Redemption!  I will hereby respect Mikal Bridges and I will NOT talk down on the future first-ballot hall of famer.
___ 
Game 19 --- CHA W 99-98 --- Record: 11-8  

Fugly win but a win.
___ 
Game 18 --- DAL L 114-129 --- Record: 10-8  

When it’s bad it’s AWFUL.  Unserious first half @ 11% from 3.  Mavs dominate without Luka or Klay.
___ 
Game 17 --- DEN W 145-118 --- Record: 10-7  

Satisfying win against a very good team.  Congrats OG on first career 40!
___ 
Game 16 --- UTA L 106-121 --- Record: 9-7  

Disappointing loss to the worst team in the NBA.
___ 
Game 15 --- PHX W 138-122 --- Record: 9-6  

Worth staying up late for Brunson/Towns double-30pt-double-doubles.  Win streak continues.
___ 
Game 14 --- WAS W 134-106 --- Record: 8-6  

Easy blowout.  Looking damn good.
___ 
Game 13 --- BKN W 114-104 --- Record: 7-6  

OVER 500!!!
___ 
Game 12 --- BKN W 124-122 --- Record: 6-6  

Relieved Jalen and Mikal come through in the end.  OG vs scumbag DFS.  Satisfying Hukporti minutes (finally).  
___ 
Game 11 --- CHI L 123-124 --- Record: 5-6  

Depression turns to hope turns to Hartbreak.  Disappointing loss after KAT erases a 20-point deficit.  
___
Game 10 --- PHI W 111-99 --- Record: 5-5  

Satisfying win.  Over the Sixers.  Time to start the OG All-Star propaganda.
___
Game 09 --- IND L 121-132 --- Record: 4-5  

Exhausted.  Brutal 4th quarter collapse.  
___ 
Game 08 --- MIL W 116-94 --- Record: 4-4  

Winning and grinning.  Nice comfortable win.  Doc on fraud alert 🚨.
___ 
Game 07 --- ATL L 116-121 --- Record: 3-4  
🧂🧂🧂
___ 
Game 06 --- HOU L 97-109 --- Record: 3-3  

Disappointed.  Hero ball fail.  Bench didn’t show up.  
___ 
Game 05 --- DET W 128-98 --- Record: 3-2  

Feeling pretty damn good.  This is the team we were expecting.  Thibs don’t ever change.  
___
Game 04 --- MIA W 116-107 --- Record: 2-2  

The KAT game - 44pts.  
___
Game 03 --- CLE L 110-104 --- Record: 1-2  

Towns and Brunson 1-5 from three.  Not each.  Combined.
___
Game 02 --- IND W 123-98 --- Record: 1-1  

Bridges and KAT doubters are real quiet right now.  Almost as quiet as Haliburton at MSG.

___
Game 01 --- BOS L 109-132 --- Record: 0-1  

Nobody hits 30 threes on the Knicks!  Deuce for 6 moty."
76,"we ended with a player worse than sims, oh well",
77,"Props to our front office, player development and scouting personelle. They have been been unreal over the last few years.","somehow went from...

Center - upgraded from KP to KAT

PF - upgraded from Julius Randle\* (albeit still hurts) to OG

SF - upgraded from RJ Barrett\* (abeit still hurts) to Mikal Bridges(!!!)

SG - upgraded from... Elfrid Payton/Evan Fournier/Alec Burks/IQ\* to Josh Hart

PG - DRose\* to JALEN BRUNSON!

\* - still hurts  
Props to, and i cant believe i'm typing this, James Dolan for making the following smart hires;

Leon Rose, Wes, and Thibs!"
78,"Daily Discussion Thread - October 06, 2024",Daily discussion thread for Knicks fans.
79,"2024 NBA DRAFT PLAYER PROFILE: Devin Carter, Providence","**Position:** G

**Age on draft night:** 22.3

**Height:** 6 ft 3 in

**Wingspan:** 6 ft 9 in

**Weight:** 195 lbs

**The Sales Pitch:** Devin Carter is a combo guard who rebounds like a forward, has range beyond the 3-point line, a boundless motor, and truly explosive athleticism. He’s a top defender in this class as well. A two-way scoring guard with dawg-like tendencies and athleticism is a recipe that has worked for the Knicks multiple times already, so why not go back to the well if you’re Leon Rose?

**Questions about their projection:** If Devin can’t be a lead ball-handler, he’d be an undersized 2-guard, always a dicey proposition. Additionally, this is his first year as a knockdown shooter off the catch (still a work in progress off the bounce), and his first year as an NBA-level scorer, so picking Carter is also a bet that his awkward but effective rim forays and slightly funky shot will continue being effective vs. pros.

**Important Stats:**

* 19.7 points/8.7 rebounds/3.6 assists/1.8 steals/one block on 47/38/75 splits. Pretty insane counting stats
* 60 TS%
* BPM of 12.3 – an incredible number
* 2.9 STL% 2.8 BLK%, great for a 6-3 player.
* Defensive rebound percentage (DRB%) of 24%, insane for a guard.
* 40% on C&S jump shots
* 66% at the rim
* 89th percentile efficiency as a pick-and-roll ball handler
* 25 dunks

✍️ [Prezidente](https://x.com/_prezidente) of The Strickland  
🔗 [More profiles of names projected in Carter's range](https://www.thestrick.land/strick/the-stricklands-2024-nba-draft-profiles-part-1-the-potential-steals)"
80,Knicks Fanbase Mood Journal 2024-2025,"Game 63 --- LAC 95-105 --- Record: 40-23  

Demoralized.  4Q Struggles continue.  Really coulda used Jalen today.  
___ 
Game 62 --- LAL L 109-113(OT) --- Record: 40-22  

Big loss.  Another fourth quarter collapse.  Brunson rolls his ankle in OT.  
___ 
Game 61 --- GSW L 102-114 --- Record: 40-21  

Fourth quarter clusterfuck.  
___ 
Game 60 --- MIA W 116-112(OT) --- Record: 40-20  

Ridiculous comeback win with captain clutch leading in the fourth.  2-0 in the Mitch era.  
___ 
Game 59 --- MEM W 114-13 --- Record: 39-20  

PSYCHED for another satisfying win.  OG “I am smiling” as he hits the winner.  Undefeated with Mitch back.  
___ 
Game 58 --- PHI W 110-105 --- Record: 38-20  

Relieved.  Brunson hits the dagger in Maxey’s face.  Gutsy win on a 9-0 closing run.
___ 
Game 57 --- BOS L 105-118 --- Record: 37-20  

Demoralized Twenty losses before forty wins.  
___ 
Game 56 --- CLE L 105-142 --- Record: 37-19  

Wow.  Disheartening ass whipping.  Struggles to defend the three are serious.  
___ 
Game 55 --- CHI W 113-111(OT) --- Record: 37-18  

A WIN IS A WIN.  Bridges blocks gets to OT and Towns seals it.  First win of the season vs the Bulls.
___ 
ALL-STAR (KAT/JB) BREAK
___ 
Game 54 --- ATL W 149-148(OT) --- Record: 36-18  

Knicks survive a blown 6-point lead with 10 seconds left.  Jalen hits the winner over Daniels.  KAT with back-to-back 40-point games.
___ 
Game 53 --- IND W 128-115 --- Record: 35-18  

KAT (40-point double-double) and Josh (30-point double-double) dominate the Pacers with monster games.  
___ 
Game 52 --- BOS L 104-131 --- Record: 34-18  

Damn.  Celtics drop a shit ton of threes again.  Need OG and Mitchell back.
___ 
Game 51 --- TOR W 121-115--- Record: 34-17  

Another big-balls clutch win.  Brunson closes in the fourth to take the back-to-back.
___ 
Game 50 --- HOU W 124-118 --- Record: 33-17  

KNICKS COME BACK FROM DOWN 11 IN THE 4TH!  Brunson drops 40.  Knicks grind out a big-balls win shooting 23% from 3.
___ 
Game 49 --- LAL L 112-128 --- Record: 32-17  

Tough loss.  Josh with another triple double.  Prayers with OG.  
___ 
Game 48 --- DEN W 122-112 --- Record: 32-16  

Five in a row on Brunson’s 30 against a very good Nuggets team.  Clutch fourth quarter.  
___ 
Game 47 --- MEM W 143-106 --- Record: 31-16  

Best win of the season.  Knicks blow out a top contender with a defensive clinic and multiple posters.  
___ 
Game 46 --- SAC W 143-120 --- Record: 30-16  

We chillin.  Rested Knicks blow out the Kings.  Hart with a triple-double and a message to the minutes police, “relax”.
___ 
Game 45 --- BKN W 99-95 --- Record: 29-16  

Knicks win UGLY in Brooklyn on a SEGABABA.
___ 
Game 44 --- ATL W 119-110 --- Record: 28-16  

LFG Towns returns! Knicks back on track.  JB drops 34 on 12/18.
___ 
Game 43 --- MIN L 99-116 --- Record: 27-16  

Knicks can’t get stops in the fourth.  Min shoots 55% from three.  KAT out and Josh hurt.
___ 
Game 42 --- PHI W 125-119 (OT) --- Record: 27-15  

Knicks win in OT led by Brunson and OG!  Another rough third quarter.  Another Hart triple-double.
___ 
Game 41 --- DET L 119-124 --- Record: 26-15  

Tough schedule loss.  Out gunned by Cade and Beasley.  Third quarter woes continue.  KATs thumb in bad shape.
___ 
Game 40 --- MIL W 140-106 --- Record: 26-14  

Back again!  Jalen drops 44 in blow-out.
___ 
Game 39 --- OKC L 101-126 --- Record: 25-14  

Damn.  The ‘Fire Thibs’ contingent returns.  0pts from Bridges (and frequent reminders about how many picks he was traded for).
___ 
Game 38 --- TOR W 112-98 --- Record: 25-13  

We are so back.  Thibs unleashes the bench.
___ 
Game 37 --- ORL L 94-103 --- Record: 24-13  

Low energy game vs an Orlando team, playing without their best players, on the second night of a B2B (where they lost to a bottom 5 team).
___ 
Game 36 --- CHI L 126-139 --- Record: 24-12  

Schedule loss.  KAT limps off after monster fourth.  Tough night.
___ 
Game 35 --- OKC L 107-117 --- Record: 24-11  

Can’t be that mad.  Lost the streak in the 4th to another contender.  Played well.  Probably game of the year.  
___ 
Game 34 --- UTA W 119-103 --- Record: 24-10  

Streak up to nine🔥 on Josh’s triple-double.
___ 
Game 33 --- WAS W 126-106 --- Record: 23-10  

Streak up to eight🔥 on Josh’s triple-double.
___ 
Game 32 --- WAS W 136-132 (OT) --- Record: 22-10  

Worst win is better than the worst loss.  JB drops 55 to extend the streaks to seven 🔥.
___ 
Game 31 --- ORL W 108-85 --- Record: 21-10  

Knicks keep Magic to 31 in dominant second half.  Doomers all but converted as win streak reaches six.
___ 
Game 30 --- SAS W 117-114 --- Record: 20-10  

Bridges saves Christmas with a monster 41-pointer!  
___ 
Game 29 --- TOR W 139-125 --- Record: 19-10  

Feel good win.  OG dominating his old team.  
___ 
Game 28 --- NOP W 104-93 --- Record: 18-10  

Thrilling comeback on JB 🔥 monster second half shooting clinic.  
___ 
Game 27 --- MIN W 133-107 --- Record: 17-10  

Heart warming KAT tribute followed by 32/20 blow-out.  Big win Leon Rose.  
___ 
Game 26 --- ORL W 100-91 --- Record: 16-10  

Satisfying much needed bounce back win vs zombie Magic.
___ 
Game 25 --- ATL L 100-108 --- Record: 15-10  

Screwed out of the NBA cup by the refs!  But also out hustled.  Painful loss to you know who.  
___ 
Game 24 --- TOR W 113-108 --- Record: 15-9  

Get hyped! OG blocks RJ.  KAT hits the dagger for NEW YORK.  
___ 
Game 23 --- DET L 111-120 --- Record: 14-9  

💩 Stinker from start to end without KAT.  
___ 
Game 22 --- CHA W 125-101 --- Record: 14-8  

Immaculate vibes on Precious return!  A full quarter of garbage time (featuring Bridges).
___ 
Game 21 --- ORL W 121-106 --- Record: 13-8  

Elite offensive beats elite defense.  Bring on the NBA cup!
___ 
Game 20 --- NOP W 118-85 --- Record: 12-8  

Mikal Redemption!  I will hereby respect Mikal Bridges and I will NOT talk down on the future first-ballot hall of famer.
___ 
Game 19 --- CHA W 99-98 --- Record: 11-8  

Fugly win but a win.
___ 
Game 18 --- DAL L 114-129 --- Record: 10-8  

When it’s bad it’s AWFUL.  Unserious first half @ 11% from 3.  Mavs dominate without Luka or Klay.
___ 
Game 17 --- DEN W 145-118 --- Record: 10-7  

Satisfying win against a very good team.  Congrats OG on first career 40!
___ 
Game 16 --- UTA L 106-121 --- Record: 9-7  

Disappointing loss to the worst team in the NBA.
___ 
Game 15 --- PHX W 138-122 --- Record: 9-6  

Worth staying up late for Brunson/Towns double-30pt-double-doubles.  Win streak continues.
___ 
Game 14 --- WAS W 134-106 --- Record: 8-6  

Easy blowout.  Looking damn good.
___ 
Game 13 --- BKN W 114-104 --- Record: 7-6  

OVER 500!!!
___ 
Game 12 --- BKN W 124-122 --- Record: 6-6  

Relieved Jalen and Mikal come through in the end.  OG vs scumbag DFS.  Satisfying Hukporti minutes (finally).  
___ 
Game 11 --- CHI L 123-124 --- Record: 5-6  

Depression turns to hope turns to Hartbreak.  Disappointing loss after KAT erases a 20-point deficit.  
___
Game 10 --- PHI W 111-99 --- Record: 5-5  

Satisfying win.  Over the Sixers.  Time to start the OG All-Star propaganda.
___
Game 09 --- IND L 121-132 --- Record: 4-5  

Exhausted.  Brutal 4th quarter collapse.  
___ 
Game 08 --- MIL W 116-94 --- Record: 4-4  

Winning and grinning.  Nice comfortable win.  Doc on fraud alert 🚨.
___ 
Game 07 --- ATL L 116-121 --- Record: 3-4  
🧂🧂🧂
___ 
Game 06 --- HOU L 97-109 --- Record: 3-3  

Disappointed.  Hero ball fail.  Bench didn’t show up.  
___ 
Game 05 --- DET W 128-98 --- Record: 3-2  

Feeling pretty damn good.  This is the team we were expecting.  Thibs don’t ever change.  
___
Game 04 --- MIA W 116-107 --- Record: 2-2  

The KAT game - 44pts.  
___
Game 03 --- CLE L 110-104 --- Record: 1-2  

Towns and Brunson 1-5 from three.  Not each.  Combined.
___
Game 02 --- IND W 123-98 --- Record: 1-1  

Bridges and KAT doubters are real quiet right now.  Almost as quiet as Haliburton at MSG.

___
Game 01 --- BOS L 109-132 --- Record: 0-1  

Nobody hits 30 threes on the Knicks!  Deuce for 6 moty."
81,Knicks Fanbase Mood Journal 2024-2025,"Game 40 --- MIL W 140-106 --- Record: 26-14  

Back again!  Never in doubt.  Bench showed up.
___ 
Game 39 --- OKC L 101-126 --- Record: 25-14  

Damn.  The ‘Fire Thibs’ contingent returns.  0pts from Bridges (and frequent reminders about how many picks he was traded for).
___ 
Game 38 --- TOR W 112-98 --- Record: 25-13  

We are so back.  Thibs unleashes the bench.
___ 
Game 37 --- ORL L 94-103 --- Record: 24-13  

Low energy game vs an Orlando team, playing without their best players, on the second night of a B2B (where they lost to a bottom 5 team).
___ 
Game 36 --- CHI L 126-139 --- Record: 24-12  

Schedule loss.  KAT limps off after monster fourth.  Tough night.
___ 
Game 35 --- OKC L 107-117 --- Record: 24-11  

Can’t be that mad.  Lost the streak in the 4th to another contender.  Played well.  Probably game of the year.  
___ 
Game 34 --- UTA W 119-103 --- Record: 24-10  

Streak up to nine🔥 on Josh’s triple-double.
___ 
Game 33 --- WAS W 126-106 --- Record: 23-10  

Streak up to eight🔥 on Josh’s triple-double.
___ 
Game 32 --- WAS W 136-132 (OT) --- Record: 22-10  

Worst win is better than the worst loss.  JB drops 55 to extend the streaks to seven 🔥.
___ 
Game 31 --- ORL W 108-85 --- Record: 21-10  

Knicks keep Magic to 31 in dominant second half.  Doomers all but converted as win streak reaches six.
___ 
Game 30 --- SAS W 117-114 --- Record: 20-10  

Bridges saves Christmas with a monster 41-pointer!  
___ 
Game 29 --- TOR W 139-125 --- Record: 19-10  

Feel good win.  OG dominating his old team.  
___ 
Game 28 --- NOP W 104-93 --- Record: 18-10  

Thrilling comeback on JB 🔥 monster second half shooting clinic.  
___ 
Game 27 --- MIN W 133-107 --- Record: 17-10  

Heart warming KAT tribute followed by 32/20 blow-out.  Big win Leon Rose.  
___ 
Game 26 --- ORL W 100-91 --- Record: 16-10  

Satisfying much needed bounce back win vs zombie Magic.
___ 
Game 25 --- ATL L 100-108 --- Record: 15-10  

Screwed out of the NBA cup by the refs!  But also out hustled.  Painful loss to you know who.  
___ 
Game 24 --- TOR W 113-108 --- Record: 15-9  

Get hyped! OG blocks RJ.  KAT hits the dagger for NEW YORK.  
___ 
Game 23 --- DET L 111-120 --- Record: 14-9  

💩 Stinker from start to end without KAT.  
___ 
Game 22 --- CHA W 125-101 --- Record: 14-8  

Immaculate vibes on Precious return!  A full quarter of garbage time (featuring Bridges).
___ 
Game 21 --- ORL W 121-106 --- Record: 13-8  

Elite offensive beats elite defense.  Bring on the NBA cup!
___ 
Game 20 --- NOP W 118-85 --- Record: 12-8  

Mikal Redemption!  I will hereby respect Mikal Bridges and I will NOT talk down on the future first-ballot hall of famer.
___ 
Game 19 --- CHA W 99-98 --- Record: 11-8  

Fugly win but a win.
___ 
Game 18 --- DAL L 114-129 --- Record: 10-8  

When it’s bad it’s AWFUL.  Unserious first half @ 11% from 3.  Mavs dominate without Luka or Klay.
___ 
Game 17 --- DEN W 145-118 --- Record: 10-7  

Satisfying win against a very good team.  Congrats OG on first career 40!
___ 
Game 16 --- UTA L 106-121 --- Record: 9-7  

Disappointing loss to the worst team in the NBA.
___ 
Game 15 --- PHX W 138-122 --- Record: 9-6  

Worth staying up late for Brunson/Towns double-30pt-double-doubles.  Win streak continues.
___ 
Game 14 --- WAS W 134-106 --- Record: 8-6  

Easy blowout.  Looking damn good.
___ 
Game 13 --- BKN W 114-104 --- Record: 7-6  

OVER 500!!!
___ 
Game 12 --- BKN W 124-122 --- Record: 6-6  

Relieved Jalen and Mikal come through in the end.  OG vs scumbag DFS.  Satisfying Hukporti minutes (finally).  
___ 
Game 11 --- CHI L 123-124 --- Record: 5-6  

Depression turns to hope turns to Hartbreak.  Disappointing loss after KAT erases a 20-point deficit.  
___
Game 10 --- PHI W 111-99 --- Record: 5-5  

Satisfying win.  Over the Sixers.  Time to start the OG All-Star propaganda.
___
Game 09 --- IND L 121-132 --- Record: 4-5  

Exhausted.  Brutal 4th quarter collapse.  
___ 
Game 08 --- MIL W 116-94 --- Record: 4-4  

Winning and grinning.  Nice comfortable win.  Doc on fraud alert 🚨.
___ 
Game 07 --- ATL L 116-121 --- Record: 3-4  
🧂🧂🧂
___ 
Game 06 --- HOU L 97-109 --- Record: 3-3  

Disappointed.  Hero ball fail.  Bench didn’t show up.  
___ 
Game 05 --- DET W 128-98 --- Record: 3-2  

Feeling pretty damn good.  This is the team we were expecting.  Thibs don’t ever change.  
___
Game 04 --- MIA W 116-107 --- Record: 2-2  

The KAT game - 44pts.  
___
Game 03 --- CLE L 110-104 --- Record: 1-2  

Towns and Brunson 1-5 from three.  Not each.  Combined.
___
Game 02 --- IND W 123-98 --- Record: 1-1  

Bridges and KAT doubters are real quiet right now.  Almost as quiet as Haliburton at MSG.

___
Game 01 --- BOS L 109-132 --- Record: 0-1  

Nobody hits 30 threes on the Knicks!  Deuce for 6 moty."
82,Knicks Fanbase Mood Journal 2024-2025,"Game 65 --- POR W 114-113 (OT)--- Record: 42-23  

Bridges buzzer beater in OT!!!  Last 10pm games Lfg!!!
___ 
Game 64 --- SAC W 133-104 --- Record: 41-23  

Back to winning after a break.  Complete game  and blowout victory.
___ 
Game 63 --- LAC L 95-105 --- Record: 40-23  

Demoralized.  4Q Struggles continue.  Really coulda used Jalen today.  
___ 
Game 62 --- LAL L 109-113(OT) --- Record: 40-22  

Big loss.  Another fourth quarter collapse.  Brunson rolls his ankle in OT.  
___ 
Game 61 --- GSW L 102-114 --- Record: 40-21  

Fourth quarter clusterfuck.  
___ 
Game 60 --- MIA W 116-112(OT) --- Record: 40-20  

Ridiculous comeback win with captain clutch leading in the fourth.  2-0 in the Mitch era.  
___ 
Game 59 --- MEM W 114-13 --- Record: 39-20  

PSYCHED for another satisfying win.  OG “I am smiling” as he hits the winner.  Undefeated with Mitch back.  
___ 
Game 58 --- PHI W 110-105 --- Record: 38-20  

Relieved.  Brunson hits the dagger in Maxey’s face.  Gutsy win on a 9-0 closing run.
___ 
Game 57 --- BOS L 105-118 --- Record: 37-20  

Demoralized Twenty losses before forty wins.  
___ 
Game 56 --- CLE L 105-142 --- Record: 37-19  

Wow.  Disheartening ass whipping.  Struggles to defend the three are serious.  
___ 
Game 55 --- CHI W 113-111(OT) --- Record: 37-18  

A WIN IS A WIN.  Bridges blocks gets to OT and Towns seals it.  First win of the season vs the Bulls.
___ 
ALL-STAR (KAT/JB) BREAK
___ 
Game 54 --- ATL W 149-148(OT) --- Record: 36-18  

Knicks survive a blown 6-point lead with 10 seconds left.  Jalen hits the winner over Daniels.  KAT with back-to-back 40-point games.
___ 
Game 53 --- IND W 128-115 --- Record: 35-18  

KAT (40-point double-double) and Josh (30-point double-double) dominate the Pacers with monster games.  
___ 
Game 52 --- BOS L 104-131 --- Record: 34-18  

Damn.  Celtics drop a shit ton of threes again.  Need OG and Mitchell back.
___ 
Game 51 --- TOR W 121-115--- Record: 34-17  

Another big-balls clutch win.  Brunson closes in the fourth to take the back-to-back.
___ 
Game 50 --- HOU W 124-118 --- Record: 33-17  

KNICKS COME BACK FROM DOWN 11 IN THE 4TH!  Brunson drops 40.  Knicks grind out a big-balls win shooting 23% from 3.
___ 
Game 49 --- LAL L 112-128 --- Record: 32-17  

Tough loss.  Josh with another triple double.  Prayers with OG.  
___ 
Game 48 --- DEN W 122-112 --- Record: 32-16  

Five in a row on Brunson’s 30 against a very good Nuggets team.  Clutch fourth quarter.  
___ 
Game 47 --- MEM W 143-106 --- Record: 31-16  

Best win of the season.  Knicks blow out a top contender with a defensive clinic and multiple posters.  
___ 
Game 46 --- SAC W 143-120 --- Record: 30-16  

We chillin.  Rested Knicks blow out the Kings.  Hart with a triple-double and a message to the minutes police, “relax”.
___ 
Game 45 --- BKN W 99-95 --- Record: 29-16  

Knicks win UGLY in Brooklyn on a SEGABABA.
___ 
Game 44 --- ATL W 119-110 --- Record: 28-16  

LFG Towns returns! Knicks back on track.  JB drops 34 on 12/18.
___ 
Game 43 --- MIN L 99-116 --- Record: 27-16  

Knicks can’t get stops in the fourth.  Min shoots 55% from three.  KAT out and Josh hurt.
___ 
Game 42 --- PHI W 125-119 (OT) --- Record: 27-15  

Knicks win in OT led by Brunson and OG!  Another rough third quarter.  Another Hart triple-double.
___ 
Game 41 --- DET L 119-124 --- Record: 26-15  

Tough schedule loss.  Out gunned by Cade and Beasley.  Third quarter woes continue.  KATs thumb in bad shape.
___ 
Game 40 --- MIL W 140-106 --- Record: 26-14  

Back again!  Jalen drops 44 in blow-out.
___ 
Game 39 --- OKC L 101-126 --- Record: 25-14  

Damn.  The ‘Fire Thibs’ contingent returns.  0pts from Bridges (and frequent reminders about how many picks he was traded for).
___ 
Game 38 --- TOR W 112-98 --- Record: 25-13  

We are so back.  Thibs unleashes the bench.
___ 
Game 37 --- ORL L 94-103 --- Record: 24-13  

Low energy game vs an Orlando team, playing without their best players, on the second night of a B2B (where they lost to a bottom 5 team).
___ 
Game 36 --- CHI L 126-139 --- Record: 24-12  

Schedule loss.  KAT limps off after monster fourth.  Tough night.
___ 
Game 35 --- OKC L 107-117 --- Record: 24-11  

Can’t be that mad.  Lost the streak in the 4th to another contender.  Played well.  Probably game of the year.  
___ 
Game 34 --- UTA W 119-103 --- Record: 24-10  

Streak up to nine🔥 on Josh’s triple-double.
___ 
Game 33 --- WAS W 126-106 --- Record: 23-10  

Streak up to eight🔥 on Josh’s triple-double.
___ 
Game 32 --- WAS W 136-132 (OT) --- Record: 22-10  

Worst win is better than the worst loss.  JB drops 55 to extend the streaks to seven 🔥.
___ 
Game 31 --- ORL W 108-85 --- Record: 21-10  

Knicks keep Magic to 31 in dominant second half.  Doomers all but converted as win streak reaches six.
___ 
Game 30 --- SAS W 117-114 --- Record: 20-10  

Bridges saves Christmas with a monster 41-pointer!  
___ 
Game 29 --- TOR W 139-125 --- Record: 19-10  

Feel good win.  OG dominating his old team.  
___ 
Game 28 --- NOP W 104-93 --- Record: 18-10  

Thrilling comeback on JB 🔥 monster second half shooting clinic.  
___ 
Game 27 --- MIN W 133-107 --- Record: 17-10  

Heart warming KAT tribute followed by 32/20 blow-out.  Big win Leon Rose.  
___ 
Game 26 --- ORL W 100-91 --- Record: 16-10  

Satisfying much needed bounce back win vs zombie Magic.
___ 
Game 25 --- ATL L 100-108 --- Record: 15-10  

Screwed out of the NBA cup by the refs!  But also out hustled.  Painful loss to you know who.  
___ 
Game 24 --- TOR W 113-108 --- Record: 15-9  

Get hyped! OG blocks RJ.  KAT hits the dagger for NEW YORK.  
___ 
Game 23 --- DET L 111-120 --- Record: 14-9  

💩 Stinker from start to end without KAT.  
___ 
Game 22 --- CHA W 125-101 --- Record: 14-8  

Immaculate vibes on Precious return!  A full quarter of garbage time (featuring Bridges).
___ 
Game 21 --- ORL W 121-106 --- Record: 13-8  

Elite offensive beats elite defense.  Bring on the NBA cup!
___ 
Game 20 --- NOP W 118-85 --- Record: 12-8  

Mikal Redemption!  I will hereby respect Mikal Bridges and I will NOT talk down on the future first-ballot hall of famer.
___ 
Game 19 --- CHA W 99-98 --- Record: 11-8  

Fugly win but a win.
___ 
Game 18 --- DAL L 114-129 --- Record: 10-8  

When it’s bad it’s AWFUL.  Unserious first half @ 11% from 3.  Mavs dominate without Luka or Klay.
___ 
Game 17 --- DEN W 145-118 --- Record: 10-7  

Satisfying win against a very good team.  Congrats OG on first career 40!
___ 
Game 16 --- UTA L 106-121 --- Record: 9-7  

Disappointing loss to the worst team in the NBA.
___ 
Game 15 --- PHX W 138-122 --- Record: 9-6  

Worth staying up late for Brunson/Towns double-30pt-double-doubles.  Win streak continues.
___ 
Game 14 --- WAS W 134-106 --- Record: 8-6  

Easy blowout.  Looking damn good.
___ 
Game 13 --- BKN W 114-104 --- Record: 7-6  

OVER 500!!!
___ 
Game 12 --- BKN W 124-122 --- Record: 6-6  

Relieved Jalen and Mikal come through in the end.  OG vs scumbag DFS.  Satisfying Hukporti minutes (finally).  
___ 
Game 11 --- CHI L 123-124 --- Record: 5-6  

Depression turns to hope turns to Hartbreak.  Disappointing loss after KAT erases a 20-point deficit.  
___
Game 10 --- PHI W 111-99 --- Record: 5-5  

Satisfying win.  Over the Sixers.  Time to start the OG All-Star propaganda.
___
Game 09 --- IND L 121-132 --- Record: 4-5  

Exhausted.  Brutal 4th quarter collapse.  
___ 
Game 08 --- MIL W 116-94 --- Record: 4-4  

Winning and grinning.  Nice comfortable win.  Doc on fraud alert 🚨.
___ 
Game 07 --- ATL L 116-121 --- Record: 3-4  
🧂🧂🧂
___ 
Game 06 --- HOU L 97-109 --- Record: 3-3  

Disappointed.  Hero ball fail.  Bench didn’t show up.  
___ 
Game 05 --- DET W 128-98 --- Record: 3-2  

Feeling pretty damn good.  This is the team we were expecting.  Thibs don’t ever change.  
___
Game 04 --- MIA W 116-107 --- Record: 2-2  

The KAT game - 44pts.  
___
Game 03 --- CLE L 110-104 --- Record: 1-2  

Towns and Brunson 1-5 from three.  Not each.  Combined.
___
Game 02 --- IND W 123-98 --- Record: 1-1  

Bridges and KAT doubters are real quiet right now.  Almost as quiet as Haliburton at MSG.

___
Game 01 --- BOS L 109-132 --- Record: 0-1  

Nobody hits 30 threes on the Knicks!  Deuce for 6 moty."
83,Knicks Fanbase Mood Journal 2024-2025,"Game 66 --- GSW L 94-97 --- Record: 42-24  

Salty ending.  Put to sleep 💤 by Draymond “9 points” Green carried by Curry.  Josh with zero points in 39-mins.  
___ 
Game 65 --- POR W 114-113 (OT)--- Record: 42-23  

Bridges buzzer beater in OT!!!  Last 10pm games Lfg!!!
___ 
Game 64 --- SAC W 133-104 --- Record: 41-23  

Back to winning after a break.  Complete game  and blowout victory.
___ 
Game 63 --- LAC L 95-105 --- Record: 40-23  

Demoralized.  4Q Struggles continue.  Really coulda used Jalen today.  
___ 
Game 62 --- LAL L 109-113(OT) --- Record: 40-22  

Big loss.  Another fourth quarter collapse.  Brunson rolls his ankle in OT.  
___ 
Game 61 --- GSW L 102-114 --- Record: 40-21  

Fourth quarter clusterfuck.  
___ 
Game 60 --- MIA W 116-112(OT) --- Record: 40-20  

Ridiculous comeback win with captain clutch leading in the fourth.  2-0 in the Mitch era.  
___ 
Game 59 --- MEM W 114-13 --- Record: 39-20  

PSYCHED for another satisfying win.  OG “I am smiling” as he hits the winner.  Undefeated with Mitch back.  
___ 
Game 58 --- PHI W 110-105 --- Record: 38-20  

Relieved.  Brunson hits the dagger in Maxey’s face.  Gutsy win on a 9-0 closing run.
___ 
Game 57 --- BOS L 105-118 --- Record: 37-20  

Demoralized Twenty losses before forty wins.  
___ 
Game 56 --- CLE L 105-142 --- Record: 37-19  

Wow.  Disheartening ass whipping.  Struggles to defend the three are serious.  
___ 
Game 55 --- CHI W 113-111(OT) --- Record: 37-18  

A WIN IS A WIN.  Bridges blocks gets to OT and Towns seals it.  First win of the season vs the Bulls.
___ 
ALL-STAR (KAT/JB) BREAK
___ 
Game 54 --- ATL W 149-148(OT) --- Record: 36-18  

Knicks survive a blown 6-point lead with 10 seconds left.  Jalen hits the winner over Daniels.  KAT with back-to-back 40-point games.
___ 
Game 53 --- IND W 128-115 --- Record: 35-18  

KAT (40-point double-double) and Josh (30-point double-double) dominate the Pacers with monster games.  
___ 
Game 52 --- BOS L 104-131 --- Record: 34-18  

Damn.  Celtics drop a shit ton of threes again.  Need OG and Mitchell back.
___ 
Game 51 --- TOR W 121-115--- Record: 34-17  

Another big-balls clutch win.  Brunson closes in the fourth to take the back-to-back.
___ 
Game 50 --- HOU W 124-118 --- Record: 33-17  

KNICKS COME BACK FROM DOWN 11 IN THE 4TH!  Brunson drops 40.  Knicks grind out a big-balls win shooting 23% from 3.
___ 
Game 49 --- LAL L 112-128 --- Record: 32-17  

Tough loss.  Josh with another triple double.  Prayers with OG.  
___ 
Game 48 --- DEN W 122-112 --- Record: 32-16  

Five in a row on Brunson’s 30 against a very good Nuggets team.  Clutch fourth quarter.  
___ 
Game 47 --- MEM W 143-106 --- Record: 31-16  

Best win of the season.  Knicks blow out a top contender with a defensive clinic and multiple posters.  
___ 
Game 46 --- SAC W 143-120 --- Record: 30-16  

We chillin.  Rested Knicks blow out the Kings.  Hart with a triple-double and a message to the minutes police, “relax”.
___ 
Game 45 --- BKN W 99-95 --- Record: 29-16  

Knicks win UGLY in Brooklyn on a SEGABABA.
___ 
Game 44 --- ATL W 119-110 --- Record: 28-16  

LFG Towns returns! Knicks back on track.  JB drops 34 on 12/18.
___ 
Game 43 --- MIN L 99-116 --- Record: 27-16  

Knicks can’t get stops in the fourth.  Min shoots 55% from three.  KAT out and Josh hurt.
___ 
Game 42 --- PHI W 125-119 (OT) --- Record: 27-15  

Knicks win in OT led by Brunson and OG!  Another rough third quarter.  Another Hart triple-double.
___ 
Game 41 --- DET L 119-124 --- Record: 26-15  

Tough schedule loss.  Out gunned by Cade and Beasley.  Third quarter woes continue.  KATs thumb in bad shape.
___ 
Game 40 --- MIL W 140-106 --- Record: 26-14  

Back again!  Jalen drops 44 in blow-out.
___ 
Game 39 --- OKC L 101-126 --- Record: 25-14  

Damn.  The ‘Fire Thibs’ contingent returns.  0pts from Bridges (and frequent reminders about how many picks he was traded for).
___ 
Game 38 --- TOR W 112-98 --- Record: 25-13  

We are so back.  Thibs unleashes the bench.
___ 
Game 37 --- ORL L 94-103 --- Record: 24-13  

Low energy game vs an Orlando team, playing without their best players, on the second night of a B2B (where they lost to a bottom 5 team).
___ 
Game 36 --- CHI L 126-139 --- Record: 24-12  

Schedule loss.  KAT limps off after monster fourth.  Tough night.
___ 
Game 35 --- OKC L 107-117 --- Record: 24-11  

Can’t be that mad.  Lost the streak in the 4th to another contender.  Played well.  Probably game of the year.  
___ 
Game 34 --- UTA W 119-103 --- Record: 24-10  

Streak up to nine🔥 on Josh’s triple-double.
___ 
Game 33 --- WAS W 126-106 --- Record: 23-10  

Streak up to eight🔥 on Josh’s triple-double.
___ 
Game 32 --- WAS W 136-132 (OT) --- Record: 22-10  

Worst win is better than the worst loss.  JB drops 55 to extend the streaks to seven 🔥.
___ 
Game 31 --- ORL W 108-85 --- Record: 21-10  

Knicks keep Magic to 31 in dominant second half.  Doomers all but converted as win streak reaches six.
___ 
Game 30 --- SAS W 117-114 --- Record: 20-10  

Bridges saves Christmas with a monster 41-pointer!  
___ 
Game 29 --- TOR W 139-125 --- Record: 19-10  

Feel good win.  OG dominating his old team.  
___ 
Game 28 --- NOP W 104-93 --- Record: 18-10  

Thrilling comeback on JB 🔥 monster second half shooting clinic.  
___ 
Game 27 --- MIN W 133-107 --- Record: 17-10  

Heart warming KAT tribute followed by 32/20 blow-out.  Big win Leon Rose.  
___ 
Game 26 --- ORL W 100-91 --- Record: 16-10  

Satisfying much needed bounce back win vs zombie Magic.
___ 
Game 25 --- ATL L 100-108 --- Record: 15-10  

Screwed out of the NBA cup by the refs!  But also out hustled.  Painful loss to you know who.  
___ 
Game 24 --- TOR W 113-108 --- Record: 15-9  

Get hyped! OG blocks RJ.  KAT hits the dagger for NEW YORK.  
___ 
Game 23 --- DET L 111-120 --- Record: 14-9  

💩 Stinker from start to end without KAT.  
___ 
Game 22 --- CHA W 125-101 --- Record: 14-8  

Immaculate vibes on Precious return!  A full quarter of garbage time (featuring Bridges).
___ 
Game 21 --- ORL W 121-106 --- Record: 13-8  

Elite offensive beats elite defense.  Bring on the NBA cup!
___ 
Game 20 --- NOP W 118-85 --- Record: 12-8  

Mikal Redemption!  I will hereby respect Mikal Bridges and I will NOT talk down on the future first-ballot hall of famer.
___ 
Game 19 --- CHA W 99-98 --- Record: 11-8  

Fugly win but a win.
___ 
Game 18 --- DAL L 114-129 --- Record: 10-8  

When it’s bad it’s AWFUL.  Unserious first half @ 11% from 3.  Mavs dominate without Luka or Klay.
___ 
Game 17 --- DEN W 145-118 --- Record: 10-7  

Satisfying win against a very good team.  Congrats OG on first career 40!
___ 
Game 16 --- UTA L 106-121 --- Record: 9-7  

Disappointing loss to the worst team in the NBA.
___ 
Game 15 --- PHX W 138-122 --- Record: 9-6  

Worth staying up late for Brunson/Towns double-30pt-double-doubles.  Win streak continues.
___ 
Game 14 --- WAS W 134-106 --- Record: 8-6  

Easy blowout.  Looking damn good.
___ 
Game 13 --- BKN W 114-104 --- Record: 7-6  

OVER 500!!!
___ 
Game 12 --- BKN W 124-122 --- Record: 6-6  

Relieved Jalen and Mikal come through in the end.  OG vs scumbag DFS.  Satisfying Hukporti minutes (finally).  
___ 
Game 11 --- CHI L 123-124 --- Record: 5-6  

Depression turns to hope turns to Hartbreak.  Disappointing loss after KAT erases a 20-point deficit.  
___
Game 10 --- PHI W 111-99 --- Record: 5-5  

Satisfying win.  Over the Sixers.  Time to start the OG All-Star propaganda.
___
Game 09 --- IND L 121-132 --- Record: 4-5  

Exhausted.  Brutal 4th quarter collapse.  
___ 
Game 08 --- MIL W 116-94 --- Record: 4-4  

Winning and grinning.  Nice comfortable win.  Doc on fraud alert 🚨.
___ 
Game 07 --- ATL L 116-121 --- Record: 3-4  
🧂🧂🧂
___ 
Game 06 --- HOU L 97-109 --- Record: 3-3  

Disappointed.  Hero ball fail.  Bench didn’t show up.  
___ 
Game 05 --- DET W 128-98 --- Record: 3-2  

Feeling pretty damn good.  This is the team we were expecting.  Thibs don’t ever change.  
___
Game 04 --- MIA W 116-107 --- Record: 2-2  

The KAT game - 44pts.  
___
Game 03 --- CLE L 110-104 --- Record: 1-2  

Towns and Brunson 1-5 from three.  Not each.  Combined.
___
Game 02 --- IND W 123-98 --- Record: 1-1  

Bridges and KAT doubters are real quiet right now.  Almost as quiet as Haliburton at MSG.

___
Game 01 --- BOS L 109-132 --- Record: 0-1  

Nobody hits 30 threes on the Knicks!  Deuce for 6 moty."
84,Knicks Fanbase Mood Journal 2024-2025,"Game 58 --- PHI W 110-105 --- Record: 38-20  

Relieved.  Brunson hits the dagger in Maxey’s face.  Gutsy win on a 9-0 closing run.
___ 
Game 57 --- BOS L 105-118 --- Record: 37-20  

Demoralized Twenty losses before forty wins.  
___ 
Game 56 --- CLE L 105-142 --- Record: 37-19  

Wow.  Disheartening ass whipping.  Struggles to defend the three are serious.  
___ 
Game 55 --- CHI W 113-111(OT) --- Record: 37-18  

A WIN IS A WIN.  Bridges blocks gets to OT and Towns seals it.  First win of the season vs the Bulls.
___ 
ALL-STAR (KAT/JB) BREAK
___ 
Game 54 --- ATL W 149-148(OT) --- Record: 36-18  

Knicks survive a blown 6-point lead with 10 seconds left.  Jalen hits the winner over Daniels.  KAT with back-to-back 40-point games.
___ 
Game 53 --- IND W 128-115 --- Record: 35-18  

KAT (40-point double-double) and Josh (30-point double-double) dominate the Pacers with monster games.  
___ 
Game 52 --- BOS L 104-131 --- Record: 34-18  

Damn.  Celtics drop a shit ton of threes again.  Need OG and Mitchell back.
___ 
Game 51 --- TOR W 121-115--- Record: 34-17  

Another big-balls clutch win.  Brunson closes in the fourth to take the back-to-back.
___ 
Game 50 --- HOU W 124-118 --- Record: 33-17  

KNICKS COME BACK FROM DOWN 11 IN THE 4TH!  Brunson drops 40.  Knicks grind out a big-balls win shooting 23% from 3.
___ 
Game 49 --- LAL L 112-128 --- Record: 32-17  

Tough loss.  Josh with another triple double.  Prayers with OG.  
___ 
Game 48 --- DEN W 122-112 --- Record: 32-16  

Five in a row on Brunson’s 30 against a very good Nuggets team.  Clutch fourth quarter.  
___ 
Game 47 --- MEM W 143-106 --- Record: 31-16  

Best win of the season.  Knicks blow out a top contender with a defensive clinic and multiple posters.  
___ 
Game 46 --- SAC W 143-120 --- Record: 30-16  

We chillin.  Rested Knicks blow out the Kings.  Hart with a triple-double and a message to the minutes police, “relax”.
___ 
Game 45 --- BKN W 99-95 --- Record: 29-16  

Knicks win UGLY in Brooklyn on a SEGABABA.
___ 
Game 44 --- ATL W 119-110 --- Record: 28-16  

LFG Towns returns! Knicks back on track.  JB drops 34 on 12/18.
___ 
Game 43 --- MIN L 99-116 --- Record: 27-16  

Knicks can’t get stops in the fourth.  Min shoots 55% from three.  KAT out and Josh hurt.
___ 
Game 42 --- PHI W 125-119 (OT) --- Record: 27-15  

Knicks win in OT led by Brunson and OG!  Another rough third quarter.  Another Hart triple-double.
___ 
Game 41 --- DET L 119-124 --- Record: 26-15  

Tough schedule loss.  Out gunned by Cade and Beasley.  Third quarter woes continue.  KATs thumb in bad shape.
___ 
Game 40 --- MIL W 140-106 --- Record: 26-14  

Back again!  Jalen drops 44 in blow-out.
___ 
Game 39 --- OKC L 101-126 --- Record: 25-14  

Damn.  The ‘Fire Thibs’ contingent returns.  0pts from Bridges (and frequent reminders about how many picks he was traded for).
___ 
Game 38 --- TOR W 112-98 --- Record: 25-13  

We are so back.  Thibs unleashes the bench.
___ 
Game 37 --- ORL L 94-103 --- Record: 24-13  

Low energy game vs an Orlando team, playing without their best players, on the second night of a B2B (where they lost to a bottom 5 team).
___ 
Game 36 --- CHI L 126-139 --- Record: 24-12  

Schedule loss.  KAT limps off after monster fourth.  Tough night.
___ 
Game 35 --- OKC L 107-117 --- Record: 24-11  

Can’t be that mad.  Lost the streak in the 4th to another contender.  Played well.  Probably game of the year.  
___ 
Game 34 --- UTA W 119-103 --- Record: 24-10  

Streak up to nine🔥 on Josh’s triple-double.
___ 
Game 33 --- WAS W 126-106 --- Record: 23-10  

Streak up to eight🔥 on Josh’s triple-double.
___ 
Game 32 --- WAS W 136-132 (OT) --- Record: 22-10  

Worst win is better than the worst loss.  JB drops 55 to extend the streaks to seven 🔥.
___ 
Game 31 --- ORL W 108-85 --- Record: 21-10  

Knicks keep Magic to 31 in dominant second half.  Doomers all but converted as win streak reaches six.
___ 
Game 30 --- SAS W 117-114 --- Record: 20-10  

Bridges saves Christmas with a monster 41-pointer!  
___ 
Game 29 --- TOR W 139-125 --- Record: 19-10  

Feel good win.  OG dominating his old team.  
___ 
Game 28 --- NOP W 104-93 --- Record: 18-10  

Thrilling comeback on JB 🔥 monster second half shooting clinic.  
___ 
Game 27 --- MIN W 133-107 --- Record: 17-10  

Heart warming KAT tribute followed by 32/20 blow-out.  Big win Leon Rose.  
___ 
Game 26 --- ORL W 100-91 --- Record: 16-10  

Satisfying much needed bounce back win vs zombie Magic.
___ 
Game 25 --- ATL L 100-108 --- Record: 15-10  

Screwed out of the NBA cup by the refs!  But also out hustled.  Painful loss to you know who.  
___ 
Game 24 --- TOR W 113-108 --- Record: 15-9  

Get hyped! OG blocks RJ.  KAT hits the dagger for NEW YORK.  
___ 
Game 23 --- DET L 111-120 --- Record: 14-9  

💩 Stinker from start to end without KAT.  
___ 
Game 22 --- CHA W 125-101 --- Record: 14-8  

Immaculate vibes on Precious return!  A full quarter of garbage time (featuring Bridges).
___ 
Game 21 --- ORL W 121-106 --- Record: 13-8  

Elite offensive beats elite defense.  Bring on the NBA cup!
___ 
Game 20 --- NOP W 118-85 --- Record: 12-8  

Mikal Redemption!  I will hereby respect Mikal Bridges and I will NOT talk down on the future first-ballot hall of famer.
___ 
Game 19 --- CHA W 99-98 --- Record: 11-8  

Fugly win but a win.
___ 
Game 18 --- DAL L 114-129 --- Record: 10-8  

When it’s bad it’s AWFUL.  Unserious first half @ 11% from 3.  Mavs dominate without Luka or Klay.
___ 
Game 17 --- DEN W 145-118 --- Record: 10-7  

Satisfying win against a very good team.  Congrats OG on first career 40!
___ 
Game 16 --- UTA L 106-121 --- Record: 9-7  

Disappointing loss to the worst team in the NBA.
___ 
Game 15 --- PHX W 138-122 --- Record: 9-6  

Worth staying up late for Brunson/Towns double-30pt-double-doubles.  Win streak continues.
___ 
Game 14 --- WAS W 134-106 --- Record: 8-6  

Easy blowout.  Looking damn good.
___ 
Game 13 --- BKN W 114-104 --- Record: 7-6  

OVER 500!!!
___ 
Game 12 --- BKN W 124-122 --- Record: 6-6  

Relieved Jalen and Mikal come through in the end.  OG vs scumbag DFS.  Satisfying Hukporti minutes (finally).  
___ 
Game 11 --- CHI L 123-124 --- Record: 5-6  

Depression turns to hope turns to Hartbreak.  Disappointing loss after KAT erases a 20-point deficit.  
___
Game 10 --- PHI W 111-99 --- Record: 5-5  

Satisfying win.  Over the Sixers.  Time to start the OG All-Star propaganda.
___
Game 09 --- IND L 121-132 --- Record: 4-5  

Exhausted.  Brutal 4th quarter collapse.  
___ 
Game 08 --- MIL W 116-94 --- Record: 4-4  

Winning and grinning.  Nice comfortable win.  Doc on fraud alert 🚨.
___ 
Game 07 --- ATL L 116-121 --- Record: 3-4  
🧂🧂🧂
___ 
Game 06 --- HOU L 97-109 --- Record: 3-3  

Disappointed.  Hero ball fail.  Bench didn’t show up.  
___ 
Game 05 --- DET W 128-98 --- Record: 3-2  

Feeling pretty damn good.  This is the team we were expecting.  Thibs don’t ever change.  
___
Game 04 --- MIA W 116-107 --- Record: 2-2  

The KAT game - 44pts.  
___
Game 03 --- CLE L 110-104 --- Record: 1-2  

Towns and Brunson 1-5 from three.  Not each.  Combined.
___
Game 02 --- IND W 123-98 --- Record: 1-1  

Bridges and KAT doubters are real quiet right now.  Almost as quiet as Haliburton at MSG.

___
Game 01 --- BOS L 109-132 --- Record: 0-1  

Nobody hits 30 threes on the Knicks!  Deuce for 6 moty."
85,I was begging for Cole Aldrich to get more minutes,"Jeremy Tyler was the second coming of Patrick Ewing

Toure Murray could have been Marbury if he got a chance

Alexey Schved showed some promise

Langston Galloway was a less athletic but also less drunk JR Smith

Tony Wroten was the perfect 3 and D guy

Willy Hernangomez had the footwork of a great center

We were saying this shit less than a decade ago, bro. Leon Rose. World Wide Wes. Tom Thibodeau. Brock Aller. Walt Perrin. Fuck it, Scott Perry. Thank you. From the bottom of my fucken heart, thank you. "
86,Knicks Fanbase Mood Journal 2024-2025,"Game 60 --- MIA W 116-112(OT) --- Record: 40-20  

Ridiculous comeback win with captain clutch leading in the fourth.  2-0 in the Mitch era.  
___ 
Game 59 --- MEM W 114-13 --- Record: 39-20  

PSYCHED for another satisfying win.  OG “I am smiling” as he hits the winner.  Undefeated with Mitch back.  
___ 
Game 58 --- PHI W 110-105 --- Record: 38-20  

Relieved.  Brunson hits the dagger in Maxey’s face.  Gutsy win on a 9-0 closing run.
___ 
Game 57 --- BOS L 105-118 --- Record: 37-20  

Demoralized Twenty losses before forty wins.  
___ 
Game 56 --- CLE L 105-142 --- Record: 37-19  

Wow.  Disheartening ass whipping.  Struggles to defend the three are serious.  
___ 
Game 55 --- CHI W 113-111(OT) --- Record: 37-18  

A WIN IS A WIN.  Bridges blocks gets to OT and Towns seals it.  First win of the season vs the Bulls.
___ 
ALL-STAR (KAT/JB) BREAK
___ 
Game 54 --- ATL W 149-148(OT) --- Record: 36-18  

Knicks survive a blown 6-point lead with 10 seconds left.  Jalen hits the winner over Daniels.  KAT with back-to-back 40-point games.
___ 
Game 53 --- IND W 128-115 --- Record: 35-18  

KAT (40-point double-double) and Josh (30-point double-double) dominate the Pacers with monster games.  
___ 
Game 52 --- BOS L 104-131 --- Record: 34-18  

Damn.  Celtics drop a shit ton of threes again.  Need OG and Mitchell back.
___ 
Game 51 --- TOR W 121-115--- Record: 34-17  

Another big-balls clutch win.  Brunson closes in the fourth to take the back-to-back.
___ 
Game 50 --- HOU W 124-118 --- Record: 33-17  

KNICKS COME BACK FROM DOWN 11 IN THE 4TH!  Brunson drops 40.  Knicks grind out a big-balls win shooting 23% from 3.
___ 
Game 49 --- LAL L 112-128 --- Record: 32-17  

Tough loss.  Josh with another triple double.  Prayers with OG.  
___ 
Game 48 --- DEN W 122-112 --- Record: 32-16  

Five in a row on Brunson’s 30 against a very good Nuggets team.  Clutch fourth quarter.  
___ 
Game 47 --- MEM W 143-106 --- Record: 31-16  

Best win of the season.  Knicks blow out a top contender with a defensive clinic and multiple posters.  
___ 
Game 46 --- SAC W 143-120 --- Record: 30-16  

We chillin.  Rested Knicks blow out the Kings.  Hart with a triple-double and a message to the minutes police, “relax”.
___ 
Game 45 --- BKN W 99-95 --- Record: 29-16  

Knicks win UGLY in Brooklyn on a SEGABABA.
___ 
Game 44 --- ATL W 119-110 --- Record: 28-16  

LFG Towns returns! Knicks back on track.  JB drops 34 on 12/18.
___ 
Game 43 --- MIN L 99-116 --- Record: 27-16  

Knicks can’t get stops in the fourth.  Min shoots 55% from three.  KAT out and Josh hurt.
___ 
Game 42 --- PHI W 125-119 (OT) --- Record: 27-15  

Knicks win in OT led by Brunson and OG!  Another rough third quarter.  Another Hart triple-double.
___ 
Game 41 --- DET L 119-124 --- Record: 26-15  

Tough schedule loss.  Out gunned by Cade and Beasley.  Third quarter woes continue.  KATs thumb in bad shape.
___ 
Game 40 --- MIL W 140-106 --- Record: 26-14  

Back again!  Jalen drops 44 in blow-out.
___ 
Game 39 --- OKC L 101-126 --- Record: 25-14  

Damn.  The ‘Fire Thibs’ contingent returns.  0pts from Bridges (and frequent reminders about how many picks he was traded for).
___ 
Game 38 --- TOR W 112-98 --- Record: 25-13  

We are so back.  Thibs unleashes the bench.
___ 
Game 37 --- ORL L 94-103 --- Record: 24-13  

Low energy game vs an Orlando team, playing without their best players, on the second night of a B2B (where they lost to a bottom 5 team).
___ 
Game 36 --- CHI L 126-139 --- Record: 24-12  

Schedule loss.  KAT limps off after monster fourth.  Tough night.
___ 
Game 35 --- OKC L 107-117 --- Record: 24-11  

Can’t be that mad.  Lost the streak in the 4th to another contender.  Played well.  Probably game of the year.  
___ 
Game 34 --- UTA W 119-103 --- Record: 24-10  

Streak up to nine🔥 on Josh’s triple-double.
___ 
Game 33 --- WAS W 126-106 --- Record: 23-10  

Streak up to eight🔥 on Josh’s triple-double.
___ 
Game 32 --- WAS W 136-132 (OT) --- Record: 22-10  

Worst win is better than the worst loss.  JB drops 55 to extend the streaks to seven 🔥.
___ 
Game 31 --- ORL W 108-85 --- Record: 21-10  

Knicks keep Magic to 31 in dominant second half.  Doomers all but converted as win streak reaches six.
___ 
Game 30 --- SAS W 117-114 --- Record: 20-10  

Bridges saves Christmas with a monster 41-pointer!  
___ 
Game 29 --- TOR W 139-125 --- Record: 19-10  

Feel good win.  OG dominating his old team.  
___ 
Game 28 --- NOP W 104-93 --- Record: 18-10  

Thrilling comeback on JB 🔥 monster second half shooting clinic.  
___ 
Game 27 --- MIN W 133-107 --- Record: 17-10  

Heart warming KAT tribute followed by 32/20 blow-out.  Big win Leon Rose.  
___ 
Game 26 --- ORL W 100-91 --- Record: 16-10  

Satisfying much needed bounce back win vs zombie Magic.
___ 
Game 25 --- ATL L 100-108 --- Record: 15-10  

Screwed out of the NBA cup by the refs!  But also out hustled.  Painful loss to you know who.  
___ 
Game 24 --- TOR W 113-108 --- Record: 15-9  

Get hyped! OG blocks RJ.  KAT hits the dagger for NEW YORK.  
___ 
Game 23 --- DET L 111-120 --- Record: 14-9  

💩 Stinker from start to end without KAT.  
___ 
Game 22 --- CHA W 125-101 --- Record: 14-8  

Immaculate vibes on Precious return!  A full quarter of garbage time (featuring Bridges).
___ 
Game 21 --- ORL W 121-106 --- Record: 13-8  

Elite offensive beats elite defense.  Bring on the NBA cup!
___ 
Game 20 --- NOP W 118-85 --- Record: 12-8  

Mikal Redemption!  I will hereby respect Mikal Bridges and I will NOT talk down on the future first-ballot hall of famer.
___ 
Game 19 --- CHA W 99-98 --- Record: 11-8  

Fugly win but a win.
___ 
Game 18 --- DAL L 114-129 --- Record: 10-8  

When it’s bad it’s AWFUL.  Unserious first half @ 11% from 3.  Mavs dominate without Luka or Klay.
___ 
Game 17 --- DEN W 145-118 --- Record: 10-7  

Satisfying win against a very good team.  Congrats OG on first career 40!
___ 
Game 16 --- UTA L 106-121 --- Record: 9-7  

Disappointing loss to the worst team in the NBA.
___ 
Game 15 --- PHX W 138-122 --- Record: 9-6  

Worth staying up late for Brunson/Towns double-30pt-double-doubles.  Win streak continues.
___ 
Game 14 --- WAS W 134-106 --- Record: 8-6  

Easy blowout.  Looking damn good.
___ 
Game 13 --- BKN W 114-104 --- Record: 7-6  

OVER 500!!!
___ 
Game 12 --- BKN W 124-122 --- Record: 6-6  

Relieved Jalen and Mikal come through in the end.  OG vs scumbag DFS.  Satisfying Hukporti minutes (finally).  
___ 
Game 11 --- CHI L 123-124 --- Record: 5-6  

Depression turns to hope turns to Hartbreak.  Disappointing loss after KAT erases a 20-point deficit.  
___
Game 10 --- PHI W 111-99 --- Record: 5-5  

Satisfying win.  Over the Sixers.  Time to start the OG All-Star propaganda.
___
Game 09 --- IND L 121-132 --- Record: 4-5  

Exhausted.  Brutal 4th quarter collapse.  
___ 
Game 08 --- MIL W 116-94 --- Record: 4-4  

Winning and grinning.  Nice comfortable win.  Doc on fraud alert 🚨.
___ 
Game 07 --- ATL L 116-121 --- Record: 3-4  
🧂🧂🧂
___ 
Game 06 --- HOU L 97-109 --- Record: 3-3  

Disappointed.  Hero ball fail.  Bench didn’t show up.  
___ 
Game 05 --- DET W 128-98 --- Record: 3-2  

Feeling pretty damn good.  This is the team we were expecting.  Thibs don’t ever change.  
___
Game 04 --- MIA W 116-107 --- Record: 2-2  

The KAT game - 44pts.  
___
Game 03 --- CLE L 110-104 --- Record: 1-2  

Towns and Brunson 1-5 from three.  Not each.  Combined.
___
Game 02 --- IND W 123-98 --- Record: 1-1  

Bridges and KAT doubters are real quiet right now.  Almost as quiet as Haliburton at MSG.

___
Game 01 --- BOS L 109-132 --- Record: 0-1  

Nobody hits 30 threes on the Knicks!  Deuce for 6 moty."
87,Knicks Fanbase Mood Journal 2024-2025,"Game 62 --- LAL L 109-113(OT) --- Record: 40-22  

Big loss.  Another fourth quarter collapse.  Brunson rolls his ankle in OT.  
___ 
Game 61 --- GSW L 102-114 --- Record: 40-21  

Fourth quarter clusterfuck.  
___ 
Game 60 --- MIA W 116-112(OT) --- Record: 40-20  

Ridiculous comeback win with captain clutch leading in the fourth.  2-0 in the Mitch era.  
___ 
Game 59 --- MEM W 114-13 --- Record: 39-20  

PSYCHED for another satisfying win.  OG “I am smiling” as he hits the winner.  Undefeated with Mitch back.  
___ 
Game 58 --- PHI W 110-105 --- Record: 38-20  

Relieved.  Brunson hits the dagger in Maxey’s face.  Gutsy win on a 9-0 closing run.
___ 
Game 57 --- BOS L 105-118 --- Record: 37-20  

Demoralized Twenty losses before forty wins.  
___ 
Game 56 --- CLE L 105-142 --- Record: 37-19  

Wow.  Disheartening ass whipping.  Struggles to defend the three are serious.  
___ 
Game 55 --- CHI W 113-111(OT) --- Record: 37-18  

A WIN IS A WIN.  Bridges blocks gets to OT and Towns seals it.  First win of the season vs the Bulls.
___ 
ALL-STAR (KAT/JB) BREAK
___ 
Game 54 --- ATL W 149-148(OT) --- Record: 36-18  

Knicks survive a blown 6-point lead with 10 seconds left.  Jalen hits the winner over Daniels.  KAT with back-to-back 40-point games.
___ 
Game 53 --- IND W 128-115 --- Record: 35-18  

KAT (40-point double-double) and Josh (30-point double-double) dominate the Pacers with monster games.  
___ 
Game 52 --- BOS L 104-131 --- Record: 34-18  

Damn.  Celtics drop a shit ton of threes again.  Need OG and Mitchell back.
___ 
Game 51 --- TOR W 121-115--- Record: 34-17  

Another big-balls clutch win.  Brunson closes in the fourth to take the back-to-back.
___ 
Game 50 --- HOU W 124-118 --- Record: 33-17  

KNICKS COME BACK FROM DOWN 11 IN THE 4TH!  Brunson drops 40.  Knicks grind out a big-balls win shooting 23% from 3.
___ 
Game 49 --- LAL L 112-128 --- Record: 32-17  

Tough loss.  Josh with another triple double.  Prayers with OG.  
___ 
Game 48 --- DEN W 122-112 --- Record: 32-16  

Five in a row on Brunson’s 30 against a very good Nuggets team.  Clutch fourth quarter.  
___ 
Game 47 --- MEM W 143-106 --- Record: 31-16  

Best win of the season.  Knicks blow out a top contender with a defensive clinic and multiple posters.  
___ 
Game 46 --- SAC W 143-120 --- Record: 30-16  

We chillin.  Rested Knicks blow out the Kings.  Hart with a triple-double and a message to the minutes police, “relax”.
___ 
Game 45 --- BKN W 99-95 --- Record: 29-16  

Knicks win UGLY in Brooklyn on a SEGABABA.
___ 
Game 44 --- ATL W 119-110 --- Record: 28-16  

LFG Towns returns! Knicks back on track.  JB drops 34 on 12/18.
___ 
Game 43 --- MIN L 99-116 --- Record: 27-16  

Knicks can’t get stops in the fourth.  Min shoots 55% from three.  KAT out and Josh hurt.
___ 
Game 42 --- PHI W 125-119 (OT) --- Record: 27-15  

Knicks win in OT led by Brunson and OG!  Another rough third quarter.  Another Hart triple-double.
___ 
Game 41 --- DET L 119-124 --- Record: 26-15  

Tough schedule loss.  Out gunned by Cade and Beasley.  Third quarter woes continue.  KATs thumb in bad shape.
___ 
Game 40 --- MIL W 140-106 --- Record: 26-14  

Back again!  Jalen drops 44 in blow-out.
___ 
Game 39 --- OKC L 101-126 --- Record: 25-14  

Damn.  The ‘Fire Thibs’ contingent returns.  0pts from Bridges (and frequent reminders about how many picks he was traded for).
___ 
Game 38 --- TOR W 112-98 --- Record: 25-13  

We are so back.  Thibs unleashes the bench.
___ 
Game 37 --- ORL L 94-103 --- Record: 24-13  

Low energy game vs an Orlando team, playing without their best players, on the second night of a B2B (where they lost to a bottom 5 team).
___ 
Game 36 --- CHI L 126-139 --- Record: 24-12  

Schedule loss.  KAT limps off after monster fourth.  Tough night.
___ 
Game 35 --- OKC L 107-117 --- Record: 24-11  

Can’t be that mad.  Lost the streak in the 4th to another contender.  Played well.  Probably game of the year.  
___ 
Game 34 --- UTA W 119-103 --- Record: 24-10  

Streak up to nine🔥 on Josh’s triple-double.
___ 
Game 33 --- WAS W 126-106 --- Record: 23-10  

Streak up to eight🔥 on Josh’s triple-double.
___ 
Game 32 --- WAS W 136-132 (OT) --- Record: 22-10  

Worst win is better than the worst loss.  JB drops 55 to extend the streaks to seven 🔥.
___ 
Game 31 --- ORL W 108-85 --- Record: 21-10  

Knicks keep Magic to 31 in dominant second half.  Doomers all but converted as win streak reaches six.
___ 
Game 30 --- SAS W 117-114 --- Record: 20-10  

Bridges saves Christmas with a monster 41-pointer!  
___ 
Game 29 --- TOR W 139-125 --- Record: 19-10  

Feel good win.  OG dominating his old team.  
___ 
Game 28 --- NOP W 104-93 --- Record: 18-10  

Thrilling comeback on JB 🔥 monster second half shooting clinic.  
___ 
Game 27 --- MIN W 133-107 --- Record: 17-10  

Heart warming KAT tribute followed by 32/20 blow-out.  Big win Leon Rose.  
___ 
Game 26 --- ORL W 100-91 --- Record: 16-10  

Satisfying much needed bounce back win vs zombie Magic.
___ 
Game 25 --- ATL L 100-108 --- Record: 15-10  

Screwed out of the NBA cup by the refs!  But also out hustled.  Painful loss to you know who.  
___ 
Game 24 --- TOR W 113-108 --- Record: 15-9  

Get hyped! OG blocks RJ.  KAT hits the dagger for NEW YORK.  
___ 
Game 23 --- DET L 111-120 --- Record: 14-9  

💩 Stinker from start to end without KAT.  
___ 
Game 22 --- CHA W 125-101 --- Record: 14-8  

Immaculate vibes on Precious return!  A full quarter of garbage time (featuring Bridges).
___ 
Game 21 --- ORL W 121-106 --- Record: 13-8  

Elite offensive beats elite defense.  Bring on the NBA cup!
___ 
Game 20 --- NOP W 118-85 --- Record: 12-8  

Mikal Redemption!  I will hereby respect Mikal Bridges and I will NOT talk down on the future first-ballot hall of famer.
___ 
Game 19 --- CHA W 99-98 --- Record: 11-8  

Fugly win but a win.
___ 
Game 18 --- DAL L 114-129 --- Record: 10-8  

When it’s bad it’s AWFUL.  Unserious first half @ 11% from 3.  Mavs dominate without Luka or Klay.
___ 
Game 17 --- DEN W 145-118 --- Record: 10-7  

Satisfying win against a very good team.  Congrats OG on first career 40!
___ 
Game 16 --- UTA L 106-121 --- Record: 9-7  

Disappointing loss to the worst team in the NBA.
___ 
Game 15 --- PHX W 138-122 --- Record: 9-6  

Worth staying up late for Brunson/Towns double-30pt-double-doubles.  Win streak continues.
___ 
Game 14 --- WAS W 134-106 --- Record: 8-6  

Easy blowout.  Looking damn good.
___ 
Game 13 --- BKN W 114-104 --- Record: 7-6  

OVER 500!!!
___ 
Game 12 --- BKN W 124-122 --- Record: 6-6  

Relieved Jalen and Mikal come through in the end.  OG vs scumbag DFS.  Satisfying Hukporti minutes (finally).  
___ 
Game 11 --- CHI L 123-124 --- Record: 5-6  

Depression turns to hope turns to Hartbreak.  Disappointing loss after KAT erases a 20-point deficit.  
___
Game 10 --- PHI W 111-99 --- Record: 5-5  

Satisfying win.  Over the Sixers.  Time to start the OG All-Star propaganda.
___
Game 09 --- IND L 121-132 --- Record: 4-5  

Exhausted.  Brutal 4th quarter collapse.  
___ 
Game 08 --- MIL W 116-94 --- Record: 4-4  

Winning and grinning.  Nice comfortable win.  Doc on fraud alert 🚨.
___ 
Game 07 --- ATL L 116-121 --- Record: 3-4  
🧂🧂🧂
___ 
Game 06 --- HOU L 97-109 --- Record: 3-3  

Disappointed.  Hero ball fail.  Bench didn’t show up.  
___ 
Game 05 --- DET W 128-98 --- Record: 3-2  

Feeling pretty damn good.  This is the team we were expecting.  Thibs don’t ever change.  
___
Game 04 --- MIA W 116-107 --- Record: 2-2  

The KAT game - 44pts.  
___
Game 03 --- CLE L 110-104 --- Record: 1-2  

Towns and Brunson 1-5 from three.  Not each.  Combined.
___
Game 02 --- IND W 123-98 --- Record: 1-1  

Bridges and KAT doubters are real quiet right now.  Almost as quiet as Haliburton at MSG.

___
Game 01 --- BOS L 109-132 --- Record: 0-1  

Nobody hits 30 threes on the Knicks!  Deuce for 6 moty."
88,Knicks vs NBA’s Top 3 (Last Year vs This Year),"Knicks vs NBA’s Top 3

2023-2024 WIN PCT: 22% Net: - 20

2024-2025 WIN PCT: 0% Net: -141

Top 3 2023: Celtics, Thunder, Nuggets - 2/9

Top 3 2024: Celtics, Thunder, Cavs - 0/7

Against Boston specifically, Knicks were a total -35 last year. This year, the Knicks are a -63 so far. So either Thibs lost his ability to coach or maybe Leon Rose might have actually fielded a worst roster, or both. One thing is clear, last year, we did not catch these levels of ass whoopings, even with all the injuries the Knicks were still competitive."
89,Which Center should the Knicks go after?,"

[View Poll](https://www.reddit.com/poll/1e48sch)"
90,Knicks Fanbase Mood Journal 2024-2025: Mid-Season Update,"Game 41 --- DET L 119-124 --- Record: 26-15  

Tough schedule loss.  Out gunned by Cade and Beasley.  Third quarter woes continue.  KATs thumb in bad shape.
___ 
Game 40 --- MIL W 140-106 --- Record: 26-14  

Back again!  Jalen drops 44 in blow-out.
___ 
Game 39 --- OKC L 101-126 --- Record: 25-14  

Damn.  The ‘Fire Thibs’ contingent returns.  0pts from Bridges (and frequent reminders about how many picks he was traded for).
___ 
Game 38 --- TOR W 112-98 --- Record: 25-13  

We are so back.  Thibs unleashes the bench.
___ 
Game 37 --- ORL L 94-103 --- Record: 24-13  

Low energy game vs an Orlando team, playing without their best players, on the second night of a B2B (where they lost to a bottom 5 team).
___ 
Game 36 --- CHI L 126-139 --- Record: 24-12  

Schedule loss.  KAT limps off after monster fourth.  Tough night.
___ 
Game 35 --- OKC L 107-117 --- Record: 24-11  

Can’t be that mad.  Lost the streak in the 4th to another contender.  Played well.  Probably game of the year.  
___ 
Game 34 --- UTA W 119-103 --- Record: 24-10  

Streak up to nine🔥 on Josh’s triple-double.
___ 
Game 33 --- WAS W 126-106 --- Record: 23-10  

Streak up to eight🔥 on Josh’s triple-double.
___ 
Game 32 --- WAS W 136-132 (OT) --- Record: 22-10  

Worst win is better than the worst loss.  JB drops 55 to extend the streaks to seven 🔥.
___ 
Game 31 --- ORL W 108-85 --- Record: 21-10  

Knicks keep Magic to 31 in dominant second half.  Doomers all but converted as win streak reaches six.
___ 
Game 30 --- SAS W 117-114 --- Record: 20-10  

Bridges saves Christmas with a monster 41-pointer!  
___ 
Game 29 --- TOR W 139-125 --- Record: 19-10  

Feel good win.  OG dominating his old team.  
___ 
Game 28 --- NOP W 104-93 --- Record: 18-10  

Thrilling comeback on JB 🔥 monster second half shooting clinic.  
___ 
Game 27 --- MIN W 133-107 --- Record: 17-10  

Heart warming KAT tribute followed by 32/20 blow-out.  Big win Leon Rose.  
___ 
Game 26 --- ORL W 100-91 --- Record: 16-10  

Satisfying much needed bounce back win vs zombie Magic.
___ 
Game 25 --- ATL L 100-108 --- Record: 15-10  

Screwed out of the NBA cup by the refs!  But also out hustled.  Painful loss to you know who.  
___ 
Game 24 --- TOR W 113-108 --- Record: 15-9  

Get hyped! OG blocks RJ.  KAT hits the dagger for NEW YORK.  
___ 
Game 23 --- DET L 111-120 --- Record: 14-9  

💩 Stinker from start to end without KAT.  
___ 
Game 22 --- CHA W 125-101 --- Record: 14-8  

Immaculate vibes on Precious return!  A full quarter of garbage time (featuring Bridges).
___ 
Game 21 --- ORL W 121-106 --- Record: 13-8  

Elite offensive beats elite defense.  Bring on the NBA cup!
___ 
Game 20 --- NOP W 118-85 --- Record: 12-8  

Mikal Redemption!  I will hereby respect Mikal Bridges and I will NOT talk down on the future first-ballot hall of famer.
___ 
Game 19 --- CHA W 99-98 --- Record: 11-8  

Fugly win but a win.
___ 
Game 18 --- DAL L 114-129 --- Record: 10-8  

When it’s bad it’s AWFUL.  Unserious first half @ 11% from 3.  Mavs dominate without Luka or Klay.
___ 
Game 17 --- DEN W 145-118 --- Record: 10-7  

Satisfying win against a very good team.  Congrats OG on first career 40!
___ 
Game 16 --- UTA L 106-121 --- Record: 9-7  

Disappointing loss to the worst team in the NBA.
___ 
Game 15 --- PHX W 138-122 --- Record: 9-6  

Worth staying up late for Brunson/Towns double-30pt-double-doubles.  Win streak continues.
___ 
Game 14 --- WAS W 134-106 --- Record: 8-6  

Easy blowout.  Looking damn good.
___ 
Game 13 --- BKN W 114-104 --- Record: 7-6  

OVER 500!!!
___ 
Game 12 --- BKN W 124-122 --- Record: 6-6  

Relieved Jalen and Mikal come through in the end.  OG vs scumbag DFS.  Satisfying Hukporti minutes (finally).  
___ 
Game 11 --- CHI L 123-124 --- Record: 5-6  

Depression turns to hope turns to Hartbreak.  Disappointing loss after KAT erases a 20-point deficit.  
___
Game 10 --- PHI W 111-99 --- Record: 5-5  

Satisfying win.  Over the Sixers.  Time to start the OG All-Star propaganda.
___
Game 09 --- IND L 121-132 --- Record: 4-5  

Exhausted.  Brutal 4th quarter collapse.  
___ 
Game 08 --- MIL W 116-94 --- Record: 4-4  

Winning and grinning.  Nice comfortable win.  Doc on fraud alert 🚨.
___ 
Game 07 --- ATL L 116-121 --- Record: 3-4  
🧂🧂🧂
___ 
Game 06 --- HOU L 97-109 --- Record: 3-3  

Disappointed.  Hero ball fail.  Bench didn’t show up.  
___ 
Game 05 --- DET W 128-98 --- Record: 3-2  

Feeling pretty damn good.  This is the team we were expecting.  Thibs don’t ever change.  
___
Game 04 --- MIA W 116-107 --- Record: 2-2  

The KAT game - 44pts.  
___
Game 03 --- CLE L 110-104 --- Record: 1-2  

Towns and Brunson 1-5 from three.  Not each.  Combined.
___
Game 02 --- IND W 123-98 --- Record: 1-1  

Bridges and KAT doubters are real quiet right now.  Almost as quiet as Haliburton at MSG.

___
Game 01 --- BOS L 109-132 --- Record: 0-1  

Nobody hits 30 threes on the Knicks!  Deuce for 6 moty."
91,Knicks Storylines,"Trying to sell my partner on being a Knicks fans. She's more interested in the storylines and personalities of the players than anything else. Other than Brunson/ Hart being BFFs, what would you say sells the Knicks as a fun team to watch and root for?"
92,That game sucked. But we will be okay.,"

The Boston game reminded me of the Giants Cowboys game on SNF in 2023. First game of the season with so much hope only for it to get crushed.

It’s gonna take me a long while to regain some of the hope for this team to win a championship. But not ALL of the hope is gone. Not even close.

Because they have two paths. They can become better and become the team we expect them to be, or they can go to the route of the Giants and go down a dark path. I truly believe that this team is different, I think they will go on the right path.

Our roster changed a lot over the summer. Players need time to develop chemistry and figure out rotations. I trust Thibs to fix his defensive scheme. I trust Mikal to figure out his jumper. I trust Hart to fix his tunnel vision. I trust KAT to improve his defense all around. I trust Leon Rose that he made the right decisions for this team. I trust them all. Now on to Indiana!"
93,Knicks Fanbase Mood Journal 2024-2025,"Game 64 --- SAC 133-104 --- Record: 41-23  

Back to winning after a break.  Complete game  and blowout victory.
___ 
Game 63 --- LAC 95-105 --- Record: 40-23  

Demoralized.  4Q Struggles continue.  Really coulda used Jalen today.  
___ 
Game 62 --- LAL L 109-113(OT) --- Record: 40-22  

Big loss.  Another fourth quarter collapse.  Brunson rolls his ankle in OT.  
___ 
Game 61 --- GSW L 102-114 --- Record: 40-21  

Fourth quarter clusterfuck.  
___ 
Game 60 --- MIA W 116-112(OT) --- Record: 40-20  

Ridiculous comeback win with captain clutch leading in the fourth.  2-0 in the Mitch era.  
___ 
Game 59 --- MEM W 114-13 --- Record: 39-20  

PSYCHED for another satisfying win.  OG “I am smiling” as he hits the winner.  Undefeated with Mitch back.  
___ 
Game 58 --- PHI W 110-105 --- Record: 38-20  

Relieved.  Brunson hits the dagger in Maxey’s face.  Gutsy win on a 9-0 closing run.
___ 
Game 57 --- BOS L 105-118 --- Record: 37-20  

Demoralized Twenty losses before forty wins.  
___ 
Game 56 --- CLE L 105-142 --- Record: 37-19  

Wow.  Disheartening ass whipping.  Struggles to defend the three are serious.  
___ 
Game 55 --- CHI W 113-111(OT) --- Record: 37-18  

A WIN IS A WIN.  Bridges blocks gets to OT and Towns seals it.  First win of the season vs the Bulls.
___ 
ALL-STAR (KAT/JB) BREAK
___ 
Game 54 --- ATL W 149-148(OT) --- Record: 36-18  

Knicks survive a blown 6-point lead with 10 seconds left.  Jalen hits the winner over Daniels.  KAT with back-to-back 40-point games.
___ 
Game 53 --- IND W 128-115 --- Record: 35-18  

KAT (40-point double-double) and Josh (30-point double-double) dominate the Pacers with monster games.  
___ 
Game 52 --- BOS L 104-131 --- Record: 34-18  

Damn.  Celtics drop a shit ton of threes again.  Need OG and Mitchell back.
___ 
Game 51 --- TOR W 121-115--- Record: 34-17  

Another big-balls clutch win.  Brunson closes in the fourth to take the back-to-back.
___ 
Game 50 --- HOU W 124-118 --- Record: 33-17  

KNICKS COME BACK FROM DOWN 11 IN THE 4TH!  Brunson drops 40.  Knicks grind out a big-balls win shooting 23% from 3.
___ 
Game 49 --- LAL L 112-128 --- Record: 32-17  

Tough loss.  Josh with another triple double.  Prayers with OG.  
___ 
Game 48 --- DEN W 122-112 --- Record: 32-16  

Five in a row on Brunson’s 30 against a very good Nuggets team.  Clutch fourth quarter.  
___ 
Game 47 --- MEM W 143-106 --- Record: 31-16  

Best win of the season.  Knicks blow out a top contender with a defensive clinic and multiple posters.  
___ 
Game 46 --- SAC W 143-120 --- Record: 30-16  

We chillin.  Rested Knicks blow out the Kings.  Hart with a triple-double and a message to the minutes police, “relax”.
___ 
Game 45 --- BKN W 99-95 --- Record: 29-16  

Knicks win UGLY in Brooklyn on a SEGABABA.
___ 
Game 44 --- ATL W 119-110 --- Record: 28-16  

LFG Towns returns! Knicks back on track.  JB drops 34 on 12/18.
___ 
Game 43 --- MIN L 99-116 --- Record: 27-16  

Knicks can’t get stops in the fourth.  Min shoots 55% from three.  KAT out and Josh hurt.
___ 
Game 42 --- PHI W 125-119 (OT) --- Record: 27-15  

Knicks win in OT led by Brunson and OG!  Another rough third quarter.  Another Hart triple-double.
___ 
Game 41 --- DET L 119-124 --- Record: 26-15  

Tough schedule loss.  Out gunned by Cade and Beasley.  Third quarter woes continue.  KATs thumb in bad shape.
___ 
Game 40 --- MIL W 140-106 --- Record: 26-14  

Back again!  Jalen drops 44 in blow-out.
___ 
Game 39 --- OKC L 101-126 --- Record: 25-14  

Damn.  The ‘Fire Thibs’ contingent returns.  0pts from Bridges (and frequent reminders about how many picks he was traded for).
___ 
Game 38 --- TOR W 112-98 --- Record: 25-13  

We are so back.  Thibs unleashes the bench.
___ 
Game 37 --- ORL L 94-103 --- Record: 24-13  

Low energy game vs an Orlando team, playing without their best players, on the second night of a B2B (where they lost to a bottom 5 team).
___ 
Game 36 --- CHI L 126-139 --- Record: 24-12  

Schedule loss.  KAT limps off after monster fourth.  Tough night.
___ 
Game 35 --- OKC L 107-117 --- Record: 24-11  

Can’t be that mad.  Lost the streak in the 4th to another contender.  Played well.  Probably game of the year.  
___ 
Game 34 --- UTA W 119-103 --- Record: 24-10  

Streak up to nine🔥 on Josh’s triple-double.
___ 
Game 33 --- WAS W 126-106 --- Record: 23-10  

Streak up to eight🔥 on Josh’s triple-double.
___ 
Game 32 --- WAS W 136-132 (OT) --- Record: 22-10  

Worst win is better than the worst loss.  JB drops 55 to extend the streaks to seven 🔥.
___ 
Game 31 --- ORL W 108-85 --- Record: 21-10  

Knicks keep Magic to 31 in dominant second half.  Doomers all but converted as win streak reaches six.
___ 
Game 30 --- SAS W 117-114 --- Record: 20-10  

Bridges saves Christmas with a monster 41-pointer!  
___ 
Game 29 --- TOR W 139-125 --- Record: 19-10  

Feel good win.  OG dominating his old team.  
___ 
Game 28 --- NOP W 104-93 --- Record: 18-10  

Thrilling comeback on JB 🔥 monster second half shooting clinic.  
___ 
Game 27 --- MIN W 133-107 --- Record: 17-10  

Heart warming KAT tribute followed by 32/20 blow-out.  Big win Leon Rose.  
___ 
Game 26 --- ORL W 100-91 --- Record: 16-10  

Satisfying much needed bounce back win vs zombie Magic.
___ 
Game 25 --- ATL L 100-108 --- Record: 15-10  

Screwed out of the NBA cup by the refs!  But also out hustled.  Painful loss to you know who.  
___ 
Game 24 --- TOR W 113-108 --- Record: 15-9  

Get hyped! OG blocks RJ.  KAT hits the dagger for NEW YORK.  
___ 
Game 23 --- DET L 111-120 --- Record: 14-9  

💩 Stinker from start to end without KAT.  
___ 
Game 22 --- CHA W 125-101 --- Record: 14-8  

Immaculate vibes on Precious return!  A full quarter of garbage time (featuring Bridges).
___ 
Game 21 --- ORL W 121-106 --- Record: 13-8  

Elite offensive beats elite defense.  Bring on the NBA cup!
___ 
Game 20 --- NOP W 118-85 --- Record: 12-8  

Mikal Redemption!  I will hereby respect Mikal Bridges and I will NOT talk down on the future first-ballot hall of famer.
___ 
Game 19 --- CHA W 99-98 --- Record: 11-8  

Fugly win but a win.
___ 
Game 18 --- DAL L 114-129 --- Record: 10-8  

When it’s bad it’s AWFUL.  Unserious first half @ 11% from 3.  Mavs dominate without Luka or Klay.
___ 
Game 17 --- DEN W 145-118 --- Record: 10-7  

Satisfying win against a very good team.  Congrats OG on first career 40!
___ 
Game 16 --- UTA L 106-121 --- Record: 9-7  

Disappointing loss to the worst team in the NBA.
___ 
Game 15 --- PHX W 138-122 --- Record: 9-6  

Worth staying up late for Brunson/Towns double-30pt-double-doubles.  Win streak continues.
___ 
Game 14 --- WAS W 134-106 --- Record: 8-6  

Easy blowout.  Looking damn good.
___ 
Game 13 --- BKN W 114-104 --- Record: 7-6  

OVER 500!!!
___ 
Game 12 --- BKN W 124-122 --- Record: 6-6  

Relieved Jalen and Mikal come through in the end.  OG vs scumbag DFS.  Satisfying Hukporti minutes (finally).  
___ 
Game 11 --- CHI L 123-124 --- Record: 5-6  

Depression turns to hope turns to Hartbreak.  Disappointing loss after KAT erases a 20-point deficit.  
___
Game 10 --- PHI W 111-99 --- Record: 5-5  

Satisfying win.  Over the Sixers.  Time to start the OG All-Star propaganda.
___
Game 09 --- IND L 121-132 --- Record: 4-5  

Exhausted.  Brutal 4th quarter collapse.  
___ 
Game 08 --- MIL W 116-94 --- Record: 4-4  

Winning and grinning.  Nice comfortable win.  Doc on fraud alert 🚨.
___ 
Game 07 --- ATL L 116-121 --- Record: 3-4  
🧂🧂🧂
___ 
Game 06 --- HOU L 97-109 --- Record: 3-3  

Disappointed.  Hero ball fail.  Bench didn’t show up.  
___ 
Game 05 --- DET W 128-98 --- Record: 3-2  

Feeling pretty damn good.  This is the team we were expecting.  Thibs don’t ever change.  
___
Game 04 --- MIA W 116-107 --- Record: 2-2  

The KAT game - 44pts.  
___
Game 03 --- CLE L 110-104 --- Record: 1-2  

Towns and Brunson 1-5 from three.  Not each.  Combined.
___
Game 02 --- IND W 123-98 --- Record: 1-1  

Bridges and KAT doubters are real quiet right now.  Almost as quiet as Haliburton at MSG.

___
Game 01 --- BOS L 109-132 --- Record: 0-1  

Nobody hits 30 threes on the Knicks!  Deuce for 6 moty."
94,Knicks Fanbase Mood Journal 2024-2025,"Game 61 --- GSW L 102-114 --- Record: 40-21  

Fourth quarter clusterfuck.  
___ 
Game 60 --- MIA W 116-112(OT) --- Record: 40-20  

Ridiculous comeback win with captain clutch leading in the fourth.  2-0 in the Mitch era.  
___ 
Game 59 --- MEM W 114-13 --- Record: 39-20  

PSYCHED for another satisfying win.  OG “I am smiling” as he hits the winner.  Undefeated with Mitch back.  
___ 
Game 58 --- PHI W 110-105 --- Record: 38-20  

Relieved.  Brunson hits the dagger in Maxey’s face.  Gutsy win on a 9-0 closing run.
___ 
Game 57 --- BOS L 105-118 --- Record: 37-20  

Demoralized Twenty losses before forty wins.  
___ 
Game 56 --- CLE L 105-142 --- Record: 37-19  

Wow.  Disheartening ass whipping.  Struggles to defend the three are serious.  
___ 
Game 55 --- CHI W 113-111(OT) --- Record: 37-18  

A WIN IS A WIN.  Bridges blocks gets to OT and Towns seals it.  First win of the season vs the Bulls.
___ 
ALL-STAR (KAT/JB) BREAK
___ 
Game 54 --- ATL W 149-148(OT) --- Record: 36-18  

Knicks survive a blown 6-point lead with 10 seconds left.  Jalen hits the winner over Daniels.  KAT with back-to-back 40-point games.
___ 
Game 53 --- IND W 128-115 --- Record: 35-18  

KAT (40-point double-double) and Josh (30-point double-double) dominate the Pacers with monster games.  
___ 
Game 52 --- BOS L 104-131 --- Record: 34-18  

Damn.  Celtics drop a shit ton of threes again.  Need OG and Mitchell back.
___ 
Game 51 --- TOR W 121-115--- Record: 34-17  

Another big-balls clutch win.  Brunson closes in the fourth to take the back-to-back.
___ 
Game 50 --- HOU W 124-118 --- Record: 33-17  

KNICKS COME BACK FROM DOWN 11 IN THE 4TH!  Brunson drops 40.  Knicks grind out a big-balls win shooting 23% from 3.
___ 
Game 49 --- LAL L 112-128 --- Record: 32-17  

Tough loss.  Josh with another triple double.  Prayers with OG.  
___ 
Game 48 --- DEN W 122-112 --- Record: 32-16  

Five in a row on Brunson’s 30 against a very good Nuggets team.  Clutch fourth quarter.  
___ 
Game 47 --- MEM W 143-106 --- Record: 31-16  

Best win of the season.  Knicks blow out a top contender with a defensive clinic and multiple posters.  
___ 
Game 46 --- SAC W 143-120 --- Record: 30-16  

We chillin.  Rested Knicks blow out the Kings.  Hart with a triple-double and a message to the minutes police, “relax”.
___ 
Game 45 --- BKN W 99-95 --- Record: 29-16  

Knicks win UGLY in Brooklyn on a SEGABABA.
___ 
Game 44 --- ATL W 119-110 --- Record: 28-16  

LFG Towns returns! Knicks back on track.  JB drops 34 on 12/18.
___ 
Game 43 --- MIN L 99-116 --- Record: 27-16  

Knicks can’t get stops in the fourth.  Min shoots 55% from three.  KAT out and Josh hurt.
___ 
Game 42 --- PHI W 125-119 (OT) --- Record: 27-15  

Knicks win in OT led by Brunson and OG!  Another rough third quarter.  Another Hart triple-double.
___ 
Game 41 --- DET L 119-124 --- Record: 26-15  

Tough schedule loss.  Out gunned by Cade and Beasley.  Third quarter woes continue.  KATs thumb in bad shape.
___ 
Game 40 --- MIL W 140-106 --- Record: 26-14  

Back again!  Jalen drops 44 in blow-out.
___ 
Game 39 --- OKC L 101-126 --- Record: 25-14  

Damn.  The ‘Fire Thibs’ contingent returns.  0pts from Bridges (and frequent reminders about how many picks he was traded for).
___ 
Game 38 --- TOR W 112-98 --- Record: 25-13  

We are so back.  Thibs unleashes the bench.
___ 
Game 37 --- ORL L 94-103 --- Record: 24-13  

Low energy game vs an Orlando team, playing without their best players, on the second night of a B2B (where they lost to a bottom 5 team).
___ 
Game 36 --- CHI L 126-139 --- Record: 24-12  

Schedule loss.  KAT limps off after monster fourth.  Tough night.
___ 
Game 35 --- OKC L 107-117 --- Record: 24-11  

Can’t be that mad.  Lost the streak in the 4th to another contender.  Played well.  Probably game of the year.  
___ 
Game 34 --- UTA W 119-103 --- Record: 24-10  

Streak up to nine🔥 on Josh’s triple-double.
___ 
Game 33 --- WAS W 126-106 --- Record: 23-10  

Streak up to eight🔥 on Josh’s triple-double.
___ 
Game 32 --- WAS W 136-132 (OT) --- Record: 22-10  

Worst win is better than the worst loss.  JB drops 55 to extend the streaks to seven 🔥.
___ 
Game 31 --- ORL W 108-85 --- Record: 21-10  

Knicks keep Magic to 31 in dominant second half.  Doomers all but converted as win streak reaches six.
___ 
Game 30 --- SAS W 117-114 --- Record: 20-10  

Bridges saves Christmas with a monster 41-pointer!  
___ 
Game 29 --- TOR W 139-125 --- Record: 19-10  

Feel good win.  OG dominating his old team.  
___ 
Game 28 --- NOP W 104-93 --- Record: 18-10  

Thrilling comeback on JB 🔥 monster second half shooting clinic.  
___ 
Game 27 --- MIN W 133-107 --- Record: 17-10  

Heart warming KAT tribute followed by 32/20 blow-out.  Big win Leon Rose.  
___ 
Game 26 --- ORL W 100-91 --- Record: 16-10  

Satisfying much needed bounce back win vs zombie Magic.
___ 
Game 25 --- ATL L 100-108 --- Record: 15-10  

Screwed out of the NBA cup by the refs!  But also out hustled.  Painful loss to you know who.  
___ 
Game 24 --- TOR W 113-108 --- Record: 15-9  

Get hyped! OG blocks RJ.  KAT hits the dagger for NEW YORK.  
___ 
Game 23 --- DET L 111-120 --- Record: 14-9  

💩 Stinker from start to end without KAT.  
___ 
Game 22 --- CHA W 125-101 --- Record: 14-8  

Immaculate vibes on Precious return!  A full quarter of garbage time (featuring Bridges).
___ 
Game 21 --- ORL W 121-106 --- Record: 13-8  

Elite offensive beats elite defense.  Bring on the NBA cup!
___ 
Game 20 --- NOP W 118-85 --- Record: 12-8  

Mikal Redemption!  I will hereby respect Mikal Bridges and I will NOT talk down on the future first-ballot hall of famer.
___ 
Game 19 --- CHA W 99-98 --- Record: 11-8  

Fugly win but a win.
___ 
Game 18 --- DAL L 114-129 --- Record: 10-8  

When it’s bad it’s AWFUL.  Unserious first half @ 11% from 3.  Mavs dominate without Luka or Klay.
___ 
Game 17 --- DEN W 145-118 --- Record: 10-7  

Satisfying win against a very good team.  Congrats OG on first career 40!
___ 
Game 16 --- UTA L 106-121 --- Record: 9-7  

Disappointing loss to the worst team in the NBA.
___ 
Game 15 --- PHX W 138-122 --- Record: 9-6  

Worth staying up late for Brunson/Towns double-30pt-double-doubles.  Win streak continues.
___ 
Game 14 --- WAS W 134-106 --- Record: 8-6  

Easy blowout.  Looking damn good.
___ 
Game 13 --- BKN W 114-104 --- Record: 7-6  

OVER 500!!!
___ 
Game 12 --- BKN W 124-122 --- Record: 6-6  

Relieved Jalen and Mikal come through in the end.  OG vs scumbag DFS.  Satisfying Hukporti minutes (finally).  
___ 
Game 11 --- CHI L 123-124 --- Record: 5-6  

Depression turns to hope turns to Hartbreak.  Disappointing loss after KAT erases a 20-point deficit.  
___
Game 10 --- PHI W 111-99 --- Record: 5-5  

Satisfying win.  Over the Sixers.  Time to start the OG All-Star propaganda.
___
Game 09 --- IND L 121-132 --- Record: 4-5  

Exhausted.  Brutal 4th quarter collapse.  
___ 
Game 08 --- MIL W 116-94 --- Record: 4-4  

Winning and grinning.  Nice comfortable win.  Doc on fraud alert 🚨.
___ 
Game 07 --- ATL L 116-121 --- Record: 3-4  
🧂🧂🧂
___ 
Game 06 --- HOU L 97-109 --- Record: 3-3  

Disappointed.  Hero ball fail.  Bench didn’t show up.  
___ 
Game 05 --- DET W 128-98 --- Record: 3-2  

Feeling pretty damn good.  This is the team we were expecting.  Thibs don’t ever change.  
___
Game 04 --- MIA W 116-107 --- Record: 2-2  

The KAT game - 44pts.  
___
Game 03 --- CLE L 110-104 --- Record: 1-2  

Towns and Brunson 1-5 from three.  Not each.  Combined.
___
Game 02 --- IND W 123-98 --- Record: 1-1  

Bridges and KAT doubters are real quiet right now.  Almost as quiet as Haliburton at MSG.

___
Game 01 --- BOS L 109-132 --- Record: 0-1  

Nobody hits 30 threes on the Knicks!  Deuce for 6 moty."
95,Knicks Fanbase Mood Journal 2024-2025,"Game 36 --- CHI L 126-139 --- Record: 24-12  

Schedule loss.  KAT limps off after monster fourth.  Tough night.
___ 
Game 35 --- OKC L 107-117 --- Record: 24-11  

Can’t be that mad.  Lost the streak in the 4th to another contender.  Played well.  Probably game of the year.  
___ 
Game 34 --- UTA W 119-103 --- Record: 24-10  

Streak up to nine🔥 on Josh’s triple-double.
___ 
Game 33 --- WAS W 126-106 --- Record: 23-10  

Streak up to eight🔥 on Josh’s triple-double.
___ 
Game 32 --- WAS W 136-132 (OT) --- Record: 22-10  

Worst win is better than the worst loss.  JB drops 55 to extend the streaks to seven 🔥.
___ 
Game 31 --- ORL W 108-85 --- Record: 21-10  

Knicks keep Magic to 31 in dominant second half.  Doomers all but converted as win streak reaches six.
___ 
Game 30 --- SAS W 117-114 --- Record: 20-10  

Bridges saves Christmas with a monster 41-pointer!  
___ 
Game 29 --- TOR W 139-125 --- Record: 19-10  

Feel good win.  OG dominating his old team.  
___ 
Game 28 --- NOP W 104-93 --- Record: 18-10  

Thrilling comeback on JB 🔥 monster second half shooting clinic.  
___ 
Game 27 --- MIN W 133-107 --- Record: 17-10  

Heart warming KAT tribute followed by 32/20 blow-out.  Big win Leon Rose.  
___ 
Game 26 --- ORL W 100-91 --- Record: 16-10  

Satisfying much needed bounce back win vs zombie Magic.
___ 
Game 25 --- ATL L 100-108 --- Record: 15-10  

Screwed out of the NBA cup by the refs!  But also out hustled.  Painful loss to you know who.  
___ 
Game 24 --- TOR W 113-108 --- Record: 15-9  

Get hyped! OG blocks RJ.  KAT hits the dagger for NEW YORK.  
___ 
Game 23 --- DET L 111-120 --- Record: 14-9  

💩 Stinker from start to end without KAT.  
___ 
Game 22 --- CHA W 125-101 --- Record: 14-8  

Immaculate vibes on Precious return!  A full quarter of garbage time (featuring Bridges).
___ 
Game 21 --- ORL W 121-106 --- Record: 13-8  

Elite offensive beats elite defense.  Bring on the NBA cup!
___ 
Game 20 --- NOP W 118-85 --- Record: 12-8  

Mikal Redemption!  I will hereby respect Mikal Bridges and I will NOT talk down on the future first-ballot hall of famer.
___ 
Game 19 --- CHA W 99-98 --- Record: 11-8  

Fugly win but a win.
___ 
Game 18 --- DAL L 114-129 --- Record: 10-8  

When it’s bad it’s AWFUL.  Unserious first half @ 11% from 3.  Mavs dominate without Luka or Klay.
___ 
Game 17 --- DEN W 145-118 --- Record: 10-7  

Satisfying win against a very good team.  Congrats OG on first career 40!
___ 
Game 16 --- UTA L 106-121 --- Record: 9-7  

Disappointing loss to the worst team in the NBA.
___ 
Game 15 --- PHX W 138-122 --- Record: 9-6  

Worth staying up late for Brunson/Towns double-30pt-double-doubles.  Win streak continues.
___ 
Game 14 --- WAS W 134-106 --- Record: 8-6  

Easy blowout.  Looking damn good.
___ 
Game 13 --- BKN W 114-104 --- Record: 7-6  

OVER 500!!!
___ 
Game 12 --- BKN W 124-122 --- Record: 6-6  

Relieved Jalen and Mikal come through in the end.  OG vs scumbag DFS.  Satisfying Hukporti minutes (finally).  
___ 
Game 11 --- CHI L 123-124 --- Record: 5-6  

Depression turns to hope turns to Hartbreak.  Disappointing loss after KAT erases a 20-point deficit.  
___
Game 10 --- PHI W 111-99 --- Record: 5-5  

Satisfying win.  Over the Sixers.  Time to start the OG All-Star propaganda.
___
Game 09 --- IND L 121-132 --- Record: 4-5  

Exhausted.  Brutal 4th quarter collapse.  
___ 
Game 08 --- MIL W 116-94 --- Record: 4-4  

Winning and grinning.  Nice comfortable win.  Doc on fraud alert 🚨.
___ 
Game 07 --- ATL L 116-121 --- Record: 3-4  
🧂🧂🧂
___ 
Game 06 --- HOU L 97-109 --- Record: 3-3  

Disappointed.  Hero ball fail.  Bench didn’t show up.  
___ 
Game 05 --- DET W 128-98 --- Record: 3-2  

Feeling pretty damn good.  This is the team we were expecting.  Thibs don’t ever change.  
___
Game 04 --- MIA W 116-107 --- Record: 2-2  

The KAT game - 44pts.  
___
Game 03 --- CLE L 110-104 --- Record: 1-2  

Towns and Brunson 1-5 from three.  Not each.  Combined.
___
Game 02 --- IND W 123-98 --- Record: 1-1  

Bridges and KAT doubters are real quiet right now.  Almost as quiet as Haliburton at MSG.

___
Game 01 --- BOS L 109-132 --- Record: 0-1  

Nobody hits 30 threes on the Knicks!  Deuce for 6 moty."
96,Knicks Fanbase Mood Journal 2024-2025,"Game 56 --- CLE W 105-142 --- Record: 37-19  

Wow.  Disheartening and serious ass whipping.  Struggles to defend the three are serious.  
___ 
Game 55 --- CHI W 113-111(OT) --- Record: 37-18  

A WIN IS A WIN.  Bridges blocks gets to OT and Towns seals it.  First win of the season vs the Bulls.
___ 
ALL-STAR (KAT/JB) BREAK
___ 
Game 54 --- ATL W 149-148(OT) --- Record: 36-18  

Knicks survive a blown 6-point lead with 10 seconds left.  Jalen hits the winner over Daniels.  KAT with back-to-back 40-point games.
___ 
Game 53 --- IND W 128-115 --- Record: 35-18  

KAT (40-point double-double) and Josh (30-point double-double) dominate the Pacers with monster games.  
___ 
Game 52 --- BOS L 104-131 --- Record: 34-18  

Damn.  Celtics drop a shit ton of threes again.  Need OG and Mitchell back.
___ 
Game 51 --- TOR W 121-115--- Record: 34-17  

Another big-balls clutch win.  Brunson closes in the fourth to take the back-to-back.
___ 
Game 50 --- HOU W 124-118 --- Record: 33-17  

KNICKS COME BACK FROM DOWN 11 IN THE 4TH!  Brunson drops 40.  Knicks grind out a big-balls win shooting 23% from 3.
___ 
Game 49 --- LAL L 112-128 --- Record: 32-17  

Tough loss.  Josh with another triple double.  Prayers with OG.  
___ 
Game 48 --- DEN W 122-112 --- Record: 32-16  

Five in a row on Brunson’s 30 against a very good Nuggets team.  Clutch fourth quarter.  
___ 
Game 47 --- MEM W 143-106 --- Record: 31-16  

Best win of the season.  Knicks blow out a top contender with a defensive clinic and multiple posters.  
___ 
Game 46 --- SAC W 143-120 --- Record: 30-16  

We chillin.  Rested Knicks blow out the Kings.  Hart with a triple-double and a message to the minutes police, “relax”.
___ 
Game 45 --- BKN W 99-95 --- Record: 29-16  

Knicks win UGLY in Brooklyn on a SEGABABA.
___ 
Game 44 --- ATL W 119-110 --- Record: 28-16  

LFG Towns returns! Knicks back on track.  JB drops 34 on 12/18.
___ 
Game 43 --- MIN L 99-116 --- Record: 27-16  

Knicks can’t get stops in the fourth.  Min shoots 55% from three.  KAT out and Josh hurt.
___ 
Game 42 --- PHI W 125-119 (OT) --- Record: 27-15  

Knicks win in OT led by Brunson and OG!  Another rough third quarter.  Another Hart triple-double.
___ 
Game 41 --- DET L 119-124 --- Record: 26-15  

Tough schedule loss.  Out gunned by Cade and Beasley.  Third quarter woes continue.  KATs thumb in bad shape.
___ 
Game 40 --- MIL W 140-106 --- Record: 26-14  

Back again!  Jalen drops 44 in blow-out.
___ 
Game 39 --- OKC L 101-126 --- Record: 25-14  

Damn.  The ‘Fire Thibs’ contingent returns.  0pts from Bridges (and frequent reminders about how many picks he was traded for).
___ 
Game 38 --- TOR W 112-98 --- Record: 25-13  

We are so back.  Thibs unleashes the bench.
___ 
Game 37 --- ORL L 94-103 --- Record: 24-13  

Low energy game vs an Orlando team, playing without their best players, on the second night of a B2B (where they lost to a bottom 5 team).
___ 
Game 36 --- CHI L 126-139 --- Record: 24-12  

Schedule loss.  KAT limps off after monster fourth.  Tough night.
___ 
Game 35 --- OKC L 107-117 --- Record: 24-11  

Can’t be that mad.  Lost the streak in the 4th to another contender.  Played well.  Probably game of the year.  
___ 
Game 34 --- UTA W 119-103 --- Record: 24-10  

Streak up to nine🔥 on Josh’s triple-double.
___ 
Game 33 --- WAS W 126-106 --- Record: 23-10  

Streak up to eight🔥 on Josh’s triple-double.
___ 
Game 32 --- WAS W 136-132 (OT) --- Record: 22-10  

Worst win is better than the worst loss.  JB drops 55 to extend the streaks to seven 🔥.
___ 
Game 31 --- ORL W 108-85 --- Record: 21-10  

Knicks keep Magic to 31 in dominant second half.  Doomers all but converted as win streak reaches six.
___ 
Game 30 --- SAS W 117-114 --- Record: 20-10  

Bridges saves Christmas with a monster 41-pointer!  
___ 
Game 29 --- TOR W 139-125 --- Record: 19-10  

Feel good win.  OG dominating his old team.  
___ 
Game 28 --- NOP W 104-93 --- Record: 18-10  

Thrilling comeback on JB 🔥 monster second half shooting clinic.  
___ 
Game 27 --- MIN W 133-107 --- Record: 17-10  

Heart warming KAT tribute followed by 32/20 blow-out.  Big win Leon Rose.  
___ 
Game 26 --- ORL W 100-91 --- Record: 16-10  

Satisfying much needed bounce back win vs zombie Magic.
___ 
Game 25 --- ATL L 100-108 --- Record: 15-10  

Screwed out of the NBA cup by the refs!  But also out hustled.  Painful loss to you know who.  
___ 
Game 24 --- TOR W 113-108 --- Record: 15-9  

Get hyped! OG blocks RJ.  KAT hits the dagger for NEW YORK.  
___ 
Game 23 --- DET L 111-120 --- Record: 14-9  

💩 Stinker from start to end without KAT.  
___ 
Game 22 --- CHA W 125-101 --- Record: 14-8  

Immaculate vibes on Precious return!  A full quarter of garbage time (featuring Bridges).
___ 
Game 21 --- ORL W 121-106 --- Record: 13-8  

Elite offensive beats elite defense.  Bring on the NBA cup!
___ 
Game 20 --- NOP W 118-85 --- Record: 12-8  

Mikal Redemption!  I will hereby respect Mikal Bridges and I will NOT talk down on the future first-ballot hall of famer.
___ 
Game 19 --- CHA W 99-98 --- Record: 11-8  

Fugly win but a win.
___ 
Game 18 --- DAL L 114-129 --- Record: 10-8  

When it’s bad it’s AWFUL.  Unserious first half @ 11% from 3.  Mavs dominate without Luka or Klay.
___ 
Game 17 --- DEN W 145-118 --- Record: 10-7  

Satisfying win against a very good team.  Congrats OG on first career 40!
___ 
Game 16 --- UTA L 106-121 --- Record: 9-7  

Disappointing loss to the worst team in the NBA.
___ 
Game 15 --- PHX W 138-122 --- Record: 9-6  

Worth staying up late for Brunson/Towns double-30pt-double-doubles.  Win streak continues.
___ 
Game 14 --- WAS W 134-106 --- Record: 8-6  

Easy blowout.  Looking damn good.
___ 
Game 13 --- BKN W 114-104 --- Record: 7-6  

OVER 500!!!
___ 
Game 12 --- BKN W 124-122 --- Record: 6-6  

Relieved Jalen and Mikal come through in the end.  OG vs scumbag DFS.  Satisfying Hukporti minutes (finally).  
___ 
Game 11 --- CHI L 123-124 --- Record: 5-6  

Depression turns to hope turns to Hartbreak.  Disappointing loss after KAT erases a 20-point deficit.  
___
Game 10 --- PHI W 111-99 --- Record: 5-5  

Satisfying win.  Over the Sixers.  Time to start the OG All-Star propaganda.
___
Game 09 --- IND L 121-132 --- Record: 4-5  

Exhausted.  Brutal 4th quarter collapse.  
___ 
Game 08 --- MIL W 116-94 --- Record: 4-4  

Winning and grinning.  Nice comfortable win.  Doc on fraud alert 🚨.
___ 
Game 07 --- ATL L 116-121 --- Record: 3-4  
🧂🧂🧂
___ 
Game 06 --- HOU L 97-109 --- Record: 3-3  

Disappointed.  Hero ball fail.  Bench didn’t show up.  
___ 
Game 05 --- DET W 128-98 --- Record: 3-2  

Feeling pretty damn good.  This is the team we were expecting.  Thibs don’t ever change.  
___
Game 04 --- MIA W 116-107 --- Record: 2-2  

The KAT game - 44pts.  
___
Game 03 --- CLE L 110-104 --- Record: 1-2  

Towns and Brunson 1-5 from three.  Not each.  Combined.
___
Game 02 --- IND W 123-98 --- Record: 1-1  

Bridges and KAT doubters are real quiet right now.  Almost as quiet as Haliburton at MSG.

___
Game 01 --- BOS L 109-132 --- Record: 0-1  

Nobody hits 30 threes on the Knicks!  Deuce for 6 moty."
97,Knicks Fanbase Mood Journal 2024-2025,"Game 54 --- ATL W 149-148(OT) --- Record: 36-18  

Knicks survive a blown 6-point lead with 10 seconds left.  Jalen hits the winner over Daniels.  KAT with back-to-back 40-point games.
___ 
Game 53 --- IND W 128-115 --- Record: 35-18  

KAT (40-point double-double) and Josh (30-point double-double) dominate the Pacers with monster games.  
___ 
Game 52 --- BOS L 104-131 --- Record: 34-18  

Damn.  Celtics drop a shit ton of threes again.  Need OG and Mitchell back.
___ 
Game 51 --- TOR W 121-115--- Record: 34-17  

Another big-balls clutch win.  Brunson closes in the fourth to take the back-to-back.
___ 
Game 50 --- HOU W 124-118 --- Record: 33-17  

KNICKS COME BACK FROM DOWN 11 IN THE 4TH!  Brunson drops 40.  Knicks grind out a big-balls win shooting 23% from 3.
___ 
Game 49 --- LAL L 112-128 --- Record: 32-17  

Tough loss.  Josh with another triple double.  Prayers with OG.  
___ 
Game 48 --- DEN W 122-112 --- Record: 32-16  

Five in a row on Brunson’s 30 against a very good Nuggets team.  Clutch fourth quarter.  
___ 
Game 47 --- MEM W 143-106 --- Record: 31-16  

Best win of the season.  Knicks blow out a top contender with a defensive clinic and multiple posters.  
___ 
Game 46 --- SAC W 143-120 --- Record: 30-16  

We chillin.  Rested Knicks blow out the Kings.  Hart with a triple-double and a message to the minutes police, “relax”.
___ 
Game 45 --- BKN W 99-95 --- Record: 29-16  

Knicks win UGLY in Brooklyn on a SEGABABA.
___ 
Game 44 --- ATL W 119-110 --- Record: 28-16  

LFG Towns returns! Knicks back on track.  JB drops 34 on 12/18.
___ 
Game 43 --- MIN L 99-116 --- Record: 27-16  

Knicks can’t get stops in the fourth.  Min shoots 55% from three.  KAT out and Josh hurt.
___ 
Game 42 --- PHI W 125-119 (OT) --- Record: 27-15  

Knicks win in OT led by Brunson and OG!  Another rough third quarter.  Another Hart triple-double.
___ 
Game 41 --- DET L 119-124 --- Record: 26-15  

Tough schedule loss.  Out gunned by Cade and Beasley.  Third quarter woes continue.  KATs thumb in bad shape.
___ 
Game 40 --- MIL W 140-106 --- Record: 26-14  

Back again!  Jalen drops 44 in blow-out.
___ 
Game 39 --- OKC L 101-126 --- Record: 25-14  

Damn.  The ‘Fire Thibs’ contingent returns.  0pts from Bridges (and frequent reminders about how many picks he was traded for).
___ 
Game 38 --- TOR W 112-98 --- Record: 25-13  

We are so back.  Thibs unleashes the bench.
___ 
Game 37 --- ORL L 94-103 --- Record: 24-13  

Low energy game vs an Orlando team, playing without their best players, on the second night of a B2B (where they lost to a bottom 5 team).
___ 
Game 36 --- CHI L 126-139 --- Record: 24-12  

Schedule loss.  KAT limps off after monster fourth.  Tough night.
___ 
Game 35 --- OKC L 107-117 --- Record: 24-11  

Can’t be that mad.  Lost the streak in the 4th to another contender.  Played well.  Probably game of the year.  
___ 
Game 34 --- UTA W 119-103 --- Record: 24-10  

Streak up to nine🔥 on Josh’s triple-double.
___ 
Game 33 --- WAS W 126-106 --- Record: 23-10  

Streak up to eight🔥 on Josh’s triple-double.
___ 
Game 32 --- WAS W 136-132 (OT) --- Record: 22-10  

Worst win is better than the worst loss.  JB drops 55 to extend the streaks to seven 🔥.
___ 
Game 31 --- ORL W 108-85 --- Record: 21-10  

Knicks keep Magic to 31 in dominant second half.  Doomers all but converted as win streak reaches six.
___ 
Game 30 --- SAS W 117-114 --- Record: 20-10  

Bridges saves Christmas with a monster 41-pointer!  
___ 
Game 29 --- TOR W 139-125 --- Record: 19-10  

Feel good win.  OG dominating his old team.  
___ 
Game 28 --- NOP W 104-93 --- Record: 18-10  

Thrilling comeback on JB 🔥 monster second half shooting clinic.  
___ 
Game 27 --- MIN W 133-107 --- Record: 17-10  

Heart warming KAT tribute followed by 32/20 blow-out.  Big win Leon Rose.  
___ 
Game 26 --- ORL W 100-91 --- Record: 16-10  

Satisfying much needed bounce back win vs zombie Magic.
___ 
Game 25 --- ATL L 100-108 --- Record: 15-10  

Screwed out of the NBA cup by the refs!  But also out hustled.  Painful loss to you know who.  
___ 
Game 24 --- TOR W 113-108 --- Record: 15-9  

Get hyped! OG blocks RJ.  KAT hits the dagger for NEW YORK.  
___ 
Game 23 --- DET L 111-120 --- Record: 14-9  

💩 Stinker from start to end without KAT.  
___ 
Game 22 --- CHA W 125-101 --- Record: 14-8  

Immaculate vibes on Precious return!  A full quarter of garbage time (featuring Bridges).
___ 
Game 21 --- ORL W 121-106 --- Record: 13-8  

Elite offensive beats elite defense.  Bring on the NBA cup!
___ 
Game 20 --- NOP W 118-85 --- Record: 12-8  

Mikal Redemption!  I will hereby respect Mikal Bridges and I will NOT talk down on the future first-ballot hall of famer.
___ 
Game 19 --- CHA W 99-98 --- Record: 11-8  

Fugly win but a win.
___ 
Game 18 --- DAL L 114-129 --- Record: 10-8  

When it’s bad it’s AWFUL.  Unserious first half @ 11% from 3.  Mavs dominate without Luka or Klay.
___ 
Game 17 --- DEN W 145-118 --- Record: 10-7  

Satisfying win against a very good team.  Congrats OG on first career 40!
___ 
Game 16 --- UTA L 106-121 --- Record: 9-7  

Disappointing loss to the worst team in the NBA.
___ 
Game 15 --- PHX W 138-122 --- Record: 9-6  

Worth staying up late for Brunson/Towns double-30pt-double-doubles.  Win streak continues.
___ 
Game 14 --- WAS W 134-106 --- Record: 8-6  

Easy blowout.  Looking damn good.
___ 
Game 13 --- BKN W 114-104 --- Record: 7-6  

OVER 500!!!
___ 
Game 12 --- BKN W 124-122 --- Record: 6-6  

Relieved Jalen and Mikal come through in the end.  OG vs scumbag DFS.  Satisfying Hukporti minutes (finally).  
___ 
Game 11 --- CHI L 123-124 --- Record: 5-6  

Depression turns to hope turns to Hartbreak.  Disappointing loss after KAT erases a 20-point deficit.  
___
Game 10 --- PHI W 111-99 --- Record: 5-5  

Satisfying win.  Over the Sixers.  Time to start the OG All-Star propaganda.
___
Game 09 --- IND L 121-132 --- Record: 4-5  

Exhausted.  Brutal 4th quarter collapse.  
___ 
Game 08 --- MIL W 116-94 --- Record: 4-4  

Winning and grinning.  Nice comfortable win.  Doc on fraud alert 🚨.
___ 
Game 07 --- ATL L 116-121 --- Record: 3-4  
🧂🧂🧂
___ 
Game 06 --- HOU L 97-109 --- Record: 3-3  

Disappointed.  Hero ball fail.  Bench didn’t show up.  
___ 
Game 05 --- DET W 128-98 --- Record: 3-2  

Feeling pretty damn good.  This is the team we were expecting.  Thibs don’t ever change.  
___
Game 04 --- MIA W 116-107 --- Record: 2-2  

The KAT game - 44pts.  
___
Game 03 --- CLE L 110-104 --- Record: 1-2  

Towns and Brunson 1-5 from three.  Not each.  Combined.
___
Game 02 --- IND W 123-98 --- Record: 1-1  

Bridges and KAT doubters are real quiet right now.  Almost as quiet as Haliburton at MSG.

___
Game 01 --- BOS L 109-132 --- Record: 0-1  

Nobody hits 30 threes on the Knicks!  Deuce for 6 moty."
98,Knicks Fanbase Mood Journal 2024-2025,"Game 53 --- IND W 128-115 --- Record: 35-18  

KAT (40-point double-double) and Josh (30-point double-double) dominate the Pacers with monster games.  
___ 
Game 52 --- BOS L 104-131 --- Record: 34-18  

Damn.  Celtics drop a shit ton of threes again.  Need OG and Mitchell back.
___ 
Game 51 --- TOR W 121-115--- Record: 34-17  

Another big-balls clutch win.  Brunson closes in the fourth to take the back-to-back.
___ 
Game 50 --- HOU W 124-118 --- Record: 33-17  

KNICKS COME BACK FROM DOWN 11 IN THE 4TH!  Brunson drops 40.  Knicks grind out a big-balls win shooting 23% from 3.
___ 
Game 49 --- LAL L 112-128 --- Record: 32-17  

Tough loss.  Josh with another triple double.  Prayers with OG.  
___ 
Game 48 --- DEN W 122-112 --- Record: 32-16  

Five in a row on Brunson’s 30 against a very good Nuggets team.  Clutch fourth quarter.  
___ 
Game 47 --- MEM W 143-106 --- Record: 31-16  

Best win of the season.  Knicks blow out a top contender with a defensive clinic and multiple posters.  
___ 
Game 46 --- SAC W 143-120 --- Record: 30-16  

We chillin.  Rested Knicks blow out the Kings.  Hart with a triple-double and a message to the minutes police, “relax”.
___ 
Game 45 --- BKN W 99-95 --- Record: 29-16  

Knicks win UGLY in Brooklyn on a SEGABABA.
___ 
Game 44 --- ATL W 119-110 --- Record: 28-16  

LFG Towns returns! Knicks back on track.  JB drops 34 on 12/18.
___ 
Game 43 --- MIN L 99-116 --- Record: 27-16  

Knicks can’t get stops in the fourth.  Min shoots 55% from three.  KAT out and Josh hurt.
___ 
Game 42 --- PHI W 125-119 (OT) --- Record: 27-15  

Knicks win in OT led by Brunson and OG!  Another rough third quarter.  Another Hart triple-double.
___ 
Game 41 --- DET L 119-124 --- Record: 26-15  

Tough schedule loss.  Out gunned by Cade and Beasley.  Third quarter woes continue.  KATs thumb in bad shape.
___ 
Game 40 --- MIL W 140-106 --- Record: 26-14  

Back again!  Jalen drops 44 in blow-out.
___ 
Game 39 --- OKC L 101-126 --- Record: 25-14  

Damn.  The ‘Fire Thibs’ contingent returns.  0pts from Bridges (and frequent reminders about how many picks he was traded for).
___ 
Game 38 --- TOR W 112-98 --- Record: 25-13  

We are so back.  Thibs unleashes the bench.
___ 
Game 37 --- ORL L 94-103 --- Record: 24-13  

Low energy game vs an Orlando team, playing without their best players, on the second night of a B2B (where they lost to a bottom 5 team).
___ 
Game 36 --- CHI L 126-139 --- Record: 24-12  

Schedule loss.  KAT limps off after monster fourth.  Tough night.
___ 
Game 35 --- OKC L 107-117 --- Record: 24-11  

Can’t be that mad.  Lost the streak in the 4th to another contender.  Played well.  Probably game of the year.  
___ 
Game 34 --- UTA W 119-103 --- Record: 24-10  

Streak up to nine🔥 on Josh’s triple-double.
___ 
Game 33 --- WAS W 126-106 --- Record: 23-10  

Streak up to eight🔥 on Josh’s triple-double.
___ 
Game 32 --- WAS W 136-132 (OT) --- Record: 22-10  

Worst win is better than the worst loss.  JB drops 55 to extend the streaks to seven 🔥.
___ 
Game 31 --- ORL W 108-85 --- Record: 21-10  

Knicks keep Magic to 31 in dominant second half.  Doomers all but converted as win streak reaches six.
___ 
Game 30 --- SAS W 117-114 --- Record: 20-10  

Bridges saves Christmas with a monster 41-pointer!  
___ 
Game 29 --- TOR W 139-125 --- Record: 19-10  

Feel good win.  OG dominating his old team.  
___ 
Game 28 --- NOP W 104-93 --- Record: 18-10  

Thrilling comeback on JB 🔥 monster second half shooting clinic.  
___ 
Game 27 --- MIN W 133-107 --- Record: 17-10  

Heart warming KAT tribute followed by 32/20 blow-out.  Big win Leon Rose.  
___ 
Game 26 --- ORL W 100-91 --- Record: 16-10  

Satisfying much needed bounce back win vs zombie Magic.
___ 
Game 25 --- ATL L 100-108 --- Record: 15-10  

Screwed out of the NBA cup by the refs!  But also out hustled.  Painful loss to you know who.  
___ 
Game 24 --- TOR W 113-108 --- Record: 15-9  

Get hyped! OG blocks RJ.  KAT hits the dagger for NEW YORK.  
___ 
Game 23 --- DET L 111-120 --- Record: 14-9  

💩 Stinker from start to end without KAT.  
___ 
Game 22 --- CHA W 125-101 --- Record: 14-8  

Immaculate vibes on Precious return!  A full quarter of garbage time (featuring Bridges).
___ 
Game 21 --- ORL W 121-106 --- Record: 13-8  

Elite offensive beats elite defense.  Bring on the NBA cup!
___ 
Game 20 --- NOP W 118-85 --- Record: 12-8  

Mikal Redemption!  I will hereby respect Mikal Bridges and I will NOT talk down on the future first-ballot hall of famer.
___ 
Game 19 --- CHA W 99-98 --- Record: 11-8  

Fugly win but a win.
___ 
Game 18 --- DAL L 114-129 --- Record: 10-8  

When it’s bad it’s AWFUL.  Unserious first half @ 11% from 3.  Mavs dominate without Luka or Klay.
___ 
Game 17 --- DEN W 145-118 --- Record: 10-7  

Satisfying win against a very good team.  Congrats OG on first career 40!
___ 
Game 16 --- UTA L 106-121 --- Record: 9-7  

Disappointing loss to the worst team in the NBA.
___ 
Game 15 --- PHX W 138-122 --- Record: 9-6  

Worth staying up late for Brunson/Towns double-30pt-double-doubles.  Win streak continues.
___ 
Game 14 --- WAS W 134-106 --- Record: 8-6  

Easy blowout.  Looking damn good.
___ 
Game 13 --- BKN W 114-104 --- Record: 7-6  

OVER 500!!!
___ 
Game 12 --- BKN W 124-122 --- Record: 6-6  

Relieved Jalen and Mikal come through in the end.  OG vs scumbag DFS.  Satisfying Hukporti minutes (finally).  
___ 
Game 11 --- CHI L 123-124 --- Record: 5-6  

Depression turns to hope turns to Hartbreak.  Disappointing loss after KAT erases a 20-point deficit.  
___
Game 10 --- PHI W 111-99 --- Record: 5-5  

Satisfying win.  Over the Sixers.  Time to start the OG All-Star propaganda.
___
Game 09 --- IND L 121-132 --- Record: 4-5  

Exhausted.  Brutal 4th quarter collapse.  
___ 
Game 08 --- MIL W 116-94 --- Record: 4-4  

Winning and grinning.  Nice comfortable win.  Doc on fraud alert 🚨.
___ 
Game 07 --- ATL L 116-121 --- Record: 3-4  
🧂🧂🧂
___ 
Game 06 --- HOU L 97-109 --- Record: 3-3  

Disappointed.  Hero ball fail.  Bench didn’t show up.  
___ 
Game 05 --- DET W 128-98 --- Record: 3-2  

Feeling pretty damn good.  This is the team we were expecting.  Thibs don’t ever change.  
___
Game 04 --- MIA W 116-107 --- Record: 2-2  

The KAT game - 44pts.  
___
Game 03 --- CLE L 110-104 --- Record: 1-2  

Towns and Brunson 1-5 from three.  Not each.  Combined.
___
Game 02 --- IND W 123-98 --- Record: 1-1  

Bridges and KAT doubters are real quiet right now.  Almost as quiet as Haliburton at MSG.

___
Game 01 --- BOS L 109-132 --- Record: 0-1  

Nobody hits 30 threes on the Knicks!  Deuce for 6 moty."
99,Knicks Fanbase Mood Journal 2024-2025,"Game 59 --- MEM W 114-13 --- Record: 39-20  

PSYCHED for another satisfying win.  OG doesn’t shoot to miss hits the winner.  Undefeated with Mitch back.  
___ 
Game 58 --- PHI W 110-105 --- Record: 38-20  

Relieved.  Brunson hits the dagger in Maxey’s face.  Gutsy win on a 9-0 closing run.
___ 
Game 57 --- BOS L 105-118 --- Record: 37-20  

Demoralized Twenty losses before forty wins.  
___ 
Game 56 --- CLE L 105-142 --- Record: 37-19  

Wow.  Disheartening ass whipping.  Struggles to defend the three are serious.  
___ 
Game 55 --- CHI W 113-111(OT) --- Record: 37-18  

A WIN IS A WIN.  Bridges blocks gets to OT and Towns seals it.  First win of the season vs the Bulls.
___ 
ALL-STAR (KAT/JB) BREAK
___ 
Game 54 --- ATL W 149-148(OT) --- Record: 36-18  

Knicks survive a blown 6-point lead with 10 seconds left.  Jalen hits the winner over Daniels.  KAT with back-to-back 40-point games.
___ 
Game 53 --- IND W 128-115 --- Record: 35-18  

KAT (40-point double-double) and Josh (30-point double-double) dominate the Pacers with monster games.  
___ 
Game 52 --- BOS L 104-131 --- Record: 34-18  

Damn.  Celtics drop a shit ton of threes again.  Need OG and Mitchell back.
___ 
Game 51 --- TOR W 121-115--- Record: 34-17  

Another big-balls clutch win.  Brunson closes in the fourth to take the back-to-back.
___ 
Game 50 --- HOU W 124-118 --- Record: 33-17  

KNICKS COME BACK FROM DOWN 11 IN THE 4TH!  Brunson drops 40.  Knicks grind out a big-balls win shooting 23% from 3.
___ 
Game 49 --- LAL L 112-128 --- Record: 32-17  

Tough loss.  Josh with another triple double.  Prayers with OG.  
___ 
Game 48 --- DEN W 122-112 --- Record: 32-16  

Five in a row on Brunson’s 30 against a very good Nuggets team.  Clutch fourth quarter.  
___ 
Game 47 --- MEM W 143-106 --- Record: 31-16  

Best win of the season.  Knicks blow out a top contender with a defensive clinic and multiple posters.  
___ 
Game 46 --- SAC W 143-120 --- Record: 30-16  

We chillin.  Rested Knicks blow out the Kings.  Hart with a triple-double and a message to the minutes police, “relax”.
___ 
Game 45 --- BKN W 99-95 --- Record: 29-16  

Knicks win UGLY in Brooklyn on a SEGABABA.
___ 
Game 44 --- ATL W 119-110 --- Record: 28-16  

LFG Towns returns! Knicks back on track.  JB drops 34 on 12/18.
___ 
Game 43 --- MIN L 99-116 --- Record: 27-16  

Knicks can’t get stops in the fourth.  Min shoots 55% from three.  KAT out and Josh hurt.
___ 
Game 42 --- PHI W 125-119 (OT) --- Record: 27-15  

Knicks win in OT led by Brunson and OG!  Another rough third quarter.  Another Hart triple-double.
___ 
Game 41 --- DET L 119-124 --- Record: 26-15  

Tough schedule loss.  Out gunned by Cade and Beasley.  Third quarter woes continue.  KATs thumb in bad shape.
___ 
Game 40 --- MIL W 140-106 --- Record: 26-14  

Back again!  Jalen drops 44 in blow-out.
___ 
Game 39 --- OKC L 101-126 --- Record: 25-14  

Damn.  The ‘Fire Thibs’ contingent returns.  0pts from Bridges (and frequent reminders about how many picks he was traded for).
___ 
Game 38 --- TOR W 112-98 --- Record: 25-13  

We are so back.  Thibs unleashes the bench.
___ 
Game 37 --- ORL L 94-103 --- Record: 24-13  

Low energy game vs an Orlando team, playing without their best players, on the second night of a B2B (where they lost to a bottom 5 team).
___ 
Game 36 --- CHI L 126-139 --- Record: 24-12  

Schedule loss.  KAT limps off after monster fourth.  Tough night.
___ 
Game 35 --- OKC L 107-117 --- Record: 24-11  

Can’t be that mad.  Lost the streak in the 4th to another contender.  Played well.  Probably game of the year.  
___ 
Game 34 --- UTA W 119-103 --- Record: 24-10  

Streak up to nine🔥 on Josh’s triple-double.
___ 
Game 33 --- WAS W 126-106 --- Record: 23-10  

Streak up to eight🔥 on Josh’s triple-double.
___ 
Game 32 --- WAS W 136-132 (OT) --- Record: 22-10  

Worst win is better than the worst loss.  JB drops 55 to extend the streaks to seven 🔥.
___ 
Game 31 --- ORL W 108-85 --- Record: 21-10  

Knicks keep Magic to 31 in dominant second half.  Doomers all but converted as win streak reaches six.
___ 
Game 30 --- SAS W 117-114 --- Record: 20-10  

Bridges saves Christmas with a monster 41-pointer!  
___ 
Game 29 --- TOR W 139-125 --- Record: 19-10  

Feel good win.  OG dominating his old team.  
___ 
Game 28 --- NOP W 104-93 --- Record: 18-10  

Thrilling comeback on JB 🔥 monster second half shooting clinic.  
___ 
Game 27 --- MIN W 133-107 --- Record: 17-10  

Heart warming KAT tribute followed by 32/20 blow-out.  Big win Leon Rose.  
___ 
Game 26 --- ORL W 100-91 --- Record: 16-10  

Satisfying much needed bounce back win vs zombie Magic.
___ 
Game 25 --- ATL L 100-108 --- Record: 15-10  

Screwed out of the NBA cup by the refs!  But also out hustled.  Painful loss to you know who.  
___ 
Game 24 --- TOR W 113-108 --- Record: 15-9  

Get hyped! OG blocks RJ.  KAT hits the dagger for NEW YORK.  
___ 
Game 23 --- DET L 111-120 --- Record: 14-9  

💩 Stinker from start to end without KAT.  
___ 
Game 22 --- CHA W 125-101 --- Record: 14-8  

Immaculate vibes on Precious return!  A full quarter of garbage time (featuring Bridges).
___ 
Game 21 --- ORL W 121-106 --- Record: 13-8  

Elite offensive beats elite defense.  Bring on the NBA cup!
___ 
Game 20 --- NOP W 118-85 --- Record: 12-8  

Mikal Redemption!  I will hereby respect Mikal Bridges and I will NOT talk down on the future first-ballot hall of famer.
___ 
Game 19 --- CHA W 99-98 --- Record: 11-8  

Fugly win but a win.
___ 
Game 18 --- DAL L 114-129 --- Record: 10-8  

When it’s bad it’s AWFUL.  Unserious first half @ 11% from 3.  Mavs dominate without Luka or Klay.
___ 
Game 17 --- DEN W 145-118 --- Record: 10-7  

Satisfying win against a very good team.  Congrats OG on first career 40!
___ 
Game 16 --- UTA L 106-121 --- Record: 9-7  

Disappointing loss to the worst team in the NBA.
___ 
Game 15 --- PHX W 138-122 --- Record: 9-6  

Worth staying up late for Brunson/Towns double-30pt-double-doubles.  Win streak continues.
___ 
Game 14 --- WAS W 134-106 --- Record: 8-6  

Easy blowout.  Looking damn good.
___ 
Game 13 --- BKN W 114-104 --- Record: 7-6  

OVER 500!!!
___ 
Game 12 --- BKN W 124-122 --- Record: 6-6  

Relieved Jalen and Mikal come through in the end.  OG vs scumbag DFS.  Satisfying Hukporti minutes (finally).  
___ 
Game 11 --- CHI L 123-124 --- Record: 5-6  

Depression turns to hope turns to Hartbreak.  Disappointing loss after KAT erases a 20-point deficit.  
___
Game 10 --- PHI W 111-99 --- Record: 5-5  

Satisfying win.  Over the Sixers.  Time to start the OG All-Star propaganda.
___
Game 09 --- IND L 121-132 --- Record: 4-5  

Exhausted.  Brutal 4th quarter collapse.  
___ 
Game 08 --- MIL W 116-94 --- Record: 4-4  

Winning and grinning.  Nice comfortable win.  Doc on fraud alert 🚨.
___ 
Game 07 --- ATL L 116-121 --- Record: 3-4  
🧂🧂🧂
___ 
Game 06 --- HOU L 97-109 --- Record: 3-3  

Disappointed.  Hero ball fail.  Bench didn’t show up.  
___ 
Game 05 --- DET W 128-98 --- Record: 3-2  

Feeling pretty damn good.  This is the team we were expecting.  Thibs don’t ever change.  
___
Game 04 --- MIA W 116-107 --- Record: 2-2  

The KAT game - 44pts.  
___
Game 03 --- CLE L 110-104 --- Record: 1-2  

Towns and Brunson 1-5 from three.  Not each.  Combined.
___
Game 02 --- IND W 123-98 --- Record: 1-1  

Bridges and KAT doubters are real quiet right now.  Almost as quiet as Haliburton at MSG.

___
Game 01 --- BOS L 109-132 --- Record: 0-1  

Nobody hits 30 threes on the Knicks!  Deuce for 6 moty."
