,Title,Content
0,What everyone is missing about Nico Harrison,"I have seen so many posts about conspiracies popping up so I figured I'd write this post in hopes of explaining the move, as I think the conspiracies are a little to far out there.

I have spent the last several days listening to podcasts from anyone I can find talking about this trade and that led me to the DLLS Mavs podcast.  On Monday they streamed a show and one of the hosts, Tim Cato, who is a beat writer for the Mavs, talked about the trade and gave some really important information that I haven't really seen come up anywhere else, that I think explains the trade and all of the weirdness behind it.

At around 20 minutes into the podcast he explains that there is a strong belief that Nico doesn't see himself as a GM past a few more years.  This thought completely shades this trade in a different light.  

There are 2 things that prevent a GM from doing a stupid move like this. One is the owner or whoever they report to, and the other is their reputation.  For 99% of the people who become GMs, their reputation is everything because if they were to do what Harrison just did, and it doesn't work, they never sniff another GM job.  When you realize that he doesn't even plan on being a GM past this title window, it's easy to guess that he doesn't give a damn what his reputation as a GM is.  He doesn't need this job, or for this to be his profession.  

As for the owner part of this, they are not basketball people.  They are not like Mark Cuban or Steve Ballmer.  They leave all basketball decisions to Nico.  A lot of people made jokes about Cuban having ""control of basketball operations"" after he sold the team but I don't think that was some fake job title.  I think he was truly part of the decision making at the time.  When he was removed from the equation after the finals last year, it was all Nico's show to run.

Given all of that, I think the justification of this trade is super simple, he wanted to win a title with his close friend Anthony Davis. 

That's it.

It's why he didn't shop Luka around or care about even getting more from the lakers, he doesn't give a shit past 2 or 3 more years so why care about an extra pick, or what year the pick is.  Why care about what other teams can offer, if he only cares about Davis.  Why care about what Luka can be for the org for the next 10 years?  None of it matters to him.  It's as simple as ""AD is my guy, and I want to win with him, and i think we can do so in the next couple of seasons"".

It's why he made the weird jokes at the press conference.  I beleive he used the ""Luka being out of shape/injury prone"" excuse to get the OK from the oblivious owners(who were reportedly surprised by the reaction to the trade BTW) to make this trade for the simple reason that he is close with AD and he does not care what happens after the next few years as he will be gone no matter what happens.

TL:DR
Nico does not plan to be a basketball GM for more then the current title window, whether successful or not, and just wanted to try to win with his close friend AD."
1,Nico Harrison has been borderline one of the best GMs in the league what he has done improving this  ,
2,Did Nico Harrison just become the worst figure in Mavs history?,"One of my favorite parts of this sub is upvoting every “fuck r*ndo” (and wade) comment. I’d add Nico to this list, but I’m probably closer to just unsubscribing"
3,"[MacMahon] “I believe that defense wins championships,” Mavs GM Nico Harrison told ESPN regarding his motivation to trade Luka for Davis. “I believe that getting an All-Defensive center & an All-NBA player with a defensive mindset gives us a better chance. We’re built to win now and in the future.”",I’m still waiting for the sike. Like I’m genuinely baffled 
4,JJ Reddick realizing its not a dream and that Nico Harrison really is an idiot,
5,[The Volume] Colin Cowherd says that somebody close to Nico Harrison told him that Nico Harrison was forced to make Doncic trade by someone ''above and beyond the general manager''.,
6,"[Brad Townsend] I'm told that this was Nico Harrison's deal, that it took several weeks to play out after the Mavericks reached out to the Lakers, and that Harrison got full support from Mavericks governor Patrick Dumont.",
7,"Prediction: Mavs Will Miss the Playoffs, Kyrie Will Leave, and Nico Harrison Will Cement His Legacy as the Worst GM of All Time","The Dallas Mavericks are in absolute shambles. The team’s morale is nonexistent, the front office is in disarray, and the roster is heading straight for a complete collapse. My prediction? The Mavs will miss the playoffs, Kyrie Irving will leave this summer, and Nico Harrison will go down as the worst general manager in NBA history.

Let’s be clear—Harrison didn’t just fumble. He shanked the entire city of Dallas. But beyond the disastrous roster moves, the most damning aspect of his tenure is the internal dysfunction. No one in the organization—from the coaches to the players—saw this coming. This was done behind everyone’s back, and now the franchise is in complete freefall.

Harrison’s past “successes” in trades weren’t even his doing. It’s been Michael Finley and the assistant GMs keeping him afloat. But when we actually look at Harrison’s track record, it becomes painfully obvious that he’s been a disaster:
	•	He let Jalen Brunson, a future Hall of Famer, walk for nothing when he could have been signed to a five-year, $55 million deal.
	•	He just gave away Quentin Grimes, a 24-year-old who could easily be a 15 PPG starter if Jason Kidd actually played him, simply because they couldn’t reach a contract agreement.
	•	Daniel Gafford has been mentally rattled all season because the front office refused to extend him for two years—now he’s likely gone this summer.

And the fallout? A roster in complete ruins:
	•	Klay Thompson will request a trade.
	•	Anthony Davis will be out the door next.
	•	With no picks left to rebuild, the Mavs are looking at a 10-year wasteland.

The writing is on the wall—Nico Harrison will be fired within the next 12 months. It’s what I’m hoping for. It’s what I’m praying for. This front office failure cannot continue."
8,[Kevin Gray] 'Luka Dončić really offended every sensibility that Nico Harrison had about how to approach the game of basketball & couldn’t stand how Dončić comported himself',"I assumed this would have been shared already, but I searched new and didn't see it.

This is the take that I believe the most. NH has been quoted several times talking about ""culture"" and can't fathom someone who doesn't share the same mentality he does. What a terrible way to manage people.

[https://x.com/KevinGraySports/status/1891549536541130764](https://x.com/KevinGraySports/status/1891549536541130764)"
9,Nico Harrison and the FO are making Dallas a terrible destination for free agents.,"Another day and from what I see another hit piece from the FO saying that they were worried about Luka Doncic and his off the court habits as far as his hookah smoking and drinking of beer. With the way everything has been going and all the hit pieces that have been coming out, I’m pretty sure no big time free agents until the time Luka retires will even look that way. Organization is shooting itself in the foot every week. I honestly wouldn’t be surprised if Kyrie opts to not go back after the way Luka was treated. "
10,"Nico Harrison refused to give Luka $350M supermax deal due to his on/off-court discipline, per @TheSteinLine",
11,"[MacMahon] ""Nico Harrison has been subjected to death threats…security is going to be beefed up. There will be protests outside. Lines have been crossed.”",
12,"For anyone still going to games - it's time to start the ""F*** Nico Harrison"" and ""F*** the Adelsons"" chant at every opportunity, at every game, forever and ever. They don't deserve our support anymore.","Mark Cuban stuck with our homegrown talisman in Dirk Nowitzki through thick and thin, and he found a way to make it work -- no matter what. Sure, he made some terrible, terrible mistakes that handicapped Dirk's twilight years, but he was loyal and he f\*\*\*ing tried. Instead of trading Dirk, he did everything in his power to give Dirk a chance. You can critique Plan Powder and the rest of that, but that was done with the expressed intent of trying to get another superstar to play with Dirk to extend his career. For all his faults, Mark Cuban wanted to win, and he wanted to win *with Dirk*. And I'll bet anything he would've treated Luka the same way as he did Dirk for 20+ years. Loyalty.

The Adelsons and Nico Harrison just gave up on Luka and then proceeded to spit in his face and the rest of the fanbase's. Nico was supposed to be the ""relationship guy"" to attract more free agent talent to Dallas. How does he not know that this isn't NBA 2K where you can just shuffle players around without having lasting knock on effects on the credibility of the franchise? Plus, the fact that Nico did this unilaterally without telling anybody stinks to high hell of some shady shit going on.

Boycott these games.

But if you are going, I don't hold it against you, because basketball is a big part of a lot of people's individual lives, and the Mavericks have meant so much to so many people. Going to the Mavs games with my Dad was something I will always cherish, even when we sucked in the 90s. And it was something I hoped to cherish with my own kids one day. So if you have to go, I understand.

But make sure they know how you feel."
13,"Nico Harrison: ""Davis is a better cultural fit for what the Mavericks want to build.”","I just saw what Mr. Harrison told the team about the Luka and his reasons behind the trade. Of course, with a lack of reasons, he had to come up with the ""cultural fit for what the Mavericks want to build"" what does that even mean? His message to Mavericks [here](https://vsdistrictnews.com/sports-news/nico-harrisons-message-to-the-mavericks-after-the-luka-doncic-trade/)"
14,Nico Harrison only wants to pay 30+ year old players:,"He didn't want to pay Brunson at 26

He didn't want to pay Luka at 26

He didn't want to pay Grimes at 24

He didn't want to pay DJJ at 29

But 

He wanted to pay JaVale McGee at 33

He wanted to pay Kyrie Irving at 32 

He wanted to pay Klay at 35

He wants to pay AD at 32

Incredible."
15,"[Grant Afseth] Dallas Police Department's Public Information Officer tells me, ""There are no known threats at this time,"" directed at Mavericks GM Nico Harrison.",
16,"[Goldsberry] The Luka Dončić deal originally included multiple first-round picks, Dalton Knecht, and more, but was chiseled down after Rob Pelinka was able to convince Nico Harrison that taking on Luka Dončić was a big risk due to his weight and injury history.",
17,Luka to Nico Harrison after scoring his 77th point,If that mf has the balls to even show up
18,"Kirk Henderson @KirkSeriousFace on X (MavsMoneyBall) “I am so, so angry with general manager Nico Harrison, I decided to write him an open letter. I am so sorry, Mavericks fans. None of us deserved this.”","“It’s been two days now. Two days since I was considering winding down for bed before getting the baffling trade alerts that the Dallas Mavericks have traded Luka Doncic for Anthony Davis.

The night of to process my grief, I talked with Mavericks fans around the world for nearly four hours. Every refrain was some various of the obvious: how on Earth could the Dallas Mavericks do this? More specifically, and this is important, how on Earth could you do this?

Here’s one thing I have to give you, you tell the truth, even when you shouldn’t. That’s how arrogant you are, how self-assured you are. You told us Lakers general manager Rob Pelinka thought you were joking when you first proposed this trade. You told us Governor Patrick Dumont laughed when you brought up the idea (For future business deals: when principals of a deal are shocked, reconsider your stance, you’re not the smartest businessman in history).”  

Continued at the included link"
19,spotted in downtown dallas #FireNicoHarrison,
20,[Haynes] Dallas Mavericks have inked general manager Nico Harrison to a multi-year contract extension,
21,Demand the NBA to Initiate Sale of Dallas Mavericks from Adelson Family and Dismiss Nico Harrison,"Please sign this petition and share with everyone you know upset by the trade. Text of the petition below: 

Our beloved Luka Doncic was supposed to be the successor to Dirk Nowitzki's loyalty to Dallas - a figure that was more than just a player, but a cornerstone of our city. The Dallas Mavericks drafted him, he matured in Dallas, and by the age of 25, he has established himself as one of the greats in basketball. However, this particular trade instigated by the Adelson family and GM Nico Harrison has shattered the franchise along with our pride and spirit. 

The entire city of Dallas is in mourning, treating it like a bereavement of a relative, a testament to the profound connection we have with our team and the special bond we have with players like Luka. And the responsible parties? The Adelsons and Nico Harrison, the ones who threw our city into such despair, continue to stay, triggering continuous heartache.

The NBA has the authority to mandate check and balances to preserve the legacies of great teams and great players. It is more than just sports; it is about upholding the spirit of the city and maintaining the faith of millions of fans. Therefore, we are urging the NBA to intervene and ensure that the Adelson family sells the Dallas Mavericks and Nico Harrison is relieved of his duties. Let us recover from this tragedy and start rebuilding our faith in the team that has been an integral part of our city's identity.

If you, too, have bled alongside Luka on the court, then you know the value of our plea. Please add your name to this petition; let's bring back the soul of Dallas."
22,"Nico Harrison hid this trade from everyone because he knew it was malpractice and there would be public outrage from players, coaches, people, and the organization.","A lot of people keep asking why they did not reach out to other teams for more assets, and other things like that. And its still puzzling, but I think a major reason why Nico Harrison did not reach out to other teams and why this trade was done in full secrecy without even the coaches, players or agents knowing is because there would have been huge public outrage from Doncic, other players, teams, coaches, and people. It would have been so bad and everyone would disapprove it so much to the point where this trade probably would not have been able to go through. It would have been rejected by people within the Mavs organization and basically the public. Nico Harrison knew that this trade was a malpractice, and thus decided it was best to just not tell anyone even the coach or Luka Doncic. And IMO him operating behind everyone's backs without even telling the players' agents is very wrong on his part."
23,Q: Is Nico Harrison the worst villain in DFW sports history?,"Over the past few days, I've been thinking about that question and trying to go through each potential villain the Cowboys, Rangers, Mavericks, and Stars have had in their histories.

If you ask me, I think Nico has to be the worst, (and you can group Dumont/Adelson with him, too) because none of our fanbases experienced anger, apathy and low fan morale like what we are going through right now, and it all started with one stupid, foolish, unjustifiable move.

Other candidates:
Dwyane Wade: used to be at the top until the 1st of February, fuck him.
DeAndre Jordan: There's still hard feelings for spurning us the way he did, even after eventually signing with us.
Jerry Jones: probably was the worst villain currently (Stephen too) until Nico.
Buddy Ryan: If you ask me, maybe the worst villain in Cowboys history, he was the ultimate agitator, placed bounties and had such a punchable face.
George Preston Marshall and Roy Hofheinz: tried to block the Cowboys and Rangers franchises (respectively) from ever existing and for a while, it worked.
David Freese: Broke my 7-year old heart that one October night in 2011. Even after the Rangers won it all 12 years later, that still hurts.
Tom Hicks: Ownership started great, got a Cup, but when he bought the Rangers, it quickly devolved into a dreadful experience that ended in the Rangers and Stars going bankrupt, just an embarrassing chapter all around.

Even after going through those and making a list of at least 40 or so other names (and teams), Nico (and Dumont too) is the worst villain in DFW sports history, at least if you ask me. I'm curious to hear what y'all think?"
24,Dallas Morning News' Tim Cowlishaw: Here’s the problem with shoe-salesman-turned-GM Nico Harrison’s new Mavericks team,
25,[Grant Afseth] Nico Harrison says he anticipates “nothing happening” with the players who ranked in the “top seven or eight” for minutes played.,"For context the top 7 in minutes (per game) are Luka, Kyrie, PJ, Gafford, Lively, DJJ, Green

The 8th would be THJ from the regular season, Maxi from playoffs

He also said “Regarding Derrick Jones Jr., Harrison called him “priority 1A and 1B” and will do whatever required to re-sign him.”
"
26,"[Givony] Rich Paul: ""Nico Harrison is like an uncle to Bronny. If the Lakers don't take him at 55, Dallas would take him at 58 and give him a guaranteed deal.""","""There are other teams that love Bronny. For example, Minnesota Timberwolves, Dallas Mavericks, Toronto Raptors. If it's not the Lakers, it will be someone else. Minnesota would love to get Bronny in, but I don't know who their owner is going to be. \[Mavs GM\] Nico Harrison is like an uncle to Bronny. If the Lakers don't take him at 55, Dallas would take him at 58 and give him a guaranteed deal. Masai \[Ujiri, Raptors president\], loves him. They could take him without even seeing him at 31. Workouts aren't everything for these teams.""  
[https://www.espn.com/nba/story/\_/id/40387379/agent-says-limited-nba-draft-workouts-bronny-james-design](https://www.espn.com/nba/story/_/id/40387379/agent-says-limited-nba-draft-workouts-bronny-james-design)"
27,The Luka trade literally killed my love for NBA basketball. I'm 100% done forever.,"It all comes down to a fair playing field, and in this current NBA, you simply don't have it, and never will. Everything will ALWAYS favor big market teams.   
  
Now I'm not under some delusion that the NBA was ever ""fair"", big market teams ALWAYS dominated the landscape for free agency, and winning Championships until the San Antonio Spurs proved otherwise. But for the most part it's been LA/SF-Oakland/NY/Chicago/Boston/Miami for the past 40 years. 

But what was pulled last Saturday was criminal, and I for one won't be supporintg it anymore. I cancelled League Pass, won't be signing up for Youtube TV for the playoffs, no more front row AAC tickets, and definitely won't be back. Luka was OURS. We drafted him. We welcomed him. We loved him. They threw him away for garbage. I can't forgive that, ever.  
  
The collusion between Nico Harrison (LA guy), Pelinka (LA guy), Adelsons (Vegas guys), LeFlop (he knew about the trade), and Adam Silver was so obvious, that I'm surprised none of the major networks have put 2 and 2 together. They all orchestrated this trade for obvious reasons to the detriment of Mavs fans, and ALL basketball fans IMO.

1) **Failing NBA ratings.** Ratings are down 40-50% in most markets and stealing Luka away to a big market is a desperate attempt to bolster them. Instead of changing the rules, getting rid of flopping, ticky tack fouls, and just letting people hoist up three pointers uncontested, they would rather pull off a heist like this. Adam Silver deserves some of the blame for this happening. 

2) **Vegas** \- The Adelsons have been pushing for gambling resorts in Texas hardcore for the past month (and longer behind the scenes). I live in Central Texas and every damn Youtube ad is literally a group funded by the Adelsons begging to allow full on Vegas gambling resorts in Texas. Now I'm not a hater of business (as a business owner myself), and honestly I would be tempted to vote ""Yes"" when I saw it on the ballot because of the increased tax revenue. But this latest treason from the Adelsons has made me want to commit and donate $25,000 AGAINST the initiative. If they move the team to Nevada, so be it (Adam Silver will let them do it). These people did Mavs Nation dirty. 

3) **LeGM -** I can't understate how much I hate LeFLOP, and his constant quest to get better and more superstars to ""help"" him on his quest to get one more ring. Him, Pelinka & Nico, and Jeannie Buss were in on this 100%, if you believe otherwise, you're only fooling yourselves. There's been rumors that AD and Lebron's relationship has been souring over the past 12 months, and AD's complaints about ""playing the 5"" have annoyed management and Lebron, who believe AD should play the 5. Lebron mentioned before the season, the guy he would most want to play basketball with is Luka Doncic, which most of us would have thought impossible at the time. Now it's magically happened BEHIND the scenes, without any other competition or bidders, on a deal that you couldn't even get accepted by most A.I powered GM models. It also coincides with Lebron only having maybe 1 season left ins his career, just in time for Luka to take the leadership of the Lakers and become the face of L.A basketball for the next decade. How does something like this happen without any collusion? I can't even imagine it, and neither can any A.I models. 

Because of all this, I can't stomach watching this tainted product anymore. I will enjoy all the memories I've gathered over the years. My first front row AAC playoff game was the game Luka managed to stave off a sweep against the Warriors (who eventually would win it all). The way Luka valiantly fought off the sweep with DoDo going off, and a young Brunson hitting some key shots, I'll always remember, mostly because I lost my voice screaming. 

It's been good chatting and reading all of your guys thoughts on Mavs basketball, and the community has always been a fun one, but it's time my friends. I'm out. "
28,Nico Harrison’s decisions will truly haunt the Mavs forever,
29,Is Nico Harrison Racist?,"Hear me out... I think this is a legitimate conversation that needs to happen. Let's take a brief look at Nico's trade history:

1. Trades Kristaps Porzingis to Washington  for pennies on the dollar. Remember, everyone said Mavs got fleeced when this went down, especially including a 2nd round pick in the deal.

2. Traded Boban Marjanovic to Houston

3. Traded Davis Bertans to OKC

4. Traded Josh Green to Charlotte

5. Trades Maxi Kleber to Lakers

6. Trades Luka Doncic to Lakers for next to nothing.

The Mavs now have acquired 17 players of color in trade, while only acquiring 1 white player in Davis Bertans, who keep in mind was traded away ASAP. This is a 1:17 ratio despite the NBA being closer to 1:4 of white players to players of color. 

Let's go a step further, up until just a few days ago when Nico signed Kylor Kelley to a 10-Day contract, *every single new player Nico has signed to 10-Day or 2-way contracts has been a player of color*. Given we know this trade was in the works since early January, you could ask if the Kylor Kelley signing was damage control?

Then finally the biggest head scratcher is the Luka Doncic trade. There is literally no way to justify this, it is the worst trade in NBA history and possibly in all of sports history. I won't ramble about how insane and nonsensical this trade was, I think we all understand. We all know there has to be more to the story for this to transpire, could the answer be right in front of us?

The Mavs now have no white players on the roster other than Kylor Kelley. I know this sounds like it's out there and reaching, but seriously, I think this is something that needs to be talked about. Is Nico racist towards white people?"
30,Ladies and Gentlemen...NICO FREAKING HARRISON,"Took over in late June 2021. This is what that man did with bad contracts, no assets, and a team that could not get out of the first round. In just 3 seasons....***He turned this.....***

This was the Mavericks Opening night roster and Salaries.

2021 - Total Salary $126.6M

**Starters:**

DFS $4M

THJ $21.2M

Powell $11M

KP $29.4M

Luka $10.1M

**Bench:**

Maxi $8.7M

Bullock $9.5M

Willy Cauley Stein $4.1M

Sterling Brown $3M

Trey Burke $3.1M

Jalen Brunson $1.8M

Frank $1.7M

Josh $2.9M

Boban $3.5M

Moses Brown $1.7M

***INTO THIS.....***

2024/2025 Mavs

Luka

Kyrie

PJ

Gafford

Marshall

Klay

Lively

Exum

Hardy

Omax

Maxi

Powell

Lawson

**Under the first tax apron, with some pick and two 50+ win seasons, two trips to the Western Conference Finals, One Western Conference Finals Championship and One Finals Appearances. LET THIS MAN COOK**"
31,"Mavs GM Nico Harrison regarding the trades, Via Dallasnews.com and brad townsend",
32,"[Townsend] Nico Harrison’s trade-deadline handiwork:  P.J. Washington: 32 points, 5 rebounds, 5 steals, 3 assists, 2 blocks.  Daniel Gafford: 10 points, 15 rebounds, 5 assists, 3 blocks.",
33,An Open Letter to Nico Harrison,"Dear Nico, 

At this point I feel bad for you. You flew too close to the sun. I get it, power is intoxicating, and heavy is the head that wears the crown. The problem is, that’s not you. That was never you. Before Luka came to Dallas, the Mavs were a lottery team while you signed papers at Nike. Jason Kidd was a historically bad coach. Ticket sales were low. Jersey sales were propped up by an aging shadow of what Dirk once was. It seemed like hope was lost. Then it happened. The Mavericks found the only man who could possibly carry on Dirk’s legacy. He was European, he was a transcendent talent, he had his ups, he had his downs, he struggled on defense. But you know what? He was ours. He bled for us and we gave our hearts to him. He could’ve tried free agency, demanded a trade, but he didn’t. He chose us and we chose him. The organization lucked into the only player who Mavs fans could immediately crown as the next Dirk. A top 3 player in the NBA, a future hall of famer. And the best part? He was taking us to the Finals at only 25. The potential was overwhelming. We dreamed of where he could take us with all the time we had left. But you ripped that time away from us. You sold the soul of a city for your friend. And we will never forgive you for that. And maybe Luka would’ve brought us championships, maybe he wouldn’t have. But we were ready to win or lose with him until he retired at center court of the AAC. And the worst part? I really think you convinced yourself this was the right move. You may even still believe that. But one day it will hit you, and I hope you can repent for the mistakes that you have made. You have broken the hearts of countless Mavs fans. Not just now, but for years to come. You’ve turned a title contender with a decade long window into a team that has no future beyond the next 3-4 years. And like you said, you’ll be buried by then.

Sincerely,
The City of Dallas"
34,"[Townsend] Nico Harrison said he did text and leave a phone message for Doncic. “My guess is he probably doesn’t want to talk to me,”","“I understand why [fans] would be shocked, initially,” Mavericks general manager Nico Harrison told The News. “But I do believe that we positioned ourselves to **win now** and also win in the future.

“And that’s ultimately the goal and why we’re here. It’s one of those things where it’s my job to make the tough decisions that put our goals first and foremost.”

**Harrison told The News that he and Pelinka began having “basketball” conversations more than a month ago**.

**“Then all of a sudden we’re like, ‘Would you ever do this?’**

**‘Nah, you’re joking, right?’**

**‘Hmm. Interesting. Maybe I would.’**

Added Harrison: “And then it just built over time over the last three weeks.”

“We really feel like we got ahead of what was going to be a tumultuous summer, him being eligible for the supermax and also a year away from him being able to opt out of any contract,” Harrison said. “And so we really felt like we got out in front of that. We know teams, they’ve had it out there, teams have been loading up to try to sign him once that comes available.”

Harrison said that as of early Sunday morning, **he had not communicated directly with Doncic**, but, rather Doncic’s agent Bill Duffy.

Harrison said he did text and leave a phone message for Doncic.

**“My guess is he probably doesn’t want to talk to me,”** Harrison said.

https://www.dallasnews.com/sports/mavericks/2025/02/01/dallas-mavericks-luka-doncic-trade-lakers-anthony-davis-max-christie/"
35,"[Star-Telegram] ‘No plans’ to move Dallas Mavericks to Las Vegas, GM Nico Harrison tells employees on call",
36,"ESPN's Tim MacMahon calls Dallas Mavs reporter Grant Afseth a ""wannabe reporter"" because Afseth actually fact-checked MacMahon's report about death threats for Nico Harrison and the team with the Dallas PD.",
37,"TrueHoop: 'It’s a lock that there’s more going on here behind the scenes. Please don’t tell me that Nico Harrison is a dumb guy. David Thorpe talked to a who’s who of NBA people since the trade, and concluded Monday morning: “There’s no fucking way Nico Harrison wanted to do this.”' [Paywalled]",
38,Nico Harrison does not care about the Mavs long term ‼️,"From what I understand he thinks the trade helps us short term. Some may agree some may disagree, I disagree. But long term (10 years) he doesn’t even see him as part of the franchise. How can let someone like this trade away a generational talent that’s only 25. We were set to be a good team/ fun to watch team for the next 10 years no matter what. Trading away luka completely robs us from future success. In the next 2-3 years expect us to be one of the worst teams in the league. "
39,Ethan Strauss - Nico Harrison is not fit to be an NBA GM  |  The Dumb Zone 2-4-25,
40,"Unless you can prove that the idea to trade luka was Dumont's idea, Nico Harrison is the real villain here.","Everything about this trade is weird and shady. .

1. LeBron, AD, and Klutch pretended they didn’t know this was coming. Windhorst lost credibility by parroting this line and was very defensive during his last podcast.

2. The NBA was in zombie mode with low ratings until this trade. Now, post-trade, all Lakers games are must-watch TV, and the dominant narrative over the next five years will be whether LeBron can win more rings than MJ and become the greatest player of all time. He will even play past age 45 to win his seventh.


3. This smells like collusion between Nico and Klutch, and the trade should be voided or vetoed. Mrs. Adelson should ask Trump’s Justice Department to investigate Nico Harrison for collusion and for misleading the family regarding Luka."
41,Am I the only one who feels like they're putting together a narrative to smear Luka's rep and save face??,
42,Nah..Nico Harrison is actually EVIL,"This mf is a sociopath dawg. You guys should give this video a watch cause omg this guy should NOT be in the league. This man is not only power hungry but also a coward. Who wasn't willing to confront Luka and resolve their issues. 

And most importantly stop using Kobe's name to bash Luka. You didn't ""lived it"" like you said. There's no way someone who has ""lived it"" would be such a coward.
"
43,No Defense: Why Nico Harrison’s Reasoning for Trading Luka Doncic is Flawed,
44,FIRE NICO HARRISON,
45,Mavs team try outs this Friday,Who is going? 
46,"After his first tenure of being the Mavs GM since 2021, will Nico Harrison face the axe at the end of the 2024-25 season?","First off, to address the oddity of my appearance, I am indeed a Thunder supporter, but I've also been following the recent circumstances of the Luka trade with shock and awe. The time I discovered the trade was at a Waffle House after a wedding gig that didn't feed the musicians, but I digress.

However, looking more throughout his body of work, and including the concurrent trade of Quentin Grimes, I can't help but to notice a significant trend of players/assets that he has either traded away, mismanaged, or let walk throughout the years. And in order for me to understand the current circumstances, I had to dig back to the start of his tenure in the 2021 offseason.

***2021-22:*** At the end of the year, it appears that Jalen Brunson could've been extended from his rookie contract, but the FO denied it. Leaving him to be a free agent in the offseason, he took the offer for the Knicks, where he became an all-star and finished top 5 in the MVP vote of the 2023-24 season.

***2022-23:*** At the end of the season, Kristaps Porzingis is moved in a 3-way trade to the Celtics. While I can understand that his impact may have been less than stellar in the playoffs that year, his effectiveness would prove essential in the regular season, even initially to the playoff push that gets the Boston Celtics to their 18th title a year later.

***2023-24:*** As far as I'm concerned, this appears to be the only offseason where there was some semblance of a move forward, considering the trade of Tim Hardaway Jr. for Quentin Grimes. Fresh from a run of a title chase, one would believe that this would yield positive results... except that now we have to discuss the current season. 

***2024-25:*** None of this year has made any logical sense. Every move has seemed to thin out the depth of the rotation. We all know of the Luka trade to the Lakers for Anthony Davis, that's a given. However it's the other piece that they've given away as a result that further confuses me. The trade of a 24yo Quentin Grimes averaging 10ppg for a 29yo Caleb Martin averaging 8ppg. What makes the matters worse is that in the past three games, Martin has scored a total of 21 points combined while Grimes has scored 25 just for today. Even for a hobbled Sixers team, he's putting up efficient numbers that could easily land him in all-star conversations. His last five games from recent to oldest, he has scored 25(W), 6(L), 30(L), 14(L), and 44(W).

So for me at least, there appears to be a concurrent trend when it comes to his decision making, and it's two key things that stick out to me the most: **Impatience and incompetence.**

The show of impatience has been evident throughout his tenure. A player performs badly through injury or sits out too many games due to the issue thereof, he instantly seeks to trade them. If a player seems to show some mode of discourse of staff selections, he doesn't appear to go through with a dialog, he trades them instead. And then there's the incompetence that plays into that impatience, the lack of foresight for the available pieces he has at his disposal, the mismanagement of draft assets, the inability to negotiate for a more favorable future in the instance of unfortunate turnabouts. Not only has his impatience cost him the trust of a fanbase, but his incompetence has neutralized the future both near and distant. And I don't see much in the way of his draft selections being great either, especially when Dereck Lively was a pick made by Sam Presti. 

I know that most fans will seek the opinion of his head rolling at the season's closing, be it the play-ins or the dead halt of that 82nd closing buzzer of the season. I would say personally that his tenure has showed every reason he should never touch an NBA franchise in the future period. But that isn't really up to the fans to decide. 

The better question is this: Do you personally feel that the ownership group will keep Nico beyond this season, or will begin to look elsewhere?"
47,Nico Harrison's desire to trade Luka Dončić had been suspected by those familiar with his thinking months before it happened.,
48,"[Evan Sidery]The Luka Doncic trade would’ve included Dalton Knecht and more first-round picks, but Rob Pelinka was able to convince Nico Harrison that was too much due to his conditioning concerns, per @kirkgoldsberry. What an unbelievable blunder for the Mavericks.",
49,"Nico Harrison when asked how this trade helps the Mavericks long term: ""The future to me is 3-4 years from now. 10 years from now I don't know. They probably bury me and J[ason Kidd] by then. Or we bury ourselves.""","So there we have it, Nico openly admitting he does not give a single fuck about the future of this franchise. 10 years from now Luka will be 35 and still capable of leading a championship team, while Nico knows he will be gone if this team led by aging, injury prone robins doesn’t manage to win multiple titles immediately.

This is why you don’t let desperate GMs make stupid, short sighted moves that will significantly harm the future of your franchise, they don’t give a fuck about the future. Completely unbelievable the dumbass Adelsons and Dumont would OK this unless either collusion is at play or they are just trying to force their way to Vegas by alienating the fanbase, there is no other possible way humans could be stupid enough to OK a Luka trade. Like this move might as well have just halved the value of the franchise, that’s how significant Luka level players who are loyal are.

BTW this clown also said “The easiest thing for me to do was do nothing, and everybody would praise me for doing nothing”. Yea no shit, because trading away a generational talent when he wants to be on your team for life IS A LITERALLY BRAIN NUMBINGLY AWFUL DECISION. OF COURSE YOU WOULD BE PRAISED FOR KEEPING LUKA, WHY TF WOULD YOU EVER EVEN ENTERTAIN MOVING HIM??????"
50,"[a complete known] this is the most damning and infuriating thing i’ve ever read. if everything in here can be taken at face value, Nico Harrison is an egomaniac monster who single-handedly ruined a beloved pastime for millions of people. he deserves vilification for the rest of his natural life",Couldn’t have said it any better myself.
51,we need to make a petition to fire Nico Harrison,"We need to make a petition to fire Nico Harrison, we CAN NOT let this man stay in this org if he treats are STAR PLAYER like this. I am at a loss for words and will probably never watch a mavs game again if he stays with this team, hell I might still never watch a mavs game again after this..."
52,Disgusting. Nico Harrison and the Adelmans should be drawn and quartered for what they've done,
53,Nico Harrison’s plan going forward?,"So, I guess I’m in the acceptance stage of grief since there’s literally nothing that can be done to change what has transpired.

Last year, we were at the same point record wise we are now and made a grade trade to pick up PJ and Gafford. These were tremendous trades as both helped contribute and propel is all the way to the Finals last year, mostly carried by Luka and Kyrie. I don’t know if the Finals were our expectation, but we exceeded them for sure.

Going into this year, with the offseason additions we added like Naji, Grimes, Klay, I would think that barring injuries our expectation is at least making the Western Conference Finals, right?

Now that we have traded our best offensive player -generational player actually in Luka, what is Nico Harrison’s goal. Does he think we will get to the Western Conference Finals this year? I don’t really see it. Let’s say we don’t make the playoffs at all this year.

Let’s also say we are patient enough to see what he does by end of this year with any moves via trade or free agency. I would think, again, since he has made one of the biggest and mind numbing trades in NBA history, if we don’t make at least the Western Conference Finals, then Nico has been an abject failure as GM - despite whatever happens to Luka in LA. If we don’t see a Finals appearance in the next 3 seasons, then this was an absolute disaster and maybe the worst decision ever. That was the fan base’s expectations already with Luka as our main guy and building around him. I’m giving Nico a little time personally, but tick tock, dude.

"
54,"If the explanation is true, Nico Harrison is a narcissistic sociopath.","We know they are around us. Mentally dysfunctional humans who's brains operate from a base of what most would call evil. They make up around 3% of the population, and because of their complete aversion to normal human emotion and empathy, they tend to be successful in life. They crave attention above any currency in the universe. Likely from a terrible upbringing, they are programmed to scan reality for ways to reaffirm their existence - like pinching your skin, but it's an itch that can't be scratched. It's not about whether their actions create happiness or sadness, its about having a spotlight in their own twisted reality of living. It is utter and complete selfishness. It's why the phrase ""nice guys finish last"" and the feeling that ""good things always happen to bad people"" is commonplace. I will not blanket state that all successful people are evil and lack empathy, only that people who lack empathy tend to find themselves climbing ladders in this society more easily.

These people actually revel is creating chaos and pain on others. We all know the ""archetype"" of the narcissist who blows up relationships and almost seems to enjoy it. **Nico Harrison is that person**. Nico Harrison fulfilled his own selfish, sadistic, need for attention by making the worst deal in sports history - and the complete backlash it has caused, the pain and destruction to an entire fanbase and city, is his twisted, completely selfish way of affirming that he exists, that he matters, that he can push buttons and make things happen in his external reality. It's a fetish.

This is a mental illness, a misfiring within the brain, that has caused wars, death, famine, destruction, suffering. That may sound extreme, and I recognize we're still talking about sports here, but these illnesses don't exist in a bubble, they show up in countless settings in life.

Nico is gratified by this. This was his goal. There is no rational explanation because a healthy brain would never do something like this. This was his long play. To build this whole thing, to put on his mask and convince a handful of powerful people that he has their interest in mind, to bring hope to millions, to bs these stars into coming here, to get an inch within the finish line - just to literally watch it burn. 

**The Joker is our GM.** Luka was our Batman. We just watched our hero die at the end of the movie.

And the credits are just rolling, but they're one name long. As was planned."
55,How did Nico Harrison get hired in the first place?,"Guy had no front office / scouting / analytics experience whatsoever. No NBA experience. I can see it if they had accounting / cap / law experience, nope.

Nike executive okay, completely different industry and field. Players like him and he has good connections that's it? Reminds me of corporate where the people who can talk the bs and kiss ass move on up the ladder with no valid reasoning.

Pretty much a blank resume. As a complete stranger, most jobs require ridiculous years of experience just to get your foot in the door, but not to run an NBA team?"
56,[Stein] Sources tell @TheSteinLine that Nico Harrison and Michael Finley were scheduled to be in Calif. for Sunday's start of free agency to pitch Klay directly while the Mavs remain engaged with Golden State on sign-and-trade talks should he choose them.,
57,Nico Harrison & Jason Kidd Full Press Conference on Luka Doncic Trade,
58,This is the same Nico Harrison who Traded Kristaps Porzingis for Bertans and Dinwiddie,"Nico Harrison has made quite a few good moves however this eerily similar to the KP move. Something nobody was expecting and an ultimate fleece we walked away fine but Dinwiddie and Bertans were negative contracts and bad players KP was doing fine when we traded him injury prone. We definitely could’ve gotten more than what we did.

Same thing with Brunson letting him go yeah there was collusion. However we could’ve prevented it."
59,"[@CoachTomlin] Really appreciative to have some special guests/friends at practice today. Thanks to @RealJasonKidd, @NicoHarrisonGM and @LeVelleMoton for being around the last few days, sharing ideas and just talking ball. I love it.",
60,"[Goldsberry] The Luka Dončić deal originally included multiple first-round picks, Dalton Knecht, and more, but was chiseled down after Rob Pelinka was able to convince Nico Harrison that taking on Luka Dončić was a big risk due to his weight and injury history.",
61,Nico Harrison interview for Slovenian TV two weeks ago,"It starts at around 1:50. If you can't see the video and are interested to know what he Said i'll try to caption it in the comments, just lmk if you need it. All I will say is, whoever trusts this guy in the future deserves to be fcked by this rat."
62,An Open Letter to Mavs GM Nico Harrison,"Not my words but a beautifully written piece expressing the feelings of Mavs fans everywhere.

https://www.mavsmoneyball.com/mavericks-features-profiles/2025/2/3/24357991/an-open-letter-to-dallas-mavericks-gm-nico-harrison"
63,Mavs Front Office,
64,Nico Harrison on Luka two weeks ago,
65,"Nico Harrison Admits Rob Pelinka Planted the Seed Over Coffee, Slowly Reeling Him in Over 3-4 Weeks Before He Ultimately Traded Away Luka",Listen to what he says from 3:20 onwards. 
66,"[Weber] Nico Harrison if Melvin Ajinca will play for the Mavs or continue to play overseas: “The beauty of him being a European player, we have a lot of optionality, and I think both things are on the table. We don’t have a lot of roster spots available…We can kind of figure it out as we go.”",
67,ICYMI: GM Nico Harrison sits down with Ben & Skin on the newest episode of Poor Spacing 😎 #nba,I like this gentleman’s approach to building a squad. He’s so good. I feel like he’s gonna get back in the kitchen soon. 
68,The nerve of this guy to show his face on TV.,I ain't put the game on to see this weirdo on here 
69,"Even if it all works out, I promise I will never celebrate Nico Harrison. It just feels dirty.",I’ve been a Mavs fan forever. I hope we still win championships and even if it works out I will be there to Boo the man’s entire family if they ever show up to for an honoring of him And then that moment I will get over it. 
70,"[NBACentral] The Dallas Mavericks are looking to add Kevin Durant next to Kyrie Irving and Anthony Davis, per @TheAthletic  “League sources say the Dallas Mavericks, fresh off their Luka Dončić-for-Anthony Davis swap that sent shockwaves through the Association","Continued: “have dreams of adding Durant to their Davis-Kyrie Irving-led group. While the likelihood of Dallas pulling this off now appears unlikely, the mere idea of Durant joining Dallas’ star-studded group sheds new light on the thinking of Mavericks general manager Nico Harrison after he was roundly”

(Via nyti.ms/40JrC0I)
"
71,Nico Harrison?,"NBA fan coming in peace. I really feel for you guys because this trade flat out makes no sense, pure malpractice or under the table deals being made. Either way unacceptable. My question is about Nico Harrison as today was the first time I heard him speak, but he genuinely seems like a low IQ individual based upon his speaking ability. Listening to him talk genuinely threw me off because his lack of understanding on how to articulate himself left me wondering if there was signs of this idiocy in his past or is he just this shit at talking? "
72,Nico Harrison has violated the Geneva Convention,
73,"Nico Harrison when asked about talks with Mavs governor Patrick Dumont on the Luka trade: ""The first time, he laughed at me...at some point, if it doesn't work out, then I'll be judged for that.""",
74,"[Tim Cato] “There has been belief, which multiple team and league sources expressed to me over the past months long before this trade, that Harrison does not have a long-term desire to remain in his current role as general manager.”","Is this Nico Harrison saying. If I ain't staying here for long anyways. I'm doing it my way, with my guys (Nike: AD, PJ, Kyrie) and if I lose who cares. If I win I'm a legend?

Man I did not know I could genuinely hate a single person this much. Not only did he just execute the soul of this franchise. This sociopath just does not care. He is building this team as if it's his personal AAU team and has 0 regard for anything this franchise meant, is and will be in the future. The Mavericks as we know it are dead. Having been here for 7 years, knowing some have been following it for DECADES. Man I'm heartbroken.


source: https://alldlls.com/luka-doncic-mavericks-trade-nico-harrison-reporting-details-why-how/"
75,A comprehensive list of everything that has gone wrong for the Mavs this season.,"I was going to post this at the end of the season, but after today's news I can't handle this shit anymore it's so over we're so cooked fuck Nico Harrison sell the team

Ever since NBA training camp began in October:

\-Dante Exum, expected to be a key contributor, fractures his wrist the first day of camp and misses 5 months. 

\-Luka misses almost the entirety of camp and preseason with a calf injury that lingered even after he returned.

\-Mavs lose 4 straight games in excruciating fashion by single possessions and fall to 5-7, while also dealing with injuries to PJ Washington and Dereck Lively. 

\-Luka misses time and the Mavs stay afloat but [half the team gets the bubonic plague from Jimmy Butler](https://www.reddit.com/r/nba/comments/1haizm4/did_jimmy_butler_commit_biological_warfare/?utm_source=share&utm_medium=web3x&utm_name=web3xcss&utm_term=1&utm_content=share_button); Naji Marshall is hit the hardest and misses over 10 games over the course of the season with illness designations.

\-After a 14-3 stretch, Luka suffers a calf strain during the second quarter of their Christmas game, leading to the most significant injury of his career and an over 2 month absence. Unbeknownst to us at the time, this was his last game as a Maverick, and the beginning of the end.

\-Naji Marshall suspended 4 games for (rightfully) bitching Jusuf Nurkic and then trying to fight him in the tunnels too.

\-Kyrie misses time due to a bulging disk in his back that we still don't really know the details or severity of.

\-Lively fractures his foot and could miss the rest of the regular season after the reports initially were it was just a minor sprain.

# -The trade.


\-""Defense wins championships""; Immediate Luka smear campaign even before the trade became official 

\-Nico Harrison and Jason Kidd's first press conference post trade, where Nico enrages Mavs fans by cracking jokes and then basically says he doesn't give a fuck since they'll probably be gone in a few years anyway 

\-40 point loss to the Cavs in the first game post trade 

\-Quentin Grimes is traded to the Sixers for Caleb Martin, an older, worse, and more expensive player,  while the team is in Philly about to play them. Caleb Martin's medicals were so concerning that he went from being questionable the game after he got traded to out indefinitely again. The Mavs were given the option to void the trade due to this but didn't after receiving an additional 2nd round pick. At the time of this post Martin has been assigned to the G League for rehab and still has not played a game as a Maverick.

\-Reports of supposed death threats towards Nico are shared on national TV, while Dallas police says there were no credible threats. (I understand there is a difference between social media threats and actual credible threats and if you're the target the former is still a threat to you)

\-ESPN's Tim MacMahon makes a fool of himself beefing with Dallas local journalist Grant Afseth over the above reports.

\-Mavs fan stage a protest at the first home game post trade.

\-AD dominates in his Mavs debut, giving fans something to cheer for, then gets hurt re-aggravating a prior injury, perhaps the most Anthony Davis game ever

\-Dumont continues the smear campaign and essentially directly calls Luka out for his work ethic, gets clowned by LeBron 

\-Daniel Gafford gets hurt and it's later revealed to be a MCL sprain that's projected to keep him out for the rest of the season; with no healthy bigs on the roster Mavs are forced to rely on 6'7"" forwards OMax Prosper and Kessler Edwards (who was on a 2-way contract) at center.

\-Multiple fans removed from a game for making signs and making statements against Nico and the organization.

\-Dirk shows up to Luka's Lakers debut, which is about as public of a denouncement of the trade as can be coming from him.

\-Jason Kidd unprecedentedly doesn't give a post game press conference after a last second loss to the Kings. He later states it was due to the frustration of the game, both losing in that fashion and losing yet another key player to a long term injury.

\-Mark Cuban tells fans to shut the fuck up at a game for making statements towards the organization, and gets into arguments on Twitter after falsely claiming fans booing a fans ejection over protesting were booing the fan.

\-In the last game before the All Star break, the Mavs were missing 8 different players due to various short and long term injuries. 

\-Respected assistant coach and former player Darrell Armstrong is arrested for assault with a deadly weapon. 

\-The Mavs release a hype video on social media, and in clips where Luka is visible he is sloppily edited out or censored behind a logo. 

\-In their first meeting since the trade, Luka drops a triple double in a win in his new home in LA, with Nico Harrison in attendance. Luka greets and hugs every Mavs player and staffer post game except for Jason Kidd. 

\-The Mavericks raise season ticket prices for next season at least 8%, despite current ticket prices for games falling by a large amount, to ""invest in the team"". 

\-Kyrie tears his ACL, grimacing to return to the game and shoot 2 free throws in a heroic last stand before leaving the game, and the season, for good. He'd been playing nearly 40 minutes a game since the trade, as an almost 33 year old small guard with an injury history and playing as the only offensive engine on the team.

There's still 20 games left in the season so who knows what else could happen! I love basketball!"
76,The Premeditated Murder of the Dallas Mavericks,"*From a former MFFL - Fuck you Adam Silver, Miriam Adelson, Patrick Dumont, Nico Harrison, and anyone else involved in this trade. Do the right thing and reverse the trade, Adam.*



**Trading Luka Doncic away at age 25?** Institutionalized for life.

**Trading Luka Doncic away for 10 firsts?** Still solitary confinement. What would you rebuild for? A chance at getting another Luka?

**Trading a 25-year-old generational superstar to the fucking Lakers f**or an **injury-prone, 31-year-old Anthony Davis** and scraps?

Without shopping him around?

Without even pretending this was about basketball?

And then gaslighting the fans—saying this was about **Luka’s conditioning and injury**? Saying this gives the Mavs a **""win-now window""** for the next 3-4 years while **not considering 10 years out**?

You can’t make this make sense.

\--

# Why are Mavs fans so emotional about this?

I’ve been struggling to explain this to people who don’t understand sports.

Being a sports fan isn’t just about watching a game. It’s about *growing up* with it. It’s about your formative years, when your brain is still wiring itself, when everything feels big and important and full of possibility. And in those years, something clicks—you don’t just *watch* your team; you *become* part of them.

As a child, I had a Fathead of Dirk Nowitzki in my room. For those who don’t know what Fatheads were, it was a life-size sticker of a player you stuck to a wall.

As a man in his late 20s, I still have a framed poster of The Dallas Morning News hanging outside my bedroom that I pass by every single day. Zero shame.

Have you ever noticed the way you talk about your team?

* *“WE won last night.”*
* *“WE played well, but coaching held US back.”*
* *“WE just need one more piece, and WE’LL be contenders.”*

There’s no *they*. It’s *we*.

Because this isn’t just entertainment. This is community. This is identity. This is belonging.

It’s belonging to a city where your team is the only thing that brings everyone together. Where people who have nothing else in common can come together over a shared hope, a shared suffering, a shared dream. It’s watching a team suffer year after year, decade after decade, and still showing up because *what if this is the year? (Congrats, Washington Commanders fans)*

It’s feeling your heart pound in a close game like you’re out there playing yourself. It’s the agony of a last-second loss that ruins your whole week. It’s knowing the stats, the history, the rivalries, the moments burned into memory. It’s watching your team grow, fail, rebuild, rise.

It’s that unshakable loyalty that doesn’t make logical sense to anyone who hasn’t felt it.

And then—when the day finally comes, when your team *wins* *it all*, when the suffering pays off, when the weight lifts, and you feel like you can *finally* breathe again—it’s euphoria. It’s validation. It’s the culmination of years of investment, years of heartbreak, years of unwavering faith.

To quote the great Brandon Sanderson: **Journey Before Destination.**

It’s why we care. It’s why we stay. It’s why we *never* stop believing.

Because once you reach the Destination, it means that much more to you.

*Every Mavericks fan just had that ripped away—suddenly, brutally, and without mercy.*

My friend who’s a Lakers fan asked, *“If this brings y’all (notice the pronoun) a ring this year, are you happy?”*

No. I’m not. Most Mavericks fans feel the same way.

Because being a fan isn’t just about the trophy at the end—it’s about *the journey*. It’s about the guys you invest in, the ones you defend in arguments 10 beers deep, the ones you watch develop, the ones you suffer with through every near-miss and ridiculous Kendrick Perkins slander. It’s about feeling like *they earned it*—and that *we* earned it with them.

A championship isn’t just a transaction. It’s not some soulless business move where you swap out pieces until you get the right formula. It’s a *story*, and we care about how it’s written.

If we win a ring this year, I don’t even know if there will be a parade or celebrations. It would feel like something hollow— something ripped away from the very people who built it.

Loyalty matters. Identity matters. And when you take that away, it doesn’t matter how shiny the prize is at the end—it just doesn’t feel the same.

\--

# “Every fanbase thinks their team is special. You aren’t different because you’re a Mavs fan.”

**Actually, it is different.**

Loyalty isn’t just a footnote in Mavericks history. It’s the foundation of this franchise.

It’s engraved on the statue built of Dirk’s 21 years with the team.

What just happened? That wasn’t just trading your franchise player.

**That was organizational homicide.**

And every Mavericks fan who lived through Dirk Nowitzki’s career knows *exactly* why.

\--

# The Dirk Years— Loyalty, Suffering, and Faith

*(an abridged version)*

When the Mavericks **drafted Dirk in 1998**, he was an unknown German kid—”**too soft,” “too weak,” “too European”** to ever make it in the NBA.

His rookie year? **A disaster.** People called him a bust. He **considered going back to Germany**.

But he worked. He grew. By the early 2000s, **he was a star. By the mid-2000s, he was a superstar.**

Yet, **no one believed in him.**

**Every Mavs fan knows the feeling of watching Dirk from 2006 to 2012.**

In 2006 Dirk led us to the finals. And we had it. We *had* the finals locked up up 2-0. And we watched it slip away as we lost 4 straight games. (Or did the refs gift it to the Heat? Ask Tim Donaghy)

2007? The best record in the NBA—swept in the first round of the playoffs.

**Dirk didn’t run. He didn’t demand a trade.**

He *stayed*. He endured. He took the slander, the jokes, the heartbreak. And five years later, *he did it*.

That’s why the 2011 ring hit different.

Dirk **battled** to get that ring. No shortcuts. No superteam. Just years of pain, failure, and lessons learned.

Not only that, he swept the back-to-back champion Kobe-led Lakers, beat the OKC Thunder with Harden, KD, and Russ in 5, and beat who else, but the Heat, the same organization who we lost to in 2006.

In 2011, I was a teenage boy who didn’t know how to control his emotions. When I saw LeBron and Wade mock Dirk for having the flu, I never forgave them. I still haven’t. I’m a true MFFL (Mavs Fan For Life… notice a loyalty pattern?) and will ride or die for my team.

Watching that 2011 playoff run gave me so much joy I can still remember how it felt. Months would pass and I’d still be elated waking up, thinking about how WE finally got a ring. Thinking about how happy the team was.

And how much Dirk deserved it.

And how much better it was because **our guy** won it for **our city.**

I wouldn’t trade that one ring with Dirk for five without him. I’m dead serious.

2006-2012 is a true story of the Journey making the Destination better.

And what did Cuban do the second we got to the top? He **blew it all up**. Let our best guys walk. Tore it down instead of running it back.

**Dirk stayed anyway.**

He **took pay cuts** so they could bring in free agents.

They never did. No one wanted to come to the post 2011 Mavericks.

Dirk spent the back half of his career **rotting away** on teams that never had a chance.

But he never complained. He never left. Because **he was a Maverick.**

For 21 years.

When Dirk retired, Mavs fans thought we might never see a player like that again. Someone with undying loyalty to an organization that wronged him time after time.

We thought we might never have *hope* again.

Then, a **19-year-old Slovenian kid got passed on by three teams.**

**--**

# A New Hope

We had our next Dirk.

We knew it from the very first game he played.

**We had our guy. Our future. Luka Magic.**

So what did the Mavs do?

For years, they **gave him nothing**.

* They couldn’t get him a real center.
* They built rosters that weren’t even close to competitive.
* They made us watch **Dwight Powell** get hit in the face night after night.

And yet, Luka *kept* dragging these broken lineups to the playoffs. He went to war with the Clippers—his personal *Bad Boy Pistons*—with a team that had no business being on the court with him.

Finally, Jalen Brunson emerged as Luka’s 1B. A real co-star. A great compliment.

So what did the Mavs do?

They let him walk. *For nothing.*

Instead, they put their faith in Kristaps Porzingis. It flopped.

So what did the Mavs do?

They flipped him for **Spencer Dinwiddie and Davis Bertans**. There’s a reason you don’t recognize these names if you’re a casual fan.

Years of wasting the most talented player this franchise has ever had. Again.

So what did the Mavs do?

**They went and got Kyrie.**

**Finally.** A second star.

The media said it wouldn’t work.

* *""The Mavericks are taking a significant risk. Kyrie's track record with team dynamics is concerning.""* — Brian Windhorst
* *""Pairing Luka with Kyrie? That's a disaster waiting to happen. Both need the ball; this won't end well.”* — Skip Bayless
* *""Kyrie Irving's unpredictability makes this trade a potential disaster for the Mavericks. They might have mortgaged their stability for a fleeting chance at success.”* — Chris Broussard

Who never had a shred of doubt?

**Luka.**

He **asked for the trade**. He wanted Kyrie.

And *somehow*, we made the Finals the next year after terrorizing the western conference, and ran into the Celtics—a machine we weren’t built to stop. But we were **right there**.

And the future was **ours**.

Finally, this year—

* Klay Thompson **chose** the Mavs over the Lakers *because* of Luka.
* Nico built the perfect supporting cast—Naji Marshall, Quentin Grimes—pieces that filled the gaps to contend against that Celtics machine we couldn’t stop.
* For the first time in **years**, we weren’t wasting Luka.

For all of Cuban’s faults, one thing he’d never do? Trade Luka Doncic



After **seven years of wasting Dirk in his prime**—we had our new hope.

After **seven years of Luka carrying underwhelming rosters**, we were ready for a shot at another ring.

**We were ready.**

This was the moment.

This is what Mavs fans had waited for.

This is why it’s so different for **us.**

**--**

# And Then, The Adelsons, Nico Harrison, and Adam Silver Took It Away.

Homicide.



They’re trading away a **top three (top one) player in the league** at **25 years old**.

They’re trading away the **face of the franchise**.

They’re trading away the face **of the city**.

For what? A *reset button* at the exact moment we *finally* broke through?

Dirk wasted his prime here because of Cuban.

Luka was supposed to be different.

We finally made it out of the suffering. Finally reached the light at the end of the tunnel.

Fourteen years of struggling.

The Journey was becoming easier to tread.

And just like that?

**They ripped it away.**

They stole Luka Doncic from us.

Watching Luka lift a trophy in a **Lakers jersey,** of all jerseys, will feel like seeing your **ex-girlfriend—the one you never got over—post an engagement announcement** with some **billionaire twice her age.**

You’ll tell yourself you’re happy for her. You’ll pretend it doesn’t sting.

But deep down, you’ll know the truth: **it should have been you.**

You were there through **the rough years, the heartbreaks, the struggles**—but in the end, **none of it mattered.**

Because loyalty? **Loyalty doesn’t mean a damn thing anymore.**



**Mavs Fans Will Never Forget This.**

And the Adelsons (who bought a majority stake in 2023) know that, which means—

\--

# This trade doesn’t make sense.

Forget the NBA.

The worst trade in sports history just happened.

This is a tragedy.

For Mavericks fans.

For NBA fans.

For the integrity of the league itself.

*Unless...*

Unless this wasn’t a basketball decision at all.

Unless this wasn’t one of the worst trades in history—

**It was one of the best business deals ever made.**

Not for the fans.

Not for the sport.

For **Adam Silver and the Adelson family.**

At the **expense** of the Mavericks.

This wasn’t about Nico Harrison ""team-building.""

This wasn’t about Luka’s “conditioning.”

This wasn’t even about Anthony Davis.

**This was a business play. A chess move. A power grab.**

  
**--**

# The Adelsons’ True Plan— The Casino Power Play



# Step 1: Buy the Mavericks. Use it as leverage.

* Miriam Adelson—widow of **Sheldon Adelson**, the Las Vegas casino magnate—bought the Mavs **not because she cared about basketball**, but because it was a **golden ticket** to legalizing casino gambling in Texas.
* According to Chris Kavotil, they have openly admitted they have no interest in basketball.
* **Sheldon Adelson spent decades lobbying Texas lawmakers** to legalize gambling. He died before it happened. Now, **his family is trying to finish the job.**
* The Mavericks? They’re just a **means to an end**.

# Step 2: Push Gambling Legislation in Texas. Fail.

* Texas is the **biggest untapped gambling market in the U.S.** It’s a **goldmine** for casinos—if they can get it legalized.
* The Adelsons have spent **millions** lobbying the **Texas Legislature (#txlege)** to pass a **destination resort casino bill** that would allow them to **build a casino-resort in Dallas**, attached to a new Mavericks arena.
* In 2021, they **pushed a bill** to legalize casino gambling. **It failed.**
* In 2023, they **hired virtually every major lobbyist in Austin** to push it again. **It failed.**
* They **donated more money to Texas politicians than any other group**—millions of dollars. **Still failed.**

# Step 3: The New Strategy—Threaten to Move the Mavericks.

* If **bribes and lobbying don’t work, threats will.**
* They **need a “stick”** to pressure Texas lawmakers. That stick? **Moving the Mavericks to Las Vegas.**
* Before this trade, that threat was **laughable.**
   * The Mavs had just **made the Finals.**
   * Luka was **a generational superstar.**
   * Klay Thompson **chose Dallas over LA.**
   * Dallas is **the 4th-largest U.S. media market.**
* The team had **no reason to move.**
* But now? The Mavs are in chaos\*\*.\*\* They just traded Luka for an injury-prone **31-year-old Anthony Davis**.
* Fans are **furious.** The franchise is in **chaos.**

Now, when the **Adelsons threaten to move the team**, txlege might actually listen.

# The Endgame— The Adelsons Win No Matter What

They’ve set up **two winning scenarios** for themselves:

# Plan A: Texas Legalizes Gambling—They Build ""Venetian Dallas.""

* Their first choice is to get Texas to **legalize casino gambling**, so they can build their **""Venetian Dallas""** resort-casino, **centered around a new Mavs arena.**
* They’re hoping that **now, with Mavs fans furious**, they can pressure politicians by saying: *“If you don’t pass this bill, we’ll move the team to Vegas.”*
* If Texas folds, **they win.** They get their casino, they keep the team, and they make **billions.**
* But… what happens to the Mavericks merchandise and ticket sales without Luka? Well, that would take us to—

# Plan B: Texas Says No, They Move the Mavericks to Vegas.

* If Texas **holds firm and refuses to legalize gambling**, they have **another option**:
   * Gut the Mavericks.
   * Make them **unwatchable**.
   * Let the **fanbase collapse**.
   * (We are here. The fanbase will never forgive them from this.)
   * Claim Dallas is **no longer a viable market.**
   * Move the team to **Las Vegas**, where they **already own casinos** and can tie the team into their resort empire, and where Adam Silver has already directly indicated an interest in expanding into.
* The NBA will **approve the move** because now, instead of a thriving Mavs team, they see a **dead franchise in an aging arena.**

Either way, **the Adelsons get what they want.**

**--**

# The Accomplice— Adam Silver

And what about Adam Silver?

* The NBA **wants a team in Vegas**. It’s “definitely on \[our\] list” of expansion cities (Tweet in Thread of Adam Silver on Pat McAfee February 2024)
* The NBA **wants its biggest star in LA**.
* The NBA **allowed this trade** without even questioning it.

Think about it.

* Why did **Nico Harrison only talk to the Lakers** about a Luka trade?
* Why did the Mavs not **even attempt to shop Luka** for a real return to a single other team?
* Why was nobody else in the Mavericks organization aware of this happening?
* Why does the NBA **suddenly** not care about a **healthy franchise abandoning the 4th-largest media market?**
* **WHY IS THE NBA ALLOWING THIS TRADE TO HAPPEN AFTER VETOING THE CHRIS PAUL TRADE. Adam Silver has the power to stop this. Why hasn’t he?**

Because Silver is **helping orchestrate the move.**

The Lakers get their **new superstar.**

The Mavericks get **destroyed.**

The NBA gets **a Vegas team.**

The Adelsons get **their casino.**

And Mavs fans?

**Left in the wreckage.**

**Go ahead—try to explain trading Luka fucking Doncic logically.**

**You can’t.**

*""He could've been smoking cigarettes bringing the ball up the f*cking court and I would still be like, 'When can we sign you to the supermax?'""\*

— Ryen Russilo



\--

# The Unknown: Nico Harrison—Sleeper Cell or Pawn?

For years, **Luka carried this franchise on his back**, dragging **mediocre** and **ill-fitting** rosters to deep playoff runs. The front office failed him **over and over again**, wasting years of his prime with **bad contracts, misfires in free agency, and no real support.**

Then came **Nico Harrison.**

At first, the hire was **controversial**—a former Nike executive who fumbled the Steph Curry meeting, with **no front office experience** running a franchise? But slowly, **he proved he understood what Luka needed. He was putting on a masterpiece of GM work.**

* He brought in **Kyrie**—a move most analysts **lambasted**, but one that Luka himself **wanted.**
* He **rebuilt the defense** around Luka, adding **Derrick Jones Jr., Dereck Lively II, P.J. Washington, Daniel Gafford**—pieces that made this team **tough, balanced, and versatile.**
* He helped convince **Klay Thompson to pick Dallas over the Lakers**, something no one thought possible.

For the first time in **years**, the Mavericks weren’t **wasting Luka.**

The roster wasn’t **just good—it was built around him like a glove.**

This was the moment.

And then?

**He traded Luka away.**

That’s where the questions start. That’s why it’s so much weirder.

“We believe defense wins championships.”

He said, obviously full of shit.

Was Nico Harrison **a plant all along?**

Was he **a sleeper agent**, sent to Dallas by **Adam Silver and Rob Pelinka** to **eventually funnel Luka to Los Angeles**—the NBA’s most valuable market?

Or was he **just a pawn**—a figurehead, blindly executing a move that **had been planned long before he even knew it**?

I don’t buy into the idea that was an egotistical GM who wanted AD more than he wanted Luka. Not for one second. The roster construction was built to play around Luka.

There are **only two possibilities:**

1. **Nico Harrison was placed in Dallas with one goal—get Luka to the Lakers.**
   * His deep ties to **Nike** (where he worked with LeBron) and close friendship with Rob Pelinka raise serious questions.
   * Do we seriously believe Lakers GM Rob Pelinka “talked Nico out of an additional 1st because of Luka’s conditioning”
   * He **didn’t even shop Luka around.** No bidding war. No effort to **maximize the return** for one of the greatest players of his generation.
   * The **only trade call he made? To the Lakers.** The **LAKERS.**
2. **Nico Harrison was just another casualty of the Adelsons’ power play.**
   * Maybe he never had a say. Maybe he was just **doing what he was told** by the Adelsons, who had **a bigger game to play.**
   * Maybe this wasn’t about **basketball at all**—maybe he was just another chess piece in their **casino power grab,** someone had to take the fall.
   * Someone check his bank statements.

Either way, **the damage is done.**

Nico Harrison went from **building Luka’s perfect supporting cast** to **ripping it apart overnight.**

And now?

His legacy isn’t that of **the GM who gave Luka a championship window.**

It’s that of **the man who traded away the best player this franchise will ever have.**

*""I still feel like there's some facts that are going to come out over time, because I can't really comprehend how that really makes sensee to be honest.”*

— Michael Porter Jr

  
\--

# I don’t want to lose this part of my identity.

Because if this move stands, if this corruption goes unchecked, in **5 to 10 years, the Dallas Mavericks as I’ve known them for my whole life will no longer exist.**

Dirk’s statue outside the stadium says, **“Loyalty never fades away.”**

But what happens when the people running this team don’t care about that?

They’ll tell us, *“It’s just sports.”*

But to **those of us who grew up with this team**, who **built part of our identity around this organization**, who **lived and died with every shot, every heartbreak, every lefty layup, every fleeting moment of glory**—it’s not *just* sports.

It’s the backdrop to **who we are**.

**Loyalty is ingrained in Mavs fans.**

We were supposed to have another **15 years of watching Luka**, another **decade and a half of competing at the highest level**, knowing that every season **we had a chance**.

We were supposed to watch him **cement his legacy**, watch him **grow old in a Mavs jersey**, and one day, **watch his jersey rise into the rafters next to Dirk’s**—because that’s how this was supposed to go.

And even after that? When Luka finally retired, **we would still have our team.**

We’d still have the **Mavericks**—the franchise we believed in, the organization we trusted, the team we’d pass down to our kids the same way our families passed it down to us.

We’d at least still have a part of our identity.

Now? **The entire organization is in jeopardy.**

Now, **there is no future.**

Not just for **this team**—but for **this fanbase.**

Because this wasn’t just a trade.

**This was the beginning of the end.**

We suffered through the painful finals collapse in **2006.**

We endured **2007**, when we watched a 67-win team get humiliated by an 8-seed.

And for five long years, we waited. We doubted. We questioned whether **it would ever happen for us after we lost to the Heat.**

Then **2011 came**. And it wasn’t just a title. It was **the payoff for every heartbreak that came before it**.

It just so happened to be a rematch vs the Heat.

It meant **something**. It meant that **the journey, the suffering, the years of loyalty, they were worth it**.

The Destination was beautiful. And it bought this organization decades of hope after.

We carried that belief into the Luka era.

We watched **a teenager from Slovenia** step onto the court, take a franchise that had **nothing** left, and give us **hope again**.

And **we committed**.

We lived through years of wasted rosters, bad contracts, bad coaching, and a front office that never put the right pieces around him.

We **stood by Luka**, just like we stood by Dirk.

Because that’s what **Mavs fans do**.

Because we believed that, like Dirk, **Luka would stay**. That one day, the suffering would turn into **something beautiful again**.

It felt like we were on the cusp of reaching the Destination we’d been promised.

**And now?**

Now we’re being told **it didn’t matter.**

That **our loyalty meant nothing**.

That **our investment meant nothing**.

That all the **nights we spent watching this team, all the conversations, all the memories, all the times we felt like we were a** ***part of this*****—it was all for nothing.**

**This Journey doesn’t even have a Destination.**

The future lies in ruin. Or Las Vegas.

Because **some billionaire** with **zero connection to this city, zero connection to this team, zero connection to everything this franchise represents** decided it wasn’t profitable enough.

Because **some bald-head lizard-person commissioner** who sees the league as nothing more than **a brand to be optimized** decided our suffering wasn’t *valuable* enough.

Because the NBA isn’t about *basketball* anymore.

It’s about **corporate expansion. It’s about maximizing media rights. It’s about squeezing every last dollar out of a dying fanbase and then abandoning them when the profit margins shrink.**

And **Mavs fans are just collateral damage.**

Because this wasn’t just a trade.

This was **a severing of the bond between this team and its fans.**

This was **organizational homicide.**

This was **the moment we realized we don’t matter anymore.**

That the **people running this team do not care about us.**

That the **people running this league do not care about us.**

***“I thought I’d spend my career here and I wanted so badly to bring you a championship.”***

— Luka Doncic

\--

# The NBA Is Becoming WWE—And It’s Ruining the Product

In the NBA’s desperate attempt to **choreograph its own storylines**, it’s slowly becoming **WWE with a basketball.**

Moves like this aren’t just bad for **fan morale**—they’re bad for **the product itself.**

Because when teams **no longer have identities**, when players **are forced into predetermined markets**, when **loyalty means nothing**, the league **cheapens itself.**

Everyone sees it. **Everyone knows what’s happening.**

**Forced narratives. Manufactured drama. Fake parity.**

The NBA wants **a villain, a hero, a redemption arc, a blockbuster rivalry**—all conveniently packaged for **TV ratings.**

But in doing so, they’ve **sacrificed authenticity.**

* The NBA is **so desperate to have Luka in LA**, it **killed one of its strongest fanbases** in the process.
* The NBA is **so desperate to manufacture a Lakers dynasty**, it **tanked the long-term credibility of its own product.**
* The NBA is **so desperate to be a 24/7 soap opera**, it **forgot that real, organic rivalries are what make sports special.**

**Everyone knows what’s really going on.**

And **once you see it, you can’t unsee it.**

# This Is Bad for the NBA Long-Term

Short-term? **Yeah, the NBA wins.**

* LA gets a new superstar.
* The NBA gets a “fresh” storyline.
* Luka wins rings. The league profits.

But **what happens in five years?**

What happens **when the NBA has burned through every organic storyline**, and all that’s left is **an empty shell of pre-determined, forced narratives?**

What happens **when fans realize their loyalty to a team doesn’t matter—because the league will script its own ending anyway?**

The NBA is **destroying its own brand.**

They think **stacking the deck in LA brings in more revenue**—but in reality, **it’s making the league feel cheap.**

**Rigged. Fake. Manufactured.**

And fans **are walking away.**

# The NBA's Branding Problem

When the NBA was at its peak, it **wasn’t just because of superstars.** It was because **teams had identities.**

* The **Bad Boy Pistons.**
* The **Showtime Lakers.**
* The **Tim Duncan Spurs—quiet, methodical, dominant.**
* The **2000s Mavs—Dirk’s journey from doubted rookie to unstoppable champion.**
* The **Splash Brothers’ Warriors—team-first basketball, changing the game forever.**

Every team **felt distinct.**

Every championship **felt earned.**

Now? **It’s just player movement.**

Superstars get **shipped off to pre-selected destinations**, rivalries are **manufactured instead of developed**, and **long-term investments in teams no longer matter.**

That’s **not sports.**

That’s **a reality TV show.**

The NBA is treating itself like an **entertainment product first,** not a sport.

And when that happens?

**The product loses credibility.**

**--**

# You Can't Manufacture Magic

Luka winning in LA **won’t feel special.**

* It won’t be **his city.**
* It won’t be **his story.**
* It won’t be **his journey.**

It’ll be **the NBA’s storyline, pre-approved by Adam Silver and ESPN.**

And we’ll all know it.

The NBA **thinks** forcing Luka to LA will make the league better.

But **what made the league great in the first place was that things felt real.**

**Earning a title mattered.**

**Struggle mattered.**

**Loyalty mattered.**

By destroying those things, the NBA isn’t making the sport **more compelling.**

It’s making it **cheap.**

And fans?

**Fans don’t root for pre-determined outcomes.**

They root for the fight.

The NBA is throwing that away.

And that’s why, in the long run, **they’re going to lose.**

**--**

# Mavs Fans Have Two Choices.

# Option 1: Be upset.

* Give up.
* Walk away from the NBA for a few years. Maybe find a new team down the road.
* Maybe never watch the NBA again as it spirals into reality TV with a ball and hoop attached to it.

# Option 2: Refuse to Go Quietly.

* **Demand answers.** Who pulled the strings on this trade? Who made the call to send Luka to LA without a bidding war?
* **Expose the corruption.** The Adelsons aren’t here for basketball. They are here for casinos. This was a business move—not a basketball one.
* **Organize.** Get loud. Force the NBA’s hand. Make it **impossible for them to ignore what happened.**
* **Make them regret this.** The Adelsons didn’t just buy a team—they bought a fight.
* **Become the Packers of the NBA. The Packers are a fan-owned team governed by a board of directors.**

Because this **wasn’t just a trade.**

This was **a gutting of a franchise.**

This was **the rigging of the NBA.**

This was **the prelude to a relocation.**

If you have a channel of distribution (mention mavs socials here), use it.

\--

# To Bill Simmons, Ryen Russillo, Barstool, and Every Basketball Voice with a Platform—Stand for Something.

You know this was **rigged.**

You know exactly what this is.

The NBA is a business, but even businesses have **lines you don’t cross.**

If **you** won’t fight for it— **I, The Silver Inquisitor, will.**

**--**

# To Patrick Dumont, Miriam Adelson, and Nico Harrison—Undo This Trade.

Here’s **our trade offer.**

**Force Adam Silver to undo this trade,** and the people of Dallas **will lobby in favor** of your massive casino project.

**Let this trade go through,** and **we will unite** to ensure your casino legislation **never passes in Texas.**

Mavs fans will **organize, rally, and fight** to block your casino at every legislative level.

We will **expose every backroom deal.**

We will **lobby against you at the Capitol.**

We will **force a divestiture** from this team.

If you wanted Dallas to be your next business playground, you should have learned one thing first:

**You don’t betray this city.**

**--**

# To Adam Silver—Undo This Trade.

If you don’t?

I will **dedicate myself** to uncovering the **backroom deal that led us here and dethrone you as commissioner.**

* **Why did Nico Harrison only talk to the Lakers** about trading Luka?
* **Why was zero effort made to get a better deal?**
* **Why did the NBA approve this trade without question?**
* **How does the league suddenly not care** about a **healthy franchise abandoning the 4th-largest media market?**

Because here’s what you’re not getting:

**Mavs Fans Are Walking Away from the NBA. Permanently.**

Dallas isn’t just **some small-market team.**

Dallas is **the 4th-largest media market in the NBA.**

A **top-five TV revenue contributor.**

One of the **most loyal, engaged, and passionate** fanbases in the league.

And now?

We’re **done.**

Luka on the Lakers isn’t going to fucking fix the ratings, Adam.

“It’s just business, nobody is safe.”

Well in that case, let’s take a look at this business.

**The NBA has experienced a notable decline in viewership in recent years.**

Between 2012 and 2019, the league **lost approximately 40% to 45% of its audience**.

This trend **continued into the 2024–2025 season**, with ratings down **28% on ESPN through November 21**, and a **25% decline across ABC, ESPN, TNT, and NBA TV.** And the league has become **a glorified reality TV show.**

**And now, because of this rigged move, one of its biggest fanbases is walking away.**

This isn’t just about **boycotting the Mavericks.**

**Mavs fans are boycotting the NBA.**

* No more **League Pass.**
* No more **MavsTV.**
* No more **merchandise.**
* No more **ticket sales.**
* No more **ratings.**

The NBA wants **Vegas over Dallas?**

The NBA wants **Luka in LA?**

The NBA is about to learn what happens when **an entire major market walks away.**

This league is already **bleeding viewership.**

Adam Silver is **desperate to stop the decline.**

And now, because of **this obviously rigged move,** one of its biggest fanbases is **disappearing.**

**Watch the numbers drop.**

**Watch the advertisers notice.**

**Watch the sponsors back out.**

You wanted a rigged league where **decisions are made in boardrooms, not on the court?**

Then be ready for what happens when **the fans stop playing along.**

I will dedicate this account to dethroning you as commissioner of the rapidly declining NBA.

\--

# This Is Bigger Than One Trade.

*This isn’t about* ***a player.***

*This isn’t about* ***one season.***

***This is about destroying a fandom.***

***This is about dismantling a franchise.***

***This is about ensuring no future star ever trusts this organization again.***

***Luka Doncic was stolen from us.***

*This* ***only makes sense*** *if the plan is to* ***move the team.***

*And if that’s the plan?*

***We won’t let it happen without a fight.***

*This isn’t over.*

**It’s just getting started.**"
77,NBA Rumors: Mark Cuban 'Urged' Mavs GM Not to Trade Luka Dončić Before Lakers Deal,"“Mark Cuban once called the shots for the Dallas Mavericks as the majority owner, but he had no say in one of the biggest decisions the team has ever made.

Per NBA insider Marc Stein, Cuban ""urged"" Mavericks general manager Nico Harrison not to trade Luka Dončić to the Los Angeles Lakers in return for Anthony Davis. According to Stein, Cuban's pleading with Harrison came too late.  

""By the time Cuban found out about the Luka-for-AD trade, it was too late,"" Stein wrote. ""[Patrick] Dumont never approached for advice. Sources say Cuban urged Harrison not to go ahead with the swap ... only to find out that the deal had already been sealed with the Lakers by verbal handshake.""

Continued in the link"
78,These guys were supposed to win a chip together man…,I start tearing up every time I see this photo fuck you Nico Harrison you ruined my love for basketball
79,Is the franchise dead?,"Something ive been pondering all day..trades happen every season but this one was much more than a trade...

I don't think there's anything that the organization can do to revive that enthusiasm I had going into every season.

The only thing is...if Nico Harrison is fired, the Adelsons sell the team to an owner like Ballmer and we draft another generational talent and win a few chips...

"
80,Does anyone here still believe the Mavs' side of the story when it comes to Brunson?,"I have always maintained that the Mavs could've brought Brunson back in Free Agency had they just made the 5/120 - 5/125 type offer in the summer of 2022. But the majority of this sub has believed the Mavs' side of the story that Brunson (a 2nd round pick who had only made $6 million dollars at the time of his free agency) did not want to hear the Mavs offer.

I initially suspected this was because Cuban was being cheap, but it is clear to me now that Nico Harrison did not think Brunson was worth the money, he is clearly not a fan of having a backcourt that consists of two ""defensively limited"" guards. I am curuous to see if anyone has reevaluated their position on this topic.

Edit: I see a lot of comments about how this is a pointless discussion, but I dissagree. I think understanding the Brunson debacle is useful in understanding how this team got to the point of not wanting to pay Luka this summer. Additionally, we are seeing a very similar story play out from a PR perspective, with the Mavs moving on from a player and essentially trash talking the player on the way out."
81,"Nico Harrison 2024 draft press conference, full",
82,See y’all tomorrow in Boston,"section 8, lower level across from the Mavs bench"
83,Nothing To See Here,Just two GM’s at a NBA game.
84,"The Luka ""health concerns"" narrative is fake news","This is the NBAs version of 9/11 was an inside job, because nothing honestly adds up.

I dont care how much the narrative that Luka is"" out of shape"" is pushed. This trade is an abomination. It wreaks of collusion, and most importantly it's so obviously for ratings and money. Joel Embiid and Zion Williamson are perfect two examples of someones health being an issue, and they wouldn't ever be traded for this paltry of a return.

I'm not even going to go into how this trade makes no sense from an on the court basketball perspective.

So heres the real reason:

1) Mariam Adelson also owns the Las Vegas Sands, and would love to have a casino in Dallas. If Texas doesnt allow for her to build her Casino(which texas isn't). Then she will force the team to relocate to Vegas. Trading Luka tanks the team to an extent that the fans wouldn't care if they were relocated.

2) The NBA is in a viewership recession, the media companies that forked up 78 Billion for the broadcasting rights probably forced the biggest basketball market to get the heir apparent to LeBron. Keep the lakers relevant, make a big splash with this trade, and get the eyes back on the NBA.

If you believe that Nico Harrison did this move on his own accord, you are wrong. Nico just set the Mavs up with Kyrie, Klay, Lively, PJ, and Gafford. Why build a terrific team for Luka to just get AD!?!? Its not because Luka is a diva, its not because Luka is fat. We have bigger divas in the league (Harden, Jimmy, Ben Simmons, LeBron, etc) we have fatter more injury prone guys than Luka ( Joel, Jokic, Zion, Harden, PG, Kawhi) all of these guys are either injured or typically out of shape, none of these guys get traded for pennies on the dollar. "
85,“Fire Nico” is a Red Herring. The Real Question is why the NBA let this Happen.,"I get why people are furious at Nico Harrison, but we’re missing the bigger picture. If Luka was traded to Utah, the NBA would have been ALL OVER IT - investigating for tampering or how a trade like this could happen behind closed doors. 

Instead, they let Dallas ship off a 25-year-old generational talent to LA for a fragile AD and a single draft pick. No scrutiny. No questions. No pushback. Why? Because Luka in LA makes the league money.

This isn’t just about bad management—it’s about how the NBA treats non-legacy market teams as disposable. They look the other way when LA or New York steals talent but step in when a small-market team does something shady. The favoritism is clear, and it’s sickening. 

The lack of even an investigation is absurd. This is where the relentless pressure and energy of the fanbase needs to be focused. Don’t let them just blame Nico’s incompetence and move on - demand answers. "
86,"Have yall been wondering what happened to Casey Smith, the trainer that kept the Mavs so remarkably healthy for years? Nico axed him for being too close to Luka! Another fantastic decision in the midst of a season ruined by injuries!!","“If Doncic wasn't going to change his ways, the Mavericks figured they would prod him by making changes around him. In August of 2023, the team fired former director of player health and performance Casey Smith, who has since been hired by Jalen Brunson's New York Knicks. After last season, the Mavs fired strength coach Jeremy Holsopple and manual therapist Casey Spangler. All three had been with the team since before Doncic was drafted and had strong relationships with him.

""They get rid of everybody I like,"" Doncic griped in recent months, one source said.”

From the new ESPN article by macmahon. Nico Harrison is truly a terrorist"
87,ESPN Says the Player With the Most Off-Season Leverage is Kyrie Irving,"Nico Harrison has talked up Kyrie Irving so much to justify the Luka highway robbery that Kyrie has the franchise by the balls if he turns down his $43 million player option and becomes a free agent. ""\[E\]xecutives polled for this story unanimously consider Irving the player who has the most leverage heading into the 2025 offseason.""

[https://www.espn.com/nba/insider/story/\_/id/43903298/nba-offseason-questions-futures-durant-kyrie-trae-decided](https://www.espn.com/nba/insider/story/_/id/43903298/nba-offseason-questions-futures-durant-kyrie-trae-decided)

Was Nico a good pharmaceutical rep before he faceplanted as a Nike exec and Mavs GM? I'm concerned he won't have a fallback career after it all comes crashing down in Dallas."
88,Mavs fans right behind Nico,
89,Boycott the mavs,"It's time to hit the mavs organization where it hurts... their wallets.

We cannot spend another dollar for this sorry ass organization until Nico Harrison and the Adelson family are off the team. This move is the worst move in franchise history and we cannot support this team anymore.

The ticket sales need to absolutely crater until the adelson family decides its time to sell to a new owner. We can no longer support this franchise.

UNTIL NICO HARRISON, PATRICK DUMONT, and MIRIAM ADELSON are off the MAVERICKS WE WILL NOT SPEND ANOTHER DOLLAR FOR THIS SORRY FRANCHISE.

Who is with me?"
90,They Traded Luka. We Take the Team.,"Fellow Redditors and Dallastines,  

They actually did it. The Adelsons, Pat Dumont, and Nico Harrison traded Luka Doncic. The *2nd** greatest Maverick of all time, gone because of a group of billionaires who don’t care about basketball, winning, or us—the fans.  

So let’s take the team back.  

The Green Bay Packers have shown us that a fan-owned model can work. The Mavericks are currently valued at $4.7 billion, but that doesn’t mean it’s out of reach. Here’s how we could make it happen:  

The Plan:  
- Public funding – The City of Dallas contributes a significant portion of the bid, similar to how cities finance stadiums. Keeping the Mavs in the hands of real fans is a civic investment.  
- Fan ownership model – If 500,000 dedicated MFFLs invest $5,000 each, that’s $2.5 billion right there. Not everyone needs to invest that much—some could give more, others less—but with the right structure, it’s feasible.  
- Strategic partnerships – Dallas-based companies, local investors, and Mavs legends (think Dirk, Cuban as a minority partner, even celebs like Post Malone or Mahomes) help secure the remaining funding.  

Why This Matters:  
- No more billionaires making clueless trades—the fans would have a voice.  
- A team built for championships, not just corporate profits.  
- Financial transparency—we know where every dollar goes.  
- MFFLs keeping the Mavericks in Dallas forever.  

If they can trade Luka, nothing is sacred anymore. But we don’t have to sit back and take it. This is our team. Our city. Our future.  

Who’s with me? Drop your thoughts below, and if you’re serious, let’s start organizing.  

MFFL. Always."
91,He was our boy!! 😭,
92,How to Protest Like a Pro: A Guide for Unhappy Mavs Fans,"If you're frustrated with how things are going with the Mavs' owners and Nico Harrison, there are plenty of ways to express your displeasure inside the American Airlines Center—without getting yourself kicked out (at least right away). Here’s a guide to effective, peaceful, and potentially hilarious forms of protest:

# 1. Symbols Matter

* The early Christians had the Ikhthys fish as their secret symbol. The true Mavs fans need one too. Flash seven fingers twice (or just once if that’s easier) to reference Luka Dončić when greeting people at the arena or when shown on the Jumbotron.
* Need plausible deniability? Just say you’re a big Dwight Powell fan.
* In international soccer, Palestinian flags have been banned due to political pressures. Given the Adelson family's affiliations, waving a Palestinian flag at a Mavs game would certainly send a message, but it would also cause backlash -- possibly with your fellow fans in the crowd.
* A better alternative? The Slovenian flag. Slovenia is a neutral and beloved country, so there’s no political reason to ban it. If Mavs management does, it’ll make headlines in Europe.
* Another option: the dragon, a major Slovenian symbol tied to Ljubljana. It's time to dig out that old D&D shirt and make it political.

# 2. Scoreboard Activism

* Borussia Dortmund fans cheer at 7:09 PM because their club was founded in 1909 (19:09 in European time format). Mavs fans can do the same with the number 77.
* Every time the Mavs score their 77th point, stand up and cheer like a maniac. When confused fans look at you, yell, ""That’s seventy-seven right there, WHOO!""
* Since basketball scoring increases in ones, twos, and threes, Mavs might miss the exact 77 sometimes—so cheer when the opposing team hits 77 too.

# 3. Jerseys and Colors

* If you’re wearing Mavs gear, always wear a Luka jersey—or better yet, a Slovenian national team jersey.
   * *edit.* One provocative way of wearing a jersey is to wear it backwards so that is says ""Dončić"" instead of Dallas in the front. Additionally, you should always point at the name when shown on the Jumbotron.
* A Lakers #77 jersey would be the nuclear option. (Though most fans probably wouldn’t go that far.)
* Subtle rebellion: Wear purple and gold to send a quiet but visible message.

# 4. Remember the Fallen

* If they ban chants of ""Luka Dončić,"" start chanting the names of other players involved in the tragic trade. Imagine fans getting ejected for chanting ""Maxi Kleber"" and ""Markieff Morris.""

# 5. Make Absurdity Your Ally

* If management bans certain chants, escalate. If ""Maxi Kleber"" is banned, chant players traded years ago.
* Keep pushing until they ban yelling ""Rolando Blackman"" and ""Derek Harper."" Take it even further—imagine getting tossed out for chanting the name of [Billy McKinney](https://www.basketball-reference.com/players/m/mckinbi01.html#all_transactions) (yes, I had to look that up).

# 6. Document and Share

* If people are ejected or reprimanded, record it.
* Post it on social media without exaggeration—just show what happened. Let the ridiculousness speak for itself.

# 7. Keep the Pressure On

* Never let the organization feel comfortable. Make sure they’re always on edge, worrying about a fan demonstration at any moment.

Protests aren’t just about being loud. They’re about being smart, persistent, and impossible to ignore. Mavericks fans, let’s make this a shitshow for the ages."
93,"Regardless of whether he would’ve won a ring here or not, having Luka be a career Maverick would’ve added some desperately needed history to a franchise sorely lacking in that department","The mavericks are not a legacy franchise, all we had before Luka was 2011, Dirk, and a few other fan favorites like Blackman, Harper, Terry, etc. Keeping Luka as a mav his whole career would’ve added another layer of history to this franchise that doesn’t really have much else to look back fondly upon. You tell your kids about watching Dirk’s whole career and Luka’s whole career and how special they were, you don’t tell your kids about that 2-3 year stint AD had in Dallas, or the GMing skills (or lack thereof) of Nico Harrison to acquire a bunch of hired guns and steal a singular ring (LOL as if that will happen anyways) before starting a decade long rebuild. 

No more Luka statue outside the stadium to help tell the story of the post-Dirk era. Teams wonder why they can’t attract newer fans, then pull shit like this which completely guts a team of its ability to tell a story of its past. Nico mentions culture as a reason for trading Luka, what about continuing to establish the Mavs as having there own culture of loyalty, then once Luka’s career finished here, the next guy would be more inclined to continue the tradition. Or maybe the Mavs are established as the go to franchise for European megastars.

But nope here we are, a brief 7 year footnote in Luka’s career, right before he left for the big market Lakers and likely wins multiple MVPs and rings. When he retires which team will he be remembered for? Not the Mavs that’s for sure. Great job making sure the mavericks remain a team without a storied history Nico, though with your ego I’m sure you don’t give a fuck, you’ll be happy so long as there is nobody big enough on the team to steal your shine, the GM wizard who did what nobody else dare dreamed of, trading a generational talent to try and prove your some sort of genius with unbelievable skills of foresight. Just insanity"
94,"Has there ever been any discussion here about Nike's influence over the NBA? I wouldn't be surprised if we see a Netflix documentary about it in the future, especially regarding what happened to our beloved team.","It's so stupid that I don't even need to spend much time connecting the dots. It seems that Nico Harrison, despite being dubbed by others as the escape goat, may actually be spearheading these moves, given his connection to Nike and its role in the NBA's global growth.

Recently, NBA has extended its partnership with NIKE:

[https://www.fastcompany.com/91213200/nike-and-nba-re-up-their-partnership-for-another-12-years](https://www.fastcompany.com/91213200/nike-and-nba-re-up-their-partnership-for-another-12-years)

 Sal LaRocca, the NBA’s president of global partnerships:

>“We share the same vision for the global growth of basketball among boys and girls. Nike’s investment in the NBA, WNBA, and G League, as well as the game globally, really made this an easy decision. We’re really excited for what the next 12 years will hold.”

[https://www.nba.com/news/nike-signs-12-year-partnership-extension-nba-wnba-g-league](https://www.nba.com/news/nike-signs-12-year-partnership-extension-nba-wnba-g-league)

Adam Silver quote in the article:

>“Nike is inextricably linked to basketball and has helped fuel the growth and innovation around our sport for decades”

Elliott Hill, NIKE, Inc. President and CEO

>“Nike has always been more than a league sponsor — we’re a strategic partner with an unwavering commitment to growing the game, alongside the NBA, WNBA and NBA G League,”

Since TV ratings are dropping, I believe the NBA is doubling down on its global market strategy. There's no need to elaborate on how the European star Luka Doncic is the perfect star for that initiative.

So, which team is the best destination for Luka in terms of the NBA's latest plan? Of course, it's the Los Angeles Lakers which ranks second in popularity.

[https://www.reddit.com/r/nba/comments/11fdy9c/all\_nba\_teams\_ranked\_by\_the\_amount\_of\_instagram/](https://www.reddit.com/r/nba/comments/11fdy9c/all_nba_teams_ranked_by_the_amount_of_instagram/)

So, how do we execute this plan? Simple. Invite the following people in a zoom meeting:

**Nico Harrisson**  
\- duh, fvck this clown  
**Lebron James**  
\- Nike Star  
**Luka Doncic**  
\- Nike Star under Jordan Brand  
**Rob Pelinka**  
\- [https://www.reddit.com/r/nba/comments/1igyj9l/shelburne\_pelinka\_and\_harrisons\_relationship/](https://www.reddit.com/r/nba/comments/1igyj9l/shelburne_pelinka_and_harrisons_relationship/)

So when Nico Harrison leaves because the master plan has succeeded, Kyrie, just please. Don't fvck us up with ANTA please."
95,Nico is a villain.,"It’s crazy how Nico Harrison since he came into the office was making all the right moves just to turn around and trade away our generational superstar. The amount of trust we had from getting Kyrie, drafting lively, moving on from Grant Williams to get PJ and Gafford ETC. Just got him to turn around and trade the ONE person who literally been the reason the Mavs has had so much success. 

This is why I don’t care being a fan of a team anymore. These owners and GMs get a little power or are given too much power and all of a sudden they think every move they’re making is the “smart” or “right” move. 

I’ll still root for the players as they are not to blame but I can careless about the mavericks as a franchise. "
96,Steve Eagar opinion piece.,"Please delete if this has been posted before. This is my first time seeing it.   Thoughts? Steve Eagar is a local Dallas news anchor who, from what I gather, isn't really a sports fan. Or at least fair-weather fan at best.  This is his opinion on The Trade.  Thoughts?  Seems a bit of a stretch but a take I haven't heard.

EDIT - I stand corrected. Apparently Eagar was a 13 year season ticket owner. WAS

https://preview.redd.it/7w89r6hiuooe1.png?width=683&format=png&auto=webp&s=16ebae5811114b7d6479ef7025f6fb4a5ccab590"
97,Summary of Reporting on WHY Luka Trade Happened The Way It Did (11 Points),"My best synthesis of the various reporting (ESPN, DLLS, etc). Quotes are from the McMahon-Shelbourne piece on ESPN.

  
1. Nico Harrison has reportedly always been more skeptical of Luka than many others around the organization, and he (and possibly others within the organization) have not enjoyed his issues with “conditioning, weight fluctuations and constant arguing with officials.”

2. As a long-time friend of Kobe Bryant (and Rob Pelinka), Nico likely values the model of a superstar player who is obsessed with their conditioning, defense and leads in a different way than Luka

3. The people who have supported Luka the most, including Cuban but also trainers and staff like former executive Dennis Lindsey, have all either been fired or left the organization over the last several years

4. So it seems like Luka and his habits just weren’t changing in the way Nico (and whoever else, if anyone) were hoping that he would

5. By selling to the Adelson’s, Cuban sold to owners who do not nearly care as much about being involved in basketball decisions like Cuban did, and “trusted Harrison's vision of how Davis would be a culture-setter and give the team a new defense-minded identity.”

6. As a former Nike executive, you could say Nico is almost like a “mercenary GM” of sorts—not an “NBA lifer” (said as much in his press conference, that he won’t be in the league in 10 years)—so is uniquely willing to make moves this risky with this much potential downside

7. Nico has long desired to land Anthony Davis, and it seems that he was laser focused on him as his target. *He genuinely believes that AD gives the Mavs a better chance to win over the next 2-3 years.*  
  
8. He also was determined that the trade would not leak. “Harrison decided early on, team sources said, that the best way to trade a player of Doncic's caliber was to pick the trade that he wanted, rather than open up the process, to avoid Doncic and his agent exerting their own leverage. It would also avoid the crippling fan backlash that might influence the deal.”  
  
9. So not only did he covet AD, but also Rob Pelinka, his friend, was the only guy he could trust to not leak anything.   
  
10. Why the Mavs didn’t get another first-round pick or an additional player? Probably in part because Rob Pelinka is his friend, but also it seems like Nico, apparently fed up with his conditioning issues/whining/lack of defense/etc, valued Luka less than just about anyone else in the NBA!  
  
11. Nico and the new owners severely underrated and “missed” on just how deeply North Texas loves Luka. And also how much the culture of the Mavs, and what it means to be a Mavs fan, is more about loyalty and team vibes rather than just “win championships at all costs” (which is more of a Laker thing), and they may not have understood just how violent the backlash would be.

  
Go Mavs. Welcome to town Max and AD."
98,TIL Klay Thompson and Paul George are the same age (long rant in comments),"Both Klay and PG are 34. 

One got a 4 year max $212 million and the other got a 3 year $50 million. 

Those are the facts. 

Stop reading here if you just wanted the TIL but keep reading if you want to hear the ramblings of a 15+ year Mavs fan. 

Now you might say Klay didn’t play for 2 years with the ACL and Achilles injuries so the price has injuries factored in. In the last three seasons after recovering, Klay has averaged about 59 games while PG averaged 53. Many of us forget before the injuries, Klay was seen as one of the NBA best iron mans, consistently playing 70-80 games per regular season. 

To be fair, PG is a better defender and rebounder at this stage in his career than Klay. Is that really worth a $36 million dollar per year difference? Especially when Klay’s shooting efficiency far exceeds PG’s. While the Sixers have turned into a “legitimate big 3,” no one is talking about the Mavs having a real big 3 potentially due to how Klay’s departure went in GS. 

Why is this important?

EVERYONE IS STILL UNDERRATING THE DALLAS MAVERICKS. 

Go look at any next season rankings. Many have the Celtics,Thunder, Wolves, Knicks, possibly Nuggets all ranked higher than the Mavs. 

This is absurd. A team that was JUST in the Finals with their superstar not at 100% and added not only one of the best shooters in the league but one of the best shooters OF ALL TIME to replace a vet min wing who over performed for us (we still love you DJJ,) should EASILY be a title favorite. But according to betting odds, the Mavs title odds didn’t change AT ALL after landing Klay. 

We, as Mavs fans have always known that the franchise has been criminally underrated, keeping us from signing many free agents in the past. Now that Klay has also become underrated as well, there is now a massive discrepancy in how the Mavs are seen as well. 

Critics say the Mavs defense will take a step back this year since we lost DJJ. As much as we all love DJJ, when has losing a vet min player ever been that impactful for a championship caliber team? I, for one, am personally excited to see a non vet min player (Naji Marshall) perform in DJJ’s role and given Kidd and Sweeney’s resume, I think they will be able to get the  most out of this defense. 

Side note: the Mavs usually play their best defense after scoring on a possession so imo adding Klay’s shooting will really help energize Luka on defense. 

After the Celtics won, we have seen the blueprint for modern championship teams: having an extremely deep roster to surround your two stars. This is now what Nico Harrison has built. Kyrie and Luka are now surrounded by Klay, PJ, DLive, Gafford, Grimes, Marshall, Hardy, Maxi, Exum. A roster that is legitimately 10-11 players deep. 

To quote one of my favorite movies Moneyball: “People are overlooked for a variety of biased reasons and perceived flaws. Age, appearance, personality. Nico Harrison and mathematics cuts straight through all of that.”

All joking aside, Nico has built this roster in a way I didn’t even think possible. The Mavs should be title favorites with the Celtics and have the best big 3 in the league hands down. 

I am so excited for next season and all Mavs fans should be as well. This is the best roster the Mavs have ever had in their entire franchise history and I don’t think it’s particularly close. 

/rant

tl;dr Take all of your money and put it on the Mavs winning the championship this year and Luka winning MVP

"
99,Do you know what Nico means in Arabic?,"I'm from Lebanon, so this is Lebanese Arabic, it's the same, for Levantine (Middle east Arabic) and maybe every Arabic branch. I'm pretty sure all Arabs say this.

Nic or Nico (or Niko or sometimes it's written Neeko) specifically means fuck him

Bede Nico: Means I want to fuck him

Nico Harrison means: Fuck Harrison, as in you giving orders to some guys to Fuck Harrison, as in guys fuck Harrison

What does Nike mean in Arabic? A fuck, we say ""Malla Nike"", petty much equivalent to what the fuck.

And Nico worked at Nike, and it's all fucked up, [source](https://www.reddit.com/r/Egypt/comments/ryy6ar/i_heard_from_my_egyptian_what_the_meaning_of_that/), just search for Nico Arabic or Neeko Arabic on Reddit or google and see hundreds of results.

As kids, we used to make fun of the slogan""Nike, just do it"", and now Fuck Nico! Oh man. At least the Arabs and the Americans have one thing in common now I guess."
