,Title,Content
0,"Josh Kroenke: “When Nikola Jokic is on your roster, you’re going for it. We have the best player in the world. We have a responsibility to him to try and go for it.”","Good to hear from Josh. The time is now, the chances of landing another future top 10 player of all time are very slim. Nuggets have to go for it now as much as they can. Give jokic the best roster possible to maximize his prime. "
1,"Nuggets, Avs president Josh Kroenke buys Cherry Hills mansion for $16M",
2,"[Benedetto] Nuggets will hold an end-of-year press conference [Thursday] with Josh Kroenke, Calvin Booth and Michael Malone.",
3,"[Curious Mike] Josh Kroenke on Building Successful Teams, Realizing How Special Jokic Is, and Drafting MPJ",
4,"End of Season Press Conference: Josh Kroenke, Calvin Booth, Coach Malone 🎙",
5,"This says it all, who's at fault here?",
6,"Sasha Vezenkov (the greatest shooter in Euroleague) is asking to be traded out, get rid of Zeke and put him in Denver.","His no-dribble 3 point shooting and Jokic's no-look pass is a match made in heaven.

If anyone in this sub has connections to Josh Kroenke, Calvin Booth, or Michael Malone. Please let them know, this guy is the perfect match for Jokic, Jokic seriously needs a good shooter to help him."
7,Free Agency Overview 2024 [OC] [LONG]," 

Welcome to the Michael Porter Truther free agency preview for summer 2024.

There are **219** players who have options or contracts ending this summer. Given all indications from Booth/Malone/Kroenke, Denver is unlikely to make any large trades to their main rotation this summer, meaning we will mostly be looking for players on the margins. Vet minimums, forgotten players, ect to touch up the edge of the rotation. Even if we do something along the lines of trading Reggie and Zeke at the draft before KCP resigns, we will still be in this position. The following is under that assumption.

Here are the Nuggets free agents:

1. Caldwell-Pope, Kentavious (Player Option)- Hopefully we re-sign but likely will decline his option and hit FA
2. Jackson, Reggie (player option, likely opt in) - Trade Salary filler
3. Gillespie, Collin (Two-Way) - Played over Pickett all of last year and is the same age, so I have to assume CG is the main guy we want to keep out of the 2-way guys
4. Holiday, Justin- may look for a Jeff Green type contract after a decent playoff run. Why make 2 mil instead of 5-8?
5. Huff, Jay (Two-Way)
6. Jordan, DeAndre - May retire
7. Key, Braxton (Two-Way)
8. Cancar, Vlatko (team option) - Cheap and likely Denver will pick up that team option

How will we fill in any roster spots left by these guys? Let's look at the remaining 211 guys on the market.

\_\_\_\_\_\_\_\_\_\_\_\_\_\_\_\_\_\_\_\_\_\_\_\_\_\_\_\_\_\_\_\_\_\_\_\_\_\_\_\_\_\_\_\_\_\_\_\_\_\_\_\_\_\_\_\_\_\_\_\_\_\_\_\_\_\_\_\_\_\_\_\_\_\_\_\_\_\_\_\_\_\_\_\_\_\_\_\_\_\_\_\_\_\_\_\_\_\_\_\_\_\_\_\_\_\_\_

First, here are the players that I believe are clearly not options for us.

These are

* Young players hitting RFA where their team wants to keep them (Vukcevic/Emoni Bates)
* Players with a player option that is larger than what Denver could offer, leading to them opting in with their current teams (Richaun Holmes/Kevin Love)
* Players in demand who will get large contract offers that we can't come close to touching (Lebron/PG)
* Players with team options that will get exercised due to their great play on their current cheap deal (Alvarado/Mo Wagner)
* Players where outside circumstances make a move very unlikely (Thanasis/Morris Brothers).

**NO SHOT OF SIGNING**

1. Achiuwa, Precious
2. Anderson, Kyle
3. Antetokounmpo, Thanasis
4. Barlow, Dominick
5. Bates, Emoni (Two-Way)
6. Batum, Nicolas
7. Beasley, Malik
8. Bey, Saddiq
9. Bridges, Miles
10. Claxton, Nic
11. DeRozan, DeMar
12. Edwards, Kessler
13. Fontecchio, Simone
14. Harden, James
15. Harris, Tobias
16. Hartenstein, Isaiah
17. Hield, Buddy
18. Jones Jr., Derrick
19. Jones, Tyus
20. Marshall, Naji
21. Maxey, Tyrese
22. Melton, De’Anthony
23. Monk, Malik
24. Morris Sr., Marcus
25. Morris, Markieff
26. O’Neale, Royce
27. Okoro, Isaac
28. Quickley, Immanuel
29. Siakam, Pascal
30. Thompson, Klay
31. Toppin, Obi
32. Trent Jr., Gary
33. Valanciunas, Jonas
34. Watford, Trendon
35. Alvarado, Jose
36. Brown, Bruce **(RIP)**
37. Hauser, Sam
38. Joe, Isaiah
39. Kennard, Luke
40. Mathews, Garrison
41. Vukcevic, Tristan
42. Wagner, Moritz
43. Wiggins, Aaron
44. Anunoby, OG
45. Ball, Lonzo
46. Bates-Diop, Keita
47. Brissett, Oshae
48. Bryant, Thomas
49. Craig, Torrey
50. Eubanks, Drew
51. George, Paul
52. Gordon, Eric
53. Hayes, Jaxson
54. Holmes, Richaun
55. James, LeBron
56. Lee, Damion
57. Love, Kevin
58. Martin, Caleb
59. Okogie, Josh
60. Payton II, Gary
61. Reddish, Cam
62. Richardson, Josh
63. Russell, D’Angelo
64. Smith, Jalen
65. Tucker, P.J.
66. Watanabe, Yuta
67. Westbrook, Russell
68. Wood, Christian
69. Beverley, Patrick
70. Mobley, Isaiah (Two-Way)
71. Oubre Jr., Kelly
72. Slawson, Jalen (Two-Way)
73. Williams, Patrick
74. Wiseman, James
75. Ingles, Joe
76. Christie, Max
77. Juzang, Johnny (Two-Way)
78. Windler, Dylan (Two-Way)
79. Wong, Isaiah (Two-Way)
80. Mays, Skylar (Two-Way)

\_\_\_\_\_\_\_\_\_\_\_\_\_\_\_\_\_\_\_\_\_\_\_\_\_\_\_\_\_\_\_\_\_\_\_\_\_\_\_\_\_\_\_\_\_\_\_\_\_\_\_\_\_\_\_\_\_\_\_\_\_\_\_\_\_\_\_\_\_\_\_\_\_\_\_\_\_\_\_\_\_\_\_\_\_\_\_\_\_\_\_\_\_\_\_\_\_\_\_\_\_\_\_\_\_\_

Next, we look at the Old, the Bad, and the Ugly. These are guys that we shouldn't target as they aren't good enough.

* Guys that should not be playing over the young guys we have at their position (Thad Young over PWAT won't happen, same Malachi Flynn over Gillespie)
* Extremely washed vets on their last legs (Patty Mills is still alive?? Isaiah Thomas is still alive??)
* Fringe NBA guys that don't play minutes on bad teams (Kira Lewis Jr, Usman Garuba, ect)
* Young and unproven guys who have spent most of their time in the G-league (Jules Bernard, Keyontae Johnson)

**THE OLD, THE BAD, THE UGLY:**

1. Azubuike, Udoka (Two-Way)
2. Badji, Ibou (Two-Way)
3. Bailey, Amari (Two-Way)
4. Bernard, Jules (Two-Way)
5. Biyombo, Bismack
6. Boston Jr., Brandon
7. Brown III, Greg (Two-Way)
8. Brown Jr., Charlie (Two-Way)
9. Brown, Moses
10. Cain, Jamal (Two-Way)
11. Castleton, Colin (Two-Way)
12. Davison, JD (Two-Way)
13. Diabate, Moussa (Two-Way)
14. Drell, Henri (Two-Way)
15. Flynn, Malachi
16. Ford, Jordan (Two-Way)
17. Forrest, Trent
18. Gallinari, Danilo
19. Garuba, Usman
20. Gill, Anthony
21. Gilyard, Jacob (Two-Way)
22. Green, Javonte
23. Johnson, Keon (Two-Way)
24. Jones, Damian
25. Krejci, Vit (Two-Way)
26. Lee, Saben (Two-Way)
27. Lewis Jr., Kira
28. Lundy, Seth (Two-Way)
29. Marjanovic, Boban
30. Matthews, Wesley
31. McLaughlin, Jordan
32. Mills, Patty
33. Milton, Shake
34. Minaya, Justin (Two-Way)
35. Moon, Xavier (Two-Way)
36. Mykhailiuk, Svi
37. Nance, Pete (Two-Way)
38. Nix, Daishen (Two-Way)
39. Nwora, Jordan
40. Osman, Cedi
41. Peterson, Drew (Two-Way)
42. Potter, Micah (Two-Way)
43. Queen, Trevelin (Two-Way)
44. Quinones, Lester
45. Rhoden, Jared (Two-Way)
46. Robinson, Jerome (Two-Way)
47. Samuels Jr., Jermaine (Two-Way)
48. Sanogo, Adama (Two-Way)
49. Sarr, Olivier (Two-Way)
50. Schofield, Admiral (Two-Way)
51. Seabron, Dereon (Two-Way)
52. Smith, Terquavion (Two-Way)
53. Swider, Cole (Two-Way)
54. Temple, Garrett
55. Thomas, Isaiah
56. Toppin, Jacob (Two-Way)
57. Tshiebwe, Oscar (Two-Way)
58. Wainright, Ish (Two-Way)
59. Warren, T.J.
60. Washington Jr., Duane (Two-Way)
61. Washington Jr., TyTy (Two-Way)
62. Williams, Alondes (Two-Way)
63. Williams, Brandon (Two-Way)
64. Williams, Malik
65. Williams, Nate (Two-Way)
66. Young, Thaddeus
67. Dowtin Jr., Jeff
68. Jeffries, DaQuan
69. Jones, Kai
70. Queta, Neemias
71. Sims, Jericho
72. Thor, JT
73. Umude, Stanley
74. Bertans, Davis
75. Bamba, Mo
76. Gibson, Taj
77. Giles III, Harry (Two-Way)
78. Hagans, Ashton (Two-Way)
79. Harris, Kevon (Two-Way)
80. Hinton, Nate (Two-Way)
81. Johnson, James
82. Johnson, Keyontae (Two-Way)
83. McGee, JaVale
84. Muscala, Mike
85. Zeller, Cody
86. Metu, Chimezie
87. Tate, Jae’Sean

\_\_\_\_\_\_\_\_\_\_\_\_\_\_\_\_\_\_\_\_\_\_\_\_\_\_\_\_\_\_\_\_\_\_\_\_\_\_\_\_\_\_\_\_\_\_\_\_\_\_\_\_\_\_\_\_\_\_\_\_\_\_\_\_\_\_\_\_\_\_\_\_\_\_\_\_\_\_\_\_\_\_\_\_\_\_\_\_\_\_\_\_\_\_\_\_\_\_\_\_\_\_\_\_\_\_\_\_

Now we get into the actual meat and potatoes of Free Agency. Here are the ""OK"" options. If you're on this list it means maybe you could squeeze out a MLE somewhere and not be available, maybe the fit isn't great, but maybe they can play a role off the bench and work for us for regular season depth or be an 7th- 8th man in the playoffs.

  
**THE MAYBE LIST**

1. Bullock Jr., Reggie - Was a solid role player in Dallas for ages before getting exiled to Houston. Didn't play much behind their glut of youth but could be a Justin Holiday type player for us off the bench with higher upside as a shooter.
2. Burks, Alec - NYK might want him back after he played great on the Hospital Knicks team in the playoffs, but the old trade throw in showed he can still shoot, ball handle, and most importantly draw fouls at an NBA level even against playoff competition.
3. Covington, Robert - He's only here because he may be washed, but even 70% of Old ROCO would be a revelation for Denver. Can legitimately guard 1-5, shoots 34-38% from 3, passes well. A connecting player for any bench lineup and running Mike/AG/ROCO as the frontcourt for non-Jokic minutes would overwhelm most teams with length.
4. Crowder, Jae - The bucks might keep him after giving up 1000 second round picks for him, but the old dreadhead can still shoot well from each corner and play strong/physical defense. Could be a solid 3/4 to play with the AG at center/MPJ at PF bench lineups.
5. Dinwiddie, Spencer - I've never been high on Dinwiddie (Dinshittie???) but he is an NBA level PG who can space the floor, ball handle, draw fouls. I think he looks way better using his size against bench units that typically cannot defend a big guard like him successfully. If we give Jamal B2Bs off then he'd be fine. Might be available at the min after a terrible run with LA this season. What better way to rebuild your value than play with Jokic and shoot a bunch of open 3s?
6. Dunn, Kris - Unbelievably underrated player. He'd be a top choice if it wasn't likely Utah (or someone else) throws a bag of money at him. If he slips through the cracks, our bench PG problem is solved for a year. Great POA defense, ballhandling. Up to 36.5% from deep this last year. Would be in the playoff rotation for sure.
7. Garza, Luka - Unsure he's available at a min, but he's looked serviceable as a backup big when KAT was out with various injuries the last few years. Anytime Reid goes into the starting lineup and Garza mans the bench, he can be an offensive force. Could keep our heads above water in non-jokic minutes.
8. Hayward, Gordon - Injury prone, completely non factor in the playoffs for OKC. Both have tanked his demand... still might demand some money given he's a former borderline all star. But another guy who could slip through the cracks given the new CBA scaring a lot of teams away from any contracts. Would be a nice secondary ballhandler, scorer, veteran presence for the bench. I think a young team will overpay to have him mentor their guys though.
9. Highsmith, Haywood - I don't love signing ex-miami role players because they generally win by trying harder than everyone else. But he shot 40% from 3 this season, defends well, and is a Rich Man's Justin Holiday replacement. Started 20 games this season for a Heat team riddled with injuries and looked solid in most of them. Don't think he's going to be available but I didn't think Bruce Brown would be available for the MLE two summers ago.
10. Horton-Tucker, Talen - The Jazz became infinitely better as soon as they benched THT for Dunn, not a huge fan of his game. That said, he can playmake, score, and defend better than Reggie Jackson. Turnover prone and not a playoff Rotation guy imo, but if the FO is really not loving Gillespie or Pickett, he could do in a pinch until the deadline/buyout market. Good potential, maybe just needs better team culture? Or it could just be low BBIQ.
11. Kornet, Luke -Solid bench big who can shoot, rebound and give Jokic a breather. Boston likely can't afford anything because of their contract situation exploding next year and he is an ""unsexy"" pick for backup big relative to Drummond. Would be a great get but we might get priced out of him if some team offers 2/17 or something of that nature.
12. Lowry, Kyle - The old train is still chugging. Would be a great bench PG, philly had him closing lineups in the playoffs. Defends, shoots, playmakes, flops at a high level. Old man could organize the young guns on the bench as well. Don't think he slips through the cracks and philly might well keep him, but I'd like to see us scoop him if possible.
13. Martin, KJ - Freak athlete, very solid defender. Got forgotten on the edge of philly's bench but would be a good CB replacement if KCP leaves and we have a CB sized hole in the bench. Pure energy, would work well with a bench that loves to get out and run in transition.
14. McDermott, Doug - Great shooter, terrible defender. Would be a regular season pickup but could space the floor well for CB and PWAT to attack the paint, and the other bench players could likely cover for his defensive weakness. Decent fit and will likely be available. Not a playoff rotation player though.
15. Okeke, Chuma - Lost in the Magic's glut of young wings, Chuma was a solid defender on a young magic team, and used to start a solid amount of games for them. Unfortunately his shooting fell off a cliff in minimal minutes last year. Was a near lottery pick for a reason, and Orlando just happened to get two stars that play his position. A shoot the moon type signing, unlikely to crack the playoff rotation but could refresh the youth on the team if we pull some trade that involves Strawther, Watson, Tyson, ect.
16. Payne, Cameron - Basically Reggie Jackson at this point. Only sign if we trade away reggie and CG and Pickett are terrible in Summer league. Solid shooter for the bench but thats it.
17. Prince, Taurean - Great corner shooter, plays good defense. Rich man's Justin Holiday. Think someone throws money at him after all the games he started for LAL this year but you never know.
18. Samanic, Luka- 6'11, can move well, allegedly used to be able to shoot but shot 20% from 3 this year (EUGH). Hit 33% in the G league and has been a solid rebounder since Euroleague. Spurs got him in the first years ago for the upside that just hasn't materialized. A last resort backup big, but a big body that can move and score 20 PPG in the G-league feels like maybe Jay Huff Eastern Euro edition.
19. Stevens, Lamar - Big, strong, went to Penn State which is always a plus for Booth. Very solid defender, the main thing keeping him from being an NBA commodity is an inability to crack 32% from 3. If he could get 30-32% again like he was in 2022-2023, it would be serviceable enough for someone with his defense and he'd be Pwat/Holiday insurance as an 8th man in the playoffs. Probably available for a min after ending up on the Memphis scrap heap this year.
20. Thompson, Tristan - Pros: would supply the guys with steroids. Imagine Mike with dwight howard shoulders? He'd be a post scorer in no time. Tristan at this point is mainly a big body and a guy who could fit in the DAJ role but be a little more mobile and playable during the season.
21. Banton, Dalano - Imagine a G-league quality, tanking team Lebron James. Watching him tank command the end of season blazers was something else, but he did hit 36% of his 3s, score 18 ppg, rebound and pass well for the last 20 games of the season. Wouldn't hate to pick up Jamal's countryman, but Portland is likely going to pick up the team option unless they explode their roster (very possible given Brogdon is still blocking Scoot and Ayton looked alive for the end of the season. who knows what they do).
22. Robinson-Earl, Jeremiah - Former 5 star villanova recruit, Solid rotation big for OKC for years. Ended up in New Orleans riding the Pellies bench behind Zion/Ingram/Nance/Valanciunas. If they don't pick up his team option (They are going to be making big moves this summer to move Ingram and maybe CJ Mccollum), JRE could be a cap casualty. Always a solid shooter, having a 6'8 guy who can hit 34% from 3s, rebound with strength, guard bigs is a nice piece. Would be a solid stand in for Vlatko if the FO decides to move on from our favorite Slovenian.
23. Waters III, Lindy- Knockdown shooter who has never really gotten a fair look in OKC. One of their infinite draft picks stuck on the bench behind their young core. If they don't pick up his team option and look for upgrades, he'd be an interesting guy to give some run and see what he can do. Shot 44% from deep two different seasons in college, born in Boulder, 6'7 in shoes. Would be excited to see him as bench SG if CB moves into the starting lineup.

\_\_\_\_\_\_\_\_\_\_\_\_\_\_\_\_\_\_\_\_\_\_\_\_\_\_\_\_\_\_\_\_\_\_\_\_\_\_\_\_\_\_\_\_\_\_\_\_\_\_\_\_\_\_\_\_\_\_\_\_\_\_\_\_\_\_\_\_\_\_\_\_\_\_\_\_\_\_\_\_\_\_\_\_\_\_\_\_\_\_\_\_\_\_\_\_\_\_\_\_\_\_\_\_\_\_\_\_

If you're still here, Congrats. You have made it to the good stuff. This is the list of guys I would be happy to have added to the Nuggets, and have a decent-high chance of being available for the right price.

**THE CREAM OF THE CROP**

1. Bitadze, Goga - I am Googoo for Goga puffs. Hopefully no one noticed, but while WCJ was out for a lot of the early season, Goga filled in seamlessly for the Magic. Accumulates tons of blocks, Offensive boards, able to finish around the rim with ease. Just keep him from shooting 3s. The best hooper from Georgia might be available on a cheap deal this summer as Orlando will prioritize outside shooting over size and WCJ/Mo Wagner appear to have locked up the 1/2 spots at center. Would love to see Goga in Denver, he could be a playoff caliber backup big from everything I've seen.
2. Drummond, Andre - The rebound king is a UFA. Many have mentioned him here, but Drummond always fills in well on any team as a backup big despite his shooting woes due to his control of the glass and defensive capabilities. His weakness has always been he is a legend in his mind, and thus tries things he has no business attempting. Head scratching euro-steps, behind the back transition dribbles out of bounds, contested floaters off the shot clock? All on the table. If Malone can bully him into playing a role, he would be a great pickup. The premier backup big available this summer.
3. Duke Jr., David (Two-Way) - The Klan chief is more of a depth pickup, but the all 1st team G-league player in 2023 has improved his outside shooting to 37% and maintains his slashing and defensive capabilities he showcased at Providence. Another guy that would be more of a depth/Two way pickup if we have to package some young guys to get off the zeke+Reggie contracts, but Duke has grown every year and looks like he could peak as a 6'5 3+D guard with bench lineups. Seems like a great long term investment if San Antonio uses their two way spots on this years picks.
4. Fultz, Markelle - Another odd man out in Orlando, Fultz still can't shoot 3s after his phantom shoulder issues... but has become a solid defender and midrange scorer as well as a fantastic POA defender off the bench. Always a playmaker, he could unlock Watson and Braun as a distributor as well as turn the switching bench defense into an iron curtain. Orlando has committed to Cole Anthony long term, loves Suggs, and just drafted Anthony Black. No one needs 4 PGs. If Fultz falls to the Nuggets, bench spacing would be an issue, but we would have an identity of defense and running in transition. Not sure who else is going to bid up for his services.
5. Goodwin, Jordan (Two-Way) - Goodwin first came onto my radar while watching him in DC as their backup guard in 22-23. He was an energy monster, getting steal after steal as a POA defender and diving all over the court. A poor man's Caruso/Kris Dunn, he is in the low 30s from 3 but is a willing passer and extremely strong defender. One of the better guard rebounders around, he was averaging 8(!!!) boards a game once he started getting minutes in Memphis end of season, which would be a huge help to the undersized bench unit. The only reason he isn't still in DC is Beal knew him from St Louis and demanded Goody be traded to Phoenix with him. Phx was signing a bunch of veterans to try to compete (lol) and Goodwin was a roster cut. Would be a great time to pick him up once Memphis makes some cuts as their 100 injuries this year heal. ""We have Alex Caruso at home"" type of player but I would love to see the havoc he could wreak at altitude.
6. Harris, Gary - Come home Gary. After getting 24 minutes per game in Orlando's rotation this past year, Gary might not be in high demand as his 3pt efficiency tumbled from 43% down to 37%. Injuries, as always, remain an issue, but Gary wouldn't be available for cheap if he was always healthy. As Orlando is one of the few teams with cap space focused on the big names this summer, they might not re-sign the UFA if they throw a bag of cash at PG/Klay/ect. They also drafted two guards last summer and likely want to see what the young guns can do.
7. Holiday, Aaron - Why not get another Holiday brother? The youngest Holiday managed to sneak into Houston's rotation this year, shooting 39% from deep and 92% from the line. The sharpshooting guard is solid on defense and would likely be an expensive bench piece or starter if God had made him 6'4 instead of 6'0. While undersized, Aaron would be a perfect second unit ballhandler and spacer, opening up the court for Denver's young wings to attack the rim.
8. Jackson, Quenton (Two-Way)- Athletic Freak. More of a depth pickup if we have to package Strawther or Watson to get off the Nnaji contract. A massive 6'5 PG with 40+ inches of bounce, Jackson flies around the court throwing dimes and outpacing teams. Would thrive at altitude and be a great distributor for all the young shooters Denver has drafted. Just don't ask him to take jumpshots. Would become the second best dunker after AG the moment he stepped in the building though.
9. Len, Alex - Massive body, great rebounder, has been running his ass off in Sacramento for two years backing up Sabonis. Don't think many teams are vying for his services and he would be a body to take some strain off Jokic against bad teams and in blowouts. Perfect vet min backup big.
10. Mamukelashvili, Sandro - Sandro Character Limit would be one of my top 3 picks on this list but he is an RFA and the spurs look like they might want to keep him and match any other offers. Big Mamu is a 6'11 tank that shoots 33% from deep for his career and battles for boards like his life depends on it. Would be a great 4/5 for depth if SA decides to spend some of their cap this summer to build around Wemby and still avoid luxury tax.
11. Morris, Monte - Needs no explanation. Come home. After being tossed around the league the last two years, Monte could likely be had for a vet min.
12. Plumlee, Mason - Mason is a known commodity in Denver, always able to run well, pass well, and rim protect. As long as he's not on the perimeter at the end of games (KMS), Money Mase would be a solid backup center to give Jokic some more time chilling on the bench. I imagine
13. Saric, Dario - Currently finishing a one year deal with GSW, Super Dario would bring great passing, size and shooting off the bench. A 37% 3 point shooter with slick passing and playoff experience from Philly and Phoenix, Dario would be an offensive weapon off the bench surrounded by athletic wings. Would really elevate what we could do offensively given he can space for the young wings and distribute the ball well from the mid and low post. One of my 3 top big men signing possibilities for us.
14. Smith Jr., Dennis - Athletic Freak and ball of energy, DSJ has had a resurgence since leaving Dallas and Detroit. A career 30% 3 point shooter, DSJ is best used as a penetrate and kick energy weapon off the bench. After having his most efficient season ever (low bar to be fair), he is looking like a solid playmaker and court general for bench units. He can be had for cheap and would be a clear upgrade over Reggie at Backup PG. Also he hates Dallas, and goes 110% against them every game. Given how the West looks right now, that could come in handy.
15. Theis, Daniel - Another Clippers backup big, Thies anchored the German defense that won the FIBA World Cup last summer. He shoots 35% from 3, is switchable on defense at a mobile 6'8 250, and would be another solid backup big signing for the Nuggets. Played in 40+ playoff games with Boston and was a rotation player in all of them, so he's prepared and experienced in the Postseason.
16. Tillman, Xavier - The ex-Grizzly filled in admirably last postseason after Brandon Clarke and Steven Adams both got season ending injuries in the final month of the season. He had a 22-13 game against AD to win the Grizzlies a playoff game (what backup big on Denver is capable of this??) and has been a solid bench big his entire career. Boston traded for him at the break for KP insurance and it wouldn't be a terrible idea to pick up Tillman on a minimum as a 2nd/3rd string big. Mobile at 6'8 250, he would be a solid fit with our ""Guard and Run"" style bench.
17. Walker IV, Lonnie- Lonnie won the Lakers a playoff game over Golden State just last year and everyone forgot because they hit the Denver buzzsaw next round. On a 1 year minimum in Brooklyn, Lonnie put together a solid season off the bench. 38% from 3, decent defense, explosive athleticism, Lonnie could be a ballhandler and spacer on the second unit.
18. Wright, Delon - I have loved Delon's game for years. He is perpetually undervalued. Massive guard with great POA defense and decent shooting, he can slot into any lineup Denver runs. He can bring the ball up, shoot reliably, and playmake without turning the ball over. Defending the other teams best guard in almost every stop he's been at, the 6'5 PG has been one of the top guards in the NBA at steals rates at every stop. At 35% from 3, delon also can't be left alone on the perimeter and would slot into the backup point guard spot with ease. The only issue is injuries, but he wouldn't be searching for vet min deals if he was healthy all the time. He got his last big contract with DC two years ago, and I think he could be had on a 1 year deal if he slips through the cracks. Top 3 option for me.
19. Fournier, Evan -Don't Google was a sharpshooter and scorer with value at every stop in the NBA before a disastrous stint in his second season in New York. After being a 40% 3 point shooter with decent defense scoring 15-20 a game, Fournier got buried on the bench in New York behind Josh Hart and Quentin Grimes and never resurfaced. He got exiled to Detroit in the middle of last year and played terribly. Every time the French national team plays, Fournier shows himself to be a quality player, so Olympic success this summer could sink hopes of getting him for cheap. If not though... a solid scorer and reliable volume shooter off the bench is just what Denver needs.
20. Green, Jeff - The return of Uncle Jeff is very possible if Houston doesn't pick up his 8 Million team option this summer. Not sure about their long term plans but if they extend Jalen Green and Sengun this summer, Uncle Jeff could be on his way out of Houston. Why not return to the only place he's won out of his myriad stops?

If you're counting, there's one FA left unaccounted for. This guy has the same upside as Wemby and there will be a feeding frenzy for his services this summer as the potential best player in the league, so he gets his own category.

1. Bol Bol - Lol. Lmao even.

Thanks for reading! Leave any comments, questions, and concerns below."
8,How nice would it have been to have Hartenstein in this series?,"Just a fun thought exercise. Thinking he’d give us a lot more lineup flexibility with his size, good passing skills, and him grabbing us some boards wouldn’t hurt. Say if Holiday or Reggie are throwing up bricks IHart can get some min to matchup against Naz. To be clear I know we won a chip and I love watching the Knicks so I wouldn’t change a thing. "
9,"Calvin Booth (Nuggets GM): ""I think the best way to describe it is we either had to go big or do nothing."" ""I thought we had some traction in a couple different situations.""",
10,"Calvin Booth says there aren't any glaring holes on the roster. There could be a couple of spots in the rotation that are upgraded: ""More than anything our rookies need more seasoning.""",
11,Summary of Calvin Booth transactions since signing KCP and Bruce ,"Here’s a rundown of every notable transaction Booth has made since signing KCP and Bruce Brown in July 2022. I’m sure I’ve missed a couple second rounders sent back in multi-team trades and I haven’t included transactions that I deemed unimportant (sorry Collin). But I believe this is mostly accurate. 

Traded **Bones Hyland and 2 second rounders** for **Thomas Bryant** in Feb 2023.

Nuggets win championship. 

Traded **2029 1st round pick and draft rights to Maxwell Lewis** for draft rights to **Julian Strawther, Hunter Tyson, and Jaylen Picket**.

Allow **Bruce Brown, Jeff Green, and Thomas Bryant** to become UFAs and sign elsewhere.

Offered **Reggie Jackson 2yr/$10m including a player option** in July 2023.

Extend **Zeke Nnaji to 4yr/$32m including a player option** in Oct 2023.

Trade draft rights to **Ryan Dunn (28th pick) and 3 second rounders** for draft rights to **DaRon Holmes (22nd pick)** in June 2024.

Allow **KCP and Justin Holiday** to become UFAs and sign elsewhere.

Traded **3 second rounders and Reggie Jackson** for **cash considerations** in July 2024.

Offers **Dario Saric 2yr/$11m including a player option** in July 2024.

Offers **Russell Westbrook 2yr/$7m including a player option** in July 2024.

Extends **Jamal Murray to 4yr/$208m** in Sept 2024. 

Summary: 

Out: Bruce Brown, KCP, Jeff Green, Reggie Jackson, Thomas Bryant, Bones Hyland, Justin Holiday, Ryan Dunn, Maxwell Lewis, 8 second rounders, one 1st.

Extensions: Murray 4yr/$208m, Zeke Naji 4yr/$32m w/player option. 

In: Dario Saric 2yr/$11m w/player option, Russell Weatbrook 2yr/$7m w/player option, Julian Strawther, Hunter Tyson, Jalen Pickett, DaRon Holmes, cash considerations."
12,"[Shapiro] Here's Calvin Booth from just a minute ago on where the Nuggets are on KCP's looming player option and possible unrestricted free agency

Seems like the Nuggets are okay to roll with Braun as the starting shooting guard next season.",
13,"[Wind] ""You've got the Michael Malone - Calvin Booth conflict, and I've even heard it's bled into the locker room and gotten to a place where players are torn""",
14,"[Benedetto] Nuggets will hold an end-of-year press conference [Thursday] with Josh Kroenke, Calvin Booth and Michael Malone.",
15,Calvin Booth,"I’ve been more and more recently the Booth defender on this sub, and I gotta say, I understand the grief he’s been getting over Zeke Nnaji’s contract.  But I’ve still defended him because of his good drafting, trades, and free agency.  BUT MOSTLY, because he doesn’t make death penalty trades.  Seeing Nico Harrison off Luka Doncic like Luka was JFK driving down Dealy Plaza should remind a lot of doomers on this sub that truly terrible GMs make bad moves that traumatize generations of fans and remove their teams from championship competition for decades.  Suddenly paying Zeke Nnaji 32million over 4 and giving Dario Saric a player option doesn’t seem like the end of the world"
16,Calvin Booth says the Nuggets plan to sign Jamal Murray to a new contract extension after the Olympics: “I think it will be pretty easy. I don’t think it will be much of a negotiation.”,
17,"[Rachel Strand] Reportedly the Timberwolves were high on DaRon Holmes, and the Nuggets knew they had to leapfrog them to get their guy. Nuggets GM Calvin Booth: ""There were a lot of potential landmines between 22 and our pick.""",
18,Calvin Booth says he sees DaRon Holmes II as a four moving forward. Interesting to hear him kind of indirectly push back on the idea Holmes is set to be Nikola Jokic's backup.,
19,Calvin Booth needs to fix our bench,It’s really looking like our chip hopes are dwindling every day we don’t make a trade. And we don’t have any trade value either 😭
20,"Calvin Booth is playing chess, here’s the plan. ","Hello this is my first time posting on Reddit, not sure who this will reach. But I just wanted to lay the plan out for Denver Nuggets fans that may be freaking out over a Lavine trade. So here it is:
With Murray being unavailable to trade this year, trading MPJ for our future second option in Lavine is the first step in moving Jamal this offseason. We could move MPJ for role players now, but that means this coming offseason we would be scrambling around trying to trade Jamal for a co-star, which just probably wouldn’t happen. Other teams aren’t going to trade their franchise player for Jamal, who is only going to look worse by the end of the year. So the smart thing is to just get a co-star now, move Lavine to the second option next season, and trade Jamal hopefully for a couple 3 and D guys, which we would’ve done for Porter. We’re essentially just switching their trades because Jamal is unavailable to move at the moment. 

If all goes according to plan, next seasons starting lineup would look something like:
-Nikola Jokic
-Zach Lavine
-Cam Johnson
-Dorian Finney Smith
-Aaron Gordon

Which seems like a massive upgrade for us, especially on the defensive end. We would still have CB, Russ, and Peyton coming off the bench. While finding a competent backup 5 along the way. That’s a solid 9 man rotation not counting Strawther or Tyson making a jump. With this plan, we have a real co-star/all star alongside Jokic, followed by great depth. Exactly what we need. Yes, we need bench shooting too, but if CB and Peyton don’t make any jumps this year in that department, they may be shopped this offseason. Any thoughts?
"
21,In Defense of Calvin Booth,"I’ll preface by asking for forgiveness, since I’m a convert from NFL backseat GMing and I’m probably about to expose myself for knowing absolutely nothing about NBA roster-building. But for as dire as things seem for the Nuggets right now, I’m not totally opposed to the moves. 

[This article from the Ringer](https://www.theringer.com/nba/2024/5/21/24161611/denver-nuggets-offseason-2024-calvin-booth-michael-malone) published after our playoff elimination seemed to do a pretty good job summing up our 2023-24 difficulties: we’ve failed to fully develop our last several years of draft talent, arguably through a lack of meaningful playing time, and put extra pressure on our starters and veteran backups to compensate. These Booth moves seem to indicate a desire to reverse course on that trend, especially as we butt up against the budget for veteran free agents. We made an aggressive move to obtain a young player who should be able to contribute to scoring, we shipped off a reliable vet backup, and we look poised to lose another vet and member of our championship starting roster in KCP. Booth is telling Malone that we’re playing your young guys whether he wants to or not. 

Truthfully, as long as Malone acquiesces, I think this roster can avoid serious deterioration. Braun should probably earn a starting roster spot this year and do a reasonably good job replacing KCP’s defensive production. They probably expect Daron Holmes to fill in for Reggie as a rotational offensive piece, and I sort of expect that they’ll use whatever money is left over from not retaining KCP to bring in some more reliable depth pieces. 

It certainly hasn’t been a pretty offseason, and the Reggie + picks trade still leaves a bitter taste in my mouth. But it doesn’t feel like we’re cleaning house, so much as betting on the idea that we still have all the pieces we need to stay competitive at the highest level. Curious for thoughts from other people who probably/definitely have more knowledge on this topic than me."
22,In Defense of Calvin Booth,"Booth is becoming a convenient scape goat for Nuggets fans and haters. Booth has not been a perfect GM, however, he has done fairly well considering the context and circumstances facing the Nuggets.

#Booth’s mistakes

I’m not here to minimize his errors. I think the worst one has been Nnaji’s contract. Every penny matters to the Nuggets right now and the Nuggets are stuck with a portion of available salary dedicated to a Guy who isn’t a contributor. Booth also keeps giving player options to MLE signings like Reggie Jackson and Dario Saric, the former cost us draft picks just so we could dump him to bring in the latter.

His worst quality is the mismanaging of assets like future draft picks. We also burned capital in the first place to go and get guys like Reggie and Thomas Bryant who were non-contributors to our championship run.

#Defending Booth

**1. Losing BB and KCP** - Keeping Bruce was always going to be impossible. An elite 6th man who won a championship was going to get his bag. As for KCP, outbidding Orlando would have been very difficult. Especially since the Kroenkes have given every indication they don’t want to pay into the second apron.

Without KCP, the Nuggets have more financial flexibility now and into the future around their core four. 

**2. FA signings** - Booth has been very hit or miss with FA signings. Deandre Jordan, Bruce Brown have worked out, others like Reggie Jackson have not. 

Whether Russ works out or not, it’s almost impossible to find players who can impact the game at his level for that cheap. Yes he will frustrate us at times throughout the year, but games like last night will come too.

**3. Outlook and Philosophy** - Booth wants to sustain a competitive window for a long time and to do that, we have to develop young pieces. That isn’t going to be easy, especially since Malone likes to play veterans. However, Christian Braun has clearly taken that step and Strawther/Watson have shown flashes. This isn’t the worst strategy given the cap challenges to navigate.

Conclusion: Booth isn’t Tim Connelly, who I think many of us can agree is one of the best executives in the sport. However, Booth has been judged very harshly, despite the very difficult situations he has had as an executive in recent years.

Understanding this context is important when we have to realize how good that 2023 team was and how it was always going to be difficult to get to that level again."
23,"End of Season Press Conference: Josh Kroenke, Calvin Booth, Coach Malone 🎙",
24,Calvin Booth needs to sign G Yabusele from France.....,......big man off the bench with NBA chops
25,Calvin Booth is the Tyreke Evans of general managers,"Do you guys remember Tyreke Evans? Averaged 20/5/5 as a rookie and won Rookie of the Year in a class with Steph Curry, James Harden, DeRozan, Brandon Jennings and Jrue Holiday. Then he dropped of hard and got banned from the league. 

That's the trajectory Calvin Booth is on. His first summer in charge was the most impeccable piece of fron office work you could have. Drafted CB. Salary dumped JG for 1 first and got back the pick that became PWat.Traded for KCP and Ish Smith. Signed Bruce Brown. 11/10 no notes. 

As soon as the trade deadline, cracks started to show. Dealt away Bones for just two seconds. Somehow traded 3 2nds for Thomas Bryant who played 0 minutes in the playoffs. During the title defense season, he executed a great trade with the Thunder, sending out the 2029 1st for two seconds and a 1st. 

Then the wheels fell off he sent that future pick away for a pick in 2023. That was a mistake. Denver didn't need 3 rookies, this past season showed that. Plus all the picks Denver made were considered reaches. They could have stayed put at 37 and still taken Strawther. Jalen Pickett would have been available at 40, the original pick. 

He gave Reggie a 2 year - $10 mil deal for no reason. His $3.8 mil non-bird rights would have been plenty. No one was competing with the nuggets. Zeke was extended. Absolutely stupid at the time, even more so now. Justin Holiday it was a great signing and must be acknowledged. Ultimately, the season came down to the other max guys shitting the bed against Minnesota. Denver had enough to win. But last seasons mistakes are coming back to bite them this year and that might affect the team. 

KCP walked because the nuggets don't want to go over the second apron. They wouldn't have been in that position if they didn't have Zeke's salary on the books. Reggie was salary dumped for 3 seconds. Wouldn't have been the case if he got his going rate last year instead of the dumb contract Booth handed him. Even the salary dumb was boneheaded. 3 2nds to get off a $5 mil contract? Mavs just paid the same price to dump a $16 mil contract AND got a young 3&D player back. What was stopping Booth for making that exact trade? Jackson and 3 2nds for Grimes. Would have been a decent kcp replacement. 

I won't kill the Holmes pick, although we know Malone won't play him. Saric was a good signing. At least there's that. But since the summer of 2022, Denver is making wrong decisions, which are compounding to close the title window for this team. Denver still has a great 7 man rotation and if Strawther hits and Denver finds a backup PG somewhere, still the favorite in the West in my opinion. But boy this is could have and should have been a lot easier."
26,Calvin Booth when free agency hits,
27,Our ownership cheaping out on matching the Wolves offer to Tim looks horrible in retrospect. Or why Calvin Booth is a busrider.,"Adam Mares finally publically acknowledged what  he told me a full two months before Tim left while watching the Avs at DNVR.

The foundation of the KCP trade (Morris + Barton) was a done deal at the trade deadline of the 22' season. The reason it didn't happen is because Jamal decided against coming back-- at which point keeping Monte was necessary and the teams decided to do the deal over the summer instead.

Booth got all the credit for that deal-- because not many people knew that it had been a done deal for months. And he deserves credit for hitting the send button and then extending KCP. And obviously for the Bruce Brown signing.

However, almost every move he has made since then has been a disaster.

Everyone knew lasts summer's FA class for PGs was barren yet we didn't prioritize finding a replacement for Bones when we traded him. Instead, we burned 3 seconds trading for Thomas Byrant. A guy who was never going to be able to play in the playoffs and who was set to be a FA.

Then Booth traded a lightly protected 29' first for a shotgun approach to a part of the draft that is very hit or miss and decides to burn #32 on a 24 year old PG who relied on backing down younger, smaller players in college and despite championship equity, walks out of FA with Reggie Jackson and Holiday-- two guys who were 3 years washed. 

Then he has the audacity to tell KOC that Watson (who was the primary return for burning a 27 1st) is already better than Bruce Brown and to indicate that the approach to the offseason was taken, in part, to ensure the youth saw the floor.

At the time, I understood the logic of aiming for youth and cheap contracts but got downvoted in oblivion for arguing that a) we should have been aiming at 2nd draft guys instead of solely stockpiling late picks and b) stating that you should always be aiming for as much talent as possible, not limiting your options by aiming for guys who are okay being bench warmers.

Obi Toppin, NAW, Jalen Smith, Issaih Joe are all examples of 2nd draft guys contributing in the playoffs right now.

Derrick Jones Jr and Dante Exum are examples of guys on minimums who are contributing positively. And that's the bare minimum, not the TPMLE we gave RJ. 

And where as Tim regularly found 2 way guys who turned into NBA players (Torrey Craig, Hatenstein, Kedrick Williams, Dozier before the ACL tear), we have yet to have a 2 way signed by Booth (CG was also Tim) contribute.

All of that added up to a team whose bench was a disaster. No backup center meant Jokic carrying a heavy burden. RJ being predictably awful meant Murray couldn't be load managed because the team was the worst they've ever been without him. Gordon was forced to play way too many minutes- including at backup center.

And now all of the starters are worn to a pulp and mentally exhausted because of it.

Braun and Watson both have potential. But Watson is unplayable on offense and Braun is still a net negative on that end when the playoffs hit and teams stop guarding him. Strawther and Tyson both have potential but we've basically hedged all of our assets on Watson, Strawther, Tyson, Pickett (not a believer) and the 7 footer they sold for cash considerations... and as of now, none of them look like sure things.

Oh and KCP (as much as he struggles with the Wolves matchup) has a player option. And RJ and Pickett are on guaranteed deals so upgrading the backup point guard is going to be tough.

Contrast that with Tim building a team that doesn't have a single bad player in the rotation. His draft picks (and I'm high on the kid they took in the 2nd round) sit marinating while NAW, Monte, Conley, Ried (signed to a steal of an extention) and Kyle Anderson help build out the deepest team in the NBA.

Yes, he gave up to much for Rudy. He was also right it would work and right that ANT was ready (and had them on a clock).

And the Kroenke's were idiots for letting a top 3 GM walk from his contract and praying an unproven GM could hit the ground running during a title window. Not only because it's likely cut the Nuggets window short but also because it allowed Tim to customize a team designed to wreck the Nuggets.

"
28,Remember when I said Tim Connelly is so much better than Calvin Booth and this sub roasted me?,"Now you see the genius Tim Connelly who built 80% of the Nuggets championship team then how Tim Connelly built a team in 2 years to counter his championship Nuggets team.

Calvin Booth is a bum, tell me why the fuck he isn't? He didn't get us a backup PG, PF, and a C and now our players are getting gassed.

Tim Connelly drafted Jaden McDaniels and pays him $4 million a year who turns out to be a steal while Calvin Booth pays that bum Zeke Nnaji and pays him $8 million a year.

We are not going to win a championship unless massive changes happens in our lineup. Teams adapts, improves, and gets better.

If we get sweeped by the Wolves, I just thope they fire Calvin Booth. If you still defend him, you are not a Nuggets fan. Stop being overly positive and complacent.

Actually, you know what? Fuck it. Getting swept probably means there would be a massive reconstruction in our roster and we might finally get a competent manager."
29,What can Calvin Booth do?,"Sign CP3 with 5m/year and drop RJ?
Sign Kevin Love with 5m/year and drop DAJ?
Drop KCP and Let Braun start. 
Then our salary will fall below 1st apron and we can sign Bruce Brown with the that extra MLE (13m) if his team option isnt exercised? 

Most importantly, trade MPJ? 


One thing is for certain—- do not overuse Jokic anymore"
30,"115 Days Until Tip-Off - Off-Season Discussion Thread | Jul 1, 2024",**Daily Listening:** [Big Special - Postindustrial Hometown Blues (2024)](https://youtube.com/playlist?list=OLAK5uy_ktghbOjwnK1ypszaUAz7_ZvTxyaX-1QMw&si=KdAyEW5YsjqluDiY) | *Recommended by* u/an_Aught
31,Nuggets General Manager Calvin Booth Interview With Chris Dempsey 🎙,
32,"36 Days Until Tip-Off - Off-Season Discussion Thread | Sep 16, 2024","[](/dg_begin)

|Nuggets Next 5|||
|:--|:--|:--|
|Celtics @ Nuggets|10/4 - [10:00 AM MDT](https://dateful.com/time-zone-converter?t=10:00 AM&tz=Denver&)||
|Nuggets @ Celtics|10/6 - [8:00 AM MDT](https://dateful.com/time-zone-converter?t=8:00 AM&tz=Denver&)||
|Suns @ Nuggets|10/13 - [6:30 PM MDT](https://dateful.com/time-zone-converter?t=6:30 PM&tz=Denver&)|ESPN|
|Thunder @ Nuggets|10/15 - [7:00 PM MDT](https://dateful.com/time-zone-converter?t=7:00 PM&tz=Denver&)||
|Nuggets @ Timberwolves|10/18 - [6:00 PM MDT](https://dateful.com/time-zone-converter?t=6:00 PM&tz=Denver&)||

&nbsp;

|Upcoming Events|||
|:--|:--|:--|
|NBA Abu Dhabi Games 2024 (Nuggets vs. Celtics)|October 4 & 6||
|Start of the 2024-25 NBA regular season|October 22||
[](/dg_end)

**Daily Listening:** [LL Cool J - The Force (2024)](https://youtube.com/playlist?list=OLAK5uy_nYWWjYtAUITHNLl4F1z3xN_JsGuvkuIM4&si=1ubkRwYqz6b_VFNj) | *Recommended by u/j_like*"
33,"Playoffs Day 22 - Discussion Thread | May 11, 2024","[](/dg_begin)

|Upcoming|Nuggets|Playoff|Games|
|:--|:--|:--|:--|
|Game 4|Nuggets @ Timberwolves|5/12 - [6:00 PM MDT](https://dateful.com/time-zone-converter?t=6:00 PM&tz=Denver&)|TNT|
|Game 5|Timberwolves @ Nuggets|5/14 - [8:30 PM MDT](https://dateful.com/time-zone-converter?t=8:30 PM&tz=Denver&)|TNT/truTV|
|Game 6|Nuggets @ Timberwolves|5/16 - [6:30 PM MDT](https://dateful.com/time-zone-converter?t=6:30 PM&tz=Denver&)|ESPN|
|Game 7|Timberwolves @ Nuggets|5/18 - [10:00 PM MDT](https://dateful.com/time-zone-converter?t=10:00 PM&tz=Denver&)|TBD|

&nbsp;

|Today's|Playoff|Games||||
|:--|:--|:--|:--|:--|:--|
|Game 3|Thunder @ Mavericks|[1:30 PM MDT](https://dateful.com/time-zone-converter?t=1:30 PM&tz=Denver&)|DAL leads 2-1||ABC|
|Game 3|Celtics @ Cavaliers|[6:30 PM MDT](https://dateful.com/time-zone-converter?t=6:30 PM&tz=Denver&)|Series tied 1-1|– CLE -3.5 200.5|ABC|
^^**last** ^^**updated** ^^**May** ^^**11,** ^^**20:27** ^^**MDT**
[](/dg_end)"
34,Give it a break,"The overreactions from this fan base are ridiculous. We have a bad playoff run (that still could’ve very easily gone our way) and y’all are ready to blow up the core? Good grief. Tired of seeing trade MPJ, Murray or X core player. We are still a damn good team. Do we need to tweak the edges? Yes. We need scoring off of our bench. CB is a GREAT defensive player, however, he looks timid on offense a lot of times. And he will be more comfortable with time. Same goes with P Wat. However, when we are relying on Reggie Jackson to provide the scoring off of our bench we have an issue. If y’all want to talk about moving on from people let’s start with Nnaji who still hasn’t been able to crack the rotation in a real way. Or Vlatko who has not had a memorable moment for this team in idk how long. But when it comes to the core give this team a break. We have a bunch of fair weather fans in this fan base, and if that’s what y’all want to be then please go be a fan of whoever wins the ship every year.

P.S. Calvin Booth should be under more fire for the bench he put together to defend a title than the players should."
35,DeAndre Jordan: “We tried to trade a lot of these guys but nobody really wanted them”,
36,I want to give a shout- out to this guy. Spencer Jones,"We have not had the chance to see much of this guy play, but he showed some great promise with some sweet moves tonight. His back- to- back connections from Westbrook were fucking incredible and had me jumping from my seat yelling. 1 block and 1 steal. I look forward to what this guy can develop into"
37,Just imagine Fox on the Nuggets,Calvin Booth & the front office should at least try
38,"[Beck, Kram, & Mahoney -- The Ringer] ""Which team will regret their offseason the most? ... The Nuggets."" ","https://preview.redd.it/wnde1b4p5dwd1.png?width=2050&format=png&auto=webp&s=60898cbacb0aba12ec06e4f9d32fcbcbff369fc9

"
39,[Lowe] The Denver Nuggets and the convenient fear of the second apron,">The Nuggets can contend for titles as long as Jamal Murray and the world's best player are healthy, but the downgrade from Kentavious Caldwell-Pope to Christian Braun will show itself against the best teams in the playoffs. There is also the backup-to-the-backup problem; someone outside Denver's rotation now has to fill Braun's reserve role -- just as the Nuggets scrambled to fill Bruce Brown's minutes last season.

>Braun is a solid, improving role player who can guard up in size better than Caldwell-Pope. But he is not yet in Caldwell-Pope's universe as a shooter, and shooting is what Denver needs most from that spot. They already attempted the fewest 3s in the league last season, and even for a team built around Jokic there is a math threshold you have to hit.

>The Nuggets will blame the apron, and there is some truth to the idea that the apron is a convenient scapegoat for owners who don't want to spend. A running joke around the NBA is that ""no owner wants to be called cheap at the country club.""

>Matching the Magic's three-year, $66 million offer for Caldwell-Pope could have -- could have -- set the Nuggets up for three straight years above the second apron. Escaping the second apron is hard. The league removes a lot of roster-building tools. You can reduce your salary only in trades, and it might become harder to dump money as more teams approach the aprons. You might end up stuck with the players you have and (in Denver's case) paying enormous repeater tax bills.

>The counter, of course, is that being ""stuck"" with a championship-level roster is the whole point of owning an NBA team. The Nuggets also could have ducked the second apron this season by salary dumping Zeke Nnaji, though teams with space would have squeezed Denver for draft picks. The Nuggets are already out several future picks, so they are running low on ammo to grease the wheels on apron-related dumps.

>Ducking the second apron in either the 2025-26 and 2026-27 seasons with Caldwell-Pope on the books would have been damned near impossible without sloughing away a major salary along the way -- plus perhaps another role player in addition to Nnaji. Even without Caldwell-Pope, the Nuggets could be in danger of exceeding the second apron in 2026-27 given potential new deals for Murray, Aaron Gordon, Braun and Peyton Watson.

>There were plausible ways to evading the second apron this season, keeping Caldwell-Pope and putting off painful choices one year. Those pathways were tight. But it was possible, and there is some merit to absorbing the penalties and paying through the nose to maintain a team you know could win the title.

>There is also merit to Nuggets GM Calvin Booth arguing this situation is precisely the reason you draft players you think could help soon: Braun, Watson, Julian Strawther, Jalen Pickett, Hunter Tyson and now DaRon Holmes II. (Any GM parroting that argument is surely aware it gives cover to their bosses.)

>Booth is intensely proud of his draft record. Those players had better be ready. Strawther looked ready before injuries short-circuited his season. He should be a good fit buzzing around Jokic.

>Bottom line: The second apron is both a real impediment and something that stirs preexisting frugality.

>Back in 2018, I wrote about the moral dilemmas of the new supermax contract -- how some teams faced painful choices between paying stars gigantic, ever-rising contracts into their 30s, or trading them away. Had the NBA (and its team governors) accidentally introduced another wrinkle cutting against roster continuity?

>With the help of several executives, I proposed a bunch of rule changes (some realistic, some pie in the sky) designed to mitigate the financial pain of keeping teams together: amnesty clauses, bonus cap exceptions, other minutia. The most relevant: What if supermax deals for homegrown players didn't count in their entirety for luxury tax purposes? Even if that merely saved billionaires some scratch, was that worth it to help great teams stick together?

>It feels like there is room to discuss something like that in conjunction with the second apron."
40,[OC] Previewing the Denver Nuggets' 2024 Offseason,"# Cap Outlook

**Cap Sheet:**

|Player|2024-2025|2025-2026|2026-2027|2027-2028|
|:-|:-|:-|:-|:-|
|Nikola Jokic|$51,415,938|$55,224,526|$59,033,114|*$62,841,702*|
|Jamal Murray|$36,016,200||||
|Michael Porter Jr|$35,859,950|$38,333,050|$40,806,150||
|Aaron Gordon|$23,841,455|*$23,841,455*|||
|Kentavious Caldwell-Pope|*$15,440,185*||||
|Zeke Nnaji|$8,888,889|$8,177,778|$7,466,667|*$7,466,667*|
|Reggie Jackson|*$5,250,000*||||
|Christian Braun|$3,089,640|$4,921,797|||
|Julian Strawther|$2,552,520|$2,674,200|$4,826,931||
|Peyton Watson|$2,413,560|$4,356,476|||
|Vlatka Cancar|$2,346,606||||
|Jalen Pickett|$1,891,857|$2,221,677|$2,406,205||
|Hunter Tyson|$1,891,857|$2,221,677|$2,406,205||
||||||
|total|$190,898,657|$141,972,636|$116,945,272|$70,308,369|

**Free Agents:**

Kentavious Caldwell-Pope (player option)

Reggie Jackson (player option)

Justin Holiday (UFA)

DeAndre Jordan (UFA)

**Exceptions:**

None



# Draft Outlook

**Picks in Possession:**

28th overall pick in 2024 draft

56th overall pick in 2024 draft

1st round picks in 2026, 2028, 2030, 2031

2nd round picks in 2025, 2026, 2029, 2030, 2031

**Tradeable Picks:**

2024 1st round pick (28th overall)

2031 1st round pick

6 second round picks

(Can also swap 1sts in 2026, 2028, and 2030)



# Overall Outlook

While the roster situation is in a relatively great place for the Nuggets moving forward, Calvin Booth and the Denver front office face some challenges this offseason if they want to make a significant improvement to their team after coming up just short in the second round this year. The challenges begin with KCP and his player option for $15.4 million. With teams like Detroit, Orlando, Philly, and Toronto all having cap space, the Nuggets might face a nightmare scenario where another team drives up the price on the 31-year-old 3-and-D player, who will surely be looking for a long-term payday. At the minimum he will get offered a 4-year deal using the MLE, which Denver can easily match with bird rights, but there could be a team that wants to give him a Bruce Brown type deal, which could make Calvin Booth hesitate.

With that being said, the next challenge to discuss is the second apron. With current projections, bringing KCP back will almost certainly put Denver over the newly created second apron which will be in full effect from here on out with its penalties. The front office is going to have to decide if enduring those penalties is worth keeping their expensive starting five together moving forward. Let's go over the second apron penalties to try to make sense of the situation ourselves.

* Loss of the Mid-Level Exception, so only minimum contracts can be used to sign free agents
* Cannot bring in more salary than is sent out in a trade
* Cannot send more than one player out in a single trade
* The team's 1st round pick seven years out becomes ""frozen"", or untradeable. This takes effect only if the team finishes the season over the apron. The 2032 draft is the first draft that would be affected
* If the team finishes over the second apron 3 years out of 5 then that frozen draft pick is automatically moved to the end of the first round, regardless of team record that season

There are a couple other smaller restrictions involving things like trade exceptions and trading cash, but those 5 are the main reasons to consider why a team like the Nuggets would possibly lower their salary to avoid the second apron.

Let's play out a scenario where Reggie Jackson picks up his player option and KCP opts out to re-sign in Denver on a 4-year deal that starts at $17.5 million. The front office could fill out their roster with the two draft picks that they own this June and end up right around $6.5 million over the second apron. They could then attach 2-3 second rounders to Zeke Nnaji to convince a rebuilding team to take his contract off the books and replace him with a veteran minimum free agent signing.

|Player|2024-2025|
|:-|:-|
|Nikola Jokic|$51,415,938|
|Jamal Murray|$36,016,200|
|Michael Porter Jr|$35,859,950|
|Aaron Gordon|$23,841,455|
|Kentavious Caldwell-Pope|$17,500,000|
|Reggie Jackson|$5,250,000|
|Christian Braun|$3,089,640|
|Julian Strawther|$2,552,520|
|Peyton Watson|$2,413,560|
|Vlatka Cancar|$2,346,606|
|2024 free agent minimum|$2,093,637|
|28th overall pick|$2,040,500|
|Jalen Pickett|$1,891,857|
|Hunter Tyson|$1,891,857|
|56th overall pick|$1,160,544|
|||
|total|$189,364,264|
|luxury tax line|$171,315,000|
|second apron line|$189,486,000|
|room below second apron|$121,736|
|luxury tax bill|$38,660,108|

That would be just enough for them to dip below the apron, however, it wouldn't solve their problems entirely.  Being right up against the second apron and treating it as a hard cap means you can't add any significant salary, so they still can't functionally use the MLE or bring in more salary than they send out in a trade. They also will not have made any sort of significant upgrade to their roster in this scenario, and while the roster might not need upgrading, some fans will undoubtably want some reason to believe why next season will be more like 2023 than this past one.

The uncomfortable reality for Denver at the moment is that if they do want to make a significant addition to their team this summer, they will almost certainly have to either let KCP walk or trade one of their other starters. And if KCP is brought back on a deal that starts at higher than $20 million, then they will almost certainly have to trade a starter to avoid the second apron, even if they were able to move Nnaji. We know Jokic and Murray are off the table and Gordon is more valuable to Denver than he would be to any other team, so he is probably not getting moved this summer. MPJ and his $35.9 million would likely be the choice by default for either matching salary or dumping salary in a potential trade.

While they aren't loaded with draft capital, Denver does have 2 first round picks, 6 second round picks, and 3 swaps available to trade this summer which they could attach to MPJ and create an attractive package that could potentially bring back a player that is both better on the court and cheaper on the books. That isn't going to be easy task, as players better and cheaper than MPJ aren't usually found on the trade market, but every summer we see players become available who we didn't expect to be just months prior.

Another piece of business for the Nuggets this summer is to extend Jamal Murray, who is set to be an unrestricted free agent in 2025. The expectation is that they will offer him a standard max contract that starts at 30% of the cap and has 8% raises. Things could be complicated by Murray making an all-NBA team next season which would boost the salary to 35% of the cap, but that seems doubtful at the moment. Overall, this should be an exciting move for Denver since they will be locking down the second most important part of their team long-term, but it should be a reminder that the roster is only going to get more expensive. Aaron Gordon has a player option for 2025-2026 and will no doubt be opting out of that for higher pay on a new long-term contract. Even if the front office can manage to maneuver their way below the second apron for 2024-2025, there is no feasible way to do so for 2025-2026 while keeping their starting five together.

The luxury tax bill is another challenge that the franchise faces, although with some of the wealthiest ownership in the league, they should be able to face this challenge with deep pockets. I try to be as realistic as possible when predicting what an ownership group will be willing to pay in luxury tax by looking at both their current level of wealth as well as their eagerness to pay the tax in the past. The Kroenkes are some of the richest owners in sports, however, they we haven't seen them pay more than $22 million in tax in any given year, so we can't say for sure if they would be willing to pay the $40+ million that it would take to be a second apron team next season. Let's hope that if Denver does decide to move a starter this summer to lower the salary bill, it is because the front office wants to avoid the apron penalties and not because ownership is cheaping out.

# Summary

The 2023 NBA champions have some tough decisions to make this June/July as they try to get back to the top of the league. They have to decide if going into the new second apron is worth keeping this championship core together for another year or if it would be smarter to try to pivot this offseason and shake up the supporting cast around Jokic, Murray, and Gordon. Letting KCP walk or trading MPJ would drop their salary bill well below the second apron and keep their roster building flexibility open, but it would also leave a big hole in the starting lineup. If they do decide that going over the apron is worth it, they are likely going to have to use Zeke Nnaji as matching salary to bring back a player making less than $8.9 million to bolster their bench. They could also salary dump Nnaji to dip below the apron if they are able to re-sign KCP at a low enough cost, but they won't be able to add salary during the season in that case.

So, what do you think the front office should do? Is keeping the championship core together worth the second apron restrictions? Will KCP be lured away to another team with a big payday? Is trading Michael Porter Jr the solution to getting ahead of their financial troubles? Let me know in the comments and thanks for reading!

*Also, I plan on doing at least a few more of these previews. Let me know if you have any constructive criticism about the format that I used or if you think there's any important info that I left out. And follow my account if you want to see what previews I do next. Thanks again.*"
41,"KCP on if it was difficult to leave Denver: “It took a while to think about it. There was a sense of me waiting to see if they [Denver] was gonna come back with an offer—But to be apart of this organization, [Orlando] they wanted me just as much as I wanted them.” [Brett James via Twitter/X]",
42,Why didn’t we resign Jay Huff last year?,"The guy barely played last year with us, and is now balling on Memphis. Would have been a great backup to Jokic and only got $2M from the Griz. Pretty disheartening we didn’t see his potential and just let him walk."
43,Well trade deadline is over,"I am extremely disappointed in Calvin booth, how u even pay saric, ik nnaji had some good games but cmon man, how tf we have DeAndre Jordan as our backup, no 3 pt def no shooters whereas a lot of teams got better over the deadline, Calvin I'm sry bro maybe it's for the best u go to another team"
44,I watched all of Russ’s Nuggets minutes and I think I’ve found the problem(s),"Recently, I posted a question asking why Russ was getting blamed for the Nuggets playing poorly. The responses were:

1. “Because he sucks”
2. F— Calvin Booth
3. F— Calvin Booth and Mike Malone
4. The bench is what sucks and he is the 6th man (meaning he gets the most PT off the bench), so he’s kind of the face of the whole thing.

I decided to watch all of Russ’s Nuggets minutes (preseason excluded). Here are some takeaways:

##Westbrook-Murray minutes DO NOT work 

In G1 against OKC, Malone seemed to play Westbrook similar to how he’d play KCP; however, Russ **doesn’t play at all like KCP.** Neither defensively nor offensively. On defense, Russ likes to let the offensive player in front of him in the PNR so he can go for a chasedown. KCP is a master at fighting through screens. Russ’s positive defensive impact comes from his relentless on-ball defense. What really makes KCP a great defender is his off-ball defense. And offensively, yall can probably see their glaring differences.

##The Nuggets need a great defense in order to win games.

The Nuggets are lacking severely in spacing but what they’re not lacking in is versatile defensive personnel. Watson, Gordon, CB, and Westbrook all can make the Nuggets’s defense great (and if MPJ/Strawther buy-in more). Also, I don’t see the Nuggets finishing as a top 5-6 seed without a solid, defensive-minded, back up center. Even my Spurs’s Charles Bassey could transform this team.

Until the Nuggets get a good back up center, Russ should only run minutes with Jokic. Throw CB in their two because Russ-CB is really nice concoction.

##Don’t play Russ late in the game. Like at all.

Look here in the 3rd quarter of G1 against OKC at 1:12 and in the 4th quarter of G2 against LAC at 10:27. Either Russ has a lack of effort or, more likely, is just old and gassed and can’t play late in games. He starts to ball-watch, shoot bad shots, and make poor decisions.

## Finally…
My final opinion is that Westbrook is a small problem for the team but no where near the primary one. He makes bad decisions when the play slows down, but with Jokic, he doesn’t really have to think.

I think the biggest issue for the Nuggets is a personnel one. And KCP leaving the team is beyond a major loss. But really, Westbrook is being used *wrong.* His rebounding is kind of not needed when he’s playing so many minutes with AG and Watson. But his playmaking and connective passing work beautifully in the Nuggets’s system.

All in all, I think playing him for 15-18 minutes across the first 3 quarters with Jokic, CB and MPJ (or Strawther if he decides to shoot the damn ball) is the way to go.

Thank you for your time."
45,The Booth Boys Doin Work,"Worst GM ever Calvin Booth’s draftees tonight dropped a casual 50pts, 14rbs, and 3 assists.  Shot 71% from the field, including 6 threes on 11 attempts. Individual Stats tonight:

Christian Braun: 21 points and 6 rebounds, 7-9 from the field with 3 3s.  Also completely despises Tyler Herro.

Peyton Swatson: 16 points on 11 shots, made 2 3s somehow.

Julian Strawther: No lift on his shot as all 3s fell short, 6pts.

Hunter Tyson: No missed shots, career high 7pts"
46,Always be thankful for what we have.,"No matter how many horrible Zeke Nnaji contracts he dishes out, I feel pretty confident Calvin Booth wouldn’t flip Jokic to LA for pocket change. Sorry Mavs fans, FTL."
47,Its now or never,"With AG being out for a few weeks, we reeeeeaaallly need something to happen with the Nuggs bench"
48,Dang Booth can be brutal,
49,We don’t need a backup center,"The Nuggets have had plenty of options on the team and on the free agent market to stick in at the backup center position and none on them have/will solve our bench problems. What we need is a backup point guard. Someone to set the table for everyone else but who can also score when needed, especially in PnR. Reggie was great to start the season but has severely fallen off (hoping for Big Govmnt to show up for the playoffs though). The other young Nuggets definitely aren’t ready to step into a floor general role and the little we saw from Pickett was not great (hoping his development is progressing well but usually in the NBA no news isn’t good news).

With that in mind…. Who would be a good point guard selection for the Nuggets in the upcoming draft?? As a Buffs fan I am biased but KJ Simpson would be an absolute steal in the 2nd round. He may be on the short side but he’s a good defender (better than Monte at least), a GREAT rebounder, a veteran leader, and insane competitor. He averaged +50/40/90 shooting this past season with 20 points, 5 assists, and 6 rebounds per game. He can score from anywhere but is always looking to get his teammates involved. He checks all the boxes on Calvin Booth’s player characteristics list and is currently projected to go in the 2nd round if he declares. 

So, what do yall think? 
"
50,nuggets twitter cooking rn,Calvin Booth please save us from going crazy 😭
51,How confident are you in Christian Braun? ,"So I just watched these highlights, and it got me pumped: [https://www.youtube.com/results?search\_query=chrisitan+braun+game+3](https://www.youtube.com/results?search_query=chrisitan+braun+game+3)

I also strongly feel that if he would've been given the chance in Game 7, he would have hit some more big shots. Even when the wolves were on their run in the 3rd he initially ended the run with a push shot. 

The thing I feel about Christian is that he actually is more of a playoff guy then a regular season guy. His biggest attribute is his toughness, and thats the hardest thing to scheme away from. 

Sure he isn't a great shooter, but in a pressure situation I think he just has that clutch gene. 

I feel like he will be okay in the regular season, but ball out in the playoffs. 

What do you guys think? 

"
52,"Sasha Vezenkov (the greatest shooter in Euroleague) is asking to be traded out, get rid of Zeke and put him in Denver.","His no-dribble 3 point shooting and Jokic's no-look pass is a match made in heaven.

If anyone in this sub has connections to Josh Kroenke, Calvin Booth, or Michael Malone. Please let them know, this guy is the perfect match for Jokic, Jokic seriously needs a good shooter to help him."
53,Was Tyus Jones never an option for Denver?,"The Nuggets were in desperate need of a point guard, which is why they went for Westbrook. But Tyus Jones is such a better fit. He's a much more cerebral basketball player, would desperately give the Nuggets the playmaker they need and is a much better shooter. Last year, he shot 41% from 3 on 4 attempts per a game while also averaging a 7 to 1 Assist/Turnover Ratio. Westbrook, on the other hand, is known for horrible turnovers and non-existent spacing.

This seems to be another huge fumble by Calvin Booth."
54,Interesting...,"Out of all the possible late first round targets, Daron Holmes II is the most intriguing fit to this current roster. The fact he has a late first round promise adds even more interest to whether Calvin Booth could draft our backup PF/C PF the future."
55,malstroem's 2024 Denver Nuggets Draft Day Guide,"Hello this is your friend malstroem. You might remember me from the [draft day guide](https://old.reddit.com/r/denvernuggets/comments/14ed8p6/malstroems_denver_nuggets_draft_day_guide/) I made last year. I enjoy following the draft process every year a lot. Since the draft is happening next week, I have decided to make a Nuggets draft day guide for people who might not follow the draft process as much (but if you do follow the draft process a lot you are still welcome to read!). THE DRAFT IS NEXT WEEK ON WEDNESDAY AND THURSDAY GUYS. So I guess here it is lol

#What needs do the Denver Nuggets have coming into the draft?

Well this year is easier than last time. The Denver Nuggets have a big need for a backup point guard and a backup center to start. Reggie Jackson has a player option to return next year, which he is likely to exercise. Regardless of this, backup point guard is still a priority as he was not able to contribute much during the playoffs, only being able to play for 3-4 minute stretches at a time providing well below average play. The other point guard currently on the roster is 2023 second round pick Jalen Pickett. Collin Gillespie is set to be a restricted free agent this offseason. Pickett was only able to play 122 minutes total over 27 games this season and looked a bit out of his league. Gillespie was on a two way contract, and he managed to play almost twice as many minutes, with  225 minutes total over 24 games. He looked serviceable at times, but he is still quite unproven at the NBA level, not to mention it's unlikely he gets a full roster spot with Jackson and Pickett set to be on the roster for next year.

At the backup center position, Denver has Zeke Nnaji on contract for next year, who signed a 4 year 32 million dollar extension just this season. After 4 years of disappointments on the Nuggets roster, I think it is safe to say Zeke Nnaji is not the answer at backup center and the team should be looking to move him on the trade market, especially considering he has a relatively large salary to be able to match for potential incoming players. DeAndre Jordan is also set to become an unrestricted free agent, and even if Denver were to bring him back for his leadership role, it is pretty clear at his soon to be 36 years of age he is not able to provide a consistent 10-15 minute option for the team.

There is also the KCP question. He has a player option to return for next season, which he is likely to decline as he searches for a higher value, longer term deal. The Denver Nuggets have his bird rights, which means they can offer him any amount of money and match any contract offer he might receive from other teams around the league, so it doesn't mean he is gone for sure, but it does have big implications regarding the 2nd salary apron of the new CBA. I am not an expert on the financial shit, but to put it in a simple way, if the Nuggets bring KCP back they will 100% be above the 2nd apron which means they can't sign players for more than the veteran minimum, they don't get a mid level exception during the offseason and they can't aggregate different players for a trade, among other things. If the KCP does not come back, the Nuggets could try to make other moves to get under the 2nd apron and try to gain access to these perks mentioned previously. KCP's deadline to opt in or out of his contract for next year is on June 29th, so Denver is unlikely to know with 100% certainty what the roster situation is regarding that before the draft starts, but they should have an idea of what's going on. If KCP walks away, wing could be a need for the Nuggets, though still less of a need considering they can slot Christian Braun into the starting lineup while still having 2023 first round pick Julian Strawther and 2022 first round pick Peyton Watson as bench wing options. They could also very likely target someone in the trade market who could come here and replace KCP as the 2 guard in the starting lineup, or at the very least someone who is able to play 6th man minutes.

Other than that, from a pure roster perspective, most of the team seems to be locked for next year. 4 starters are coming back for sure, and the only way a big roster scramble would happen is if the team decided to deal Michael Porter Jr in the trade market, which I think would be extremely unlikely as of now.

From a more basketball perspective, after these past playoffs, I think it is sure to say the Nuggets need better offensive players, guys who are able to create for themselves and for others, as only Nikola Jokic, Jamal Murray and Aaron Gordon (the latter mostly as part time) were able to do so during the playoffs, and probably more guys who are able to shoot the ball at above average rates. There's also the eternal backup big question, ideally the Nuggets would want someone whom with they can replicate at least a bit of the offense they play with Nikola Jokic on the floor, which means someone who reads the floor well and is able to pass at a decent level, especially out of DHO actions, but they have targeted plenty of players outside of this particular archetype in the past.


#What assets do the Nuggets have coming into the draft?

The Denver Nuggets currently own the 28th pick in the 2024 NBA draft, and the 56th pick in the 2024 NBA draft.

#Is there any chance the Nuggets make a deal to move up, or down, or out of the draft?

The Denver Nuggets are considered a 2nd apron team as of now, so like I said they are quite limited in terms of moves they could possibly make. I would not expect to see a deal to try to move up in the 1st round at all, but I think it is quite likely they try to move up in the 2nd round from 56th overall. Usually moving up in the 2nd round tends to be quite easy and cheap and it is something the Nuggets have been willing to do in recent years, making deals to move up from their original 2nd round spots in both of the drafts Calvin Booth has been in charge of. Possible trade partners would include Indiana at 36th, 49th and 50th, Portland at 34th and 40th, Charlotte at 42nd, Washington at 51st, among others. It's hard to predict anything cause the 2nd round starts getting crazy with all the moves that usually happen, and probably more so this year as the draft has been extended to a 2 day event. I'd personally expect the Nuggets to pick at 28th, and probably to pick somewhere in the 2nd round, consistent with Calvin Booth's ""build through the draft"" philosophy so far.

#That's cool but I don't really care about all of this. I just wanna know who the hell are we considering and potentially picking. GIMME THE DAMN NAMES OF THE PLAYERS!

Yes. I will be dividing prospects by draft range based on what we know and what we have know (late first round, mid second round and later) and by position. I will provide a brief scouting report, and availability rating based on how likely I think it is for a certain prospect to be available at that range, and I'll try to explain why I think a prospect might be a good fit or a bad fit with the Nuggets. I will also provide a big board ranking, which won't be my own to try keep it as unbiased as possible, but based on Tankathon's big board and ESPN's Jonathan Givony and Jeremy Woo's big board. Let's get started!

#Guards in the late first round range

#Tyler Kolek, Marquette, 6'2, 197 lbs, 23 years old, 24th on Tankathon, 26th on ESPN

If you like old school, hard-nosed point guards, you probably like Tyler Kolek a lot. A 4 year college player, he is one of the best playmakers in this draft class. He excels at making others shine, can play both in a PNR based offense but also on a motion based offense. Amazing feel for the game and floor reading ability, while also being able to limit turnovers.  He shoots the ball from deep well, averaged 40% and 39% from 3 in his last two seasons at college, though at a bit lower volume on 3.1 and 3.0 attempts per game respectively. Has a good floater game and was able to finish at the rim well at the college level, but probably won't be his calling card at the NBA. One of those guys who plays at 110% energy every time he steps on the court. Not a good athlete, though not a horrible one either. Has good defensive fundamentals and feel, and is able to play the passing lanes well, but doesn't project as an above average NBA defender. Will get into trouble with non small guards but will probably be able to survive due to effort and fundamentals.

**How does he fit with the Nuggets?:** I would say good but there are some drawbacks. First of course he doesn't have the size/length or the athleticism that the Nuggets have looked for and prioritized during the Calvin Booth administration. I would also say he is better as a PNR guard (Nuggets play among the least amount of PNR possessions in the league) but he is also competent in a motion based offense. Marquette ran a lot of  DHO concepts that are familiar to what you see with the Nuggets. But aside from that he is as ready to contribute as you're gonna get this year. He reminds me somewhat to Monte Morris, but Kolek is probably a bit more dynamic. Not much upside to him, but you can trust him to play 15-20 minutes right off the bat.

**Availability Rating:** Low. There's a lot of noise about Phoenix liking him a lot at 22. If you ask me there's a decent chance he goes higher than that, as high as 15th to Miami. Other potential landing spots could be Milwaukee at 23, New York at 24/25 and Minnesota at 27th. I do not think it's likely he's available at 28th, but it wouldn't be that crazy either.

#Carlton ""Bub"" Carrington, Pittsburgh, 6'5, 195 lbs, 18 years old, 31st on Tankathon, 20th on ESPN

A top 3 name in the draft and one of the youngest players in the draft, Bub Carrington is a big sized guard with good feel for the game who has shown great flashes of self creation scoring and shooting. Didn't have a good statistical season, but he was on a not great team where he had a bigger role than he should've. Very creative scorer but because of his age and inexperience he does struggle with consistency and shot selection. He can get tunnel vision a bit too often, but I wouldn't call him a selfish player as he still did a good job playmaking for his team while still being a bit more of a combo than a natural point guard. Has 3 level scoring potential, shot isn't quite there yet but he does have very good looking shooting mechanics. Would probably call him a slightly above average athlete, also needs to add strength and weight. Struggles with physicality on both ends because of it. At the moment not a good defender but has good size and length (6'8 wingspan) so he could improve.

**How does he fit with the Nuggets?:** He's a bit of a longer term play and more of a combo guard than a true point guard like I mentioned earlier. He does have some stuff like his on ball creation that the Nuggets would appreciate and I think Malone would work wonders with him, but needs a bit of cooking and I don't think he's ready to contribute for a contending team as of now. Malone's leash would probably be a bit too tight for what he needs to develop.


**Availability Rating:** Also low. I think he's probably too talented to make it to the end of the 1st. That being said I could see a world where guards who aren't ready to play minutes this season aren't in big demand and he ends up slipping a bit. But I would say it's less likely for him to make it to our spot compared to Kolek.

#Isaiah Collier, USC, 6'3, 205 lbs, 19 years old, 15th on Tankathon, 22nd on ESPN

Bowling ball style point guard who relies on getting downhill. Was billed as one of the top talents coming into the season, but struggled a lot at the college level. Most of his game relies on him getting into the paint and either finishing through contact or dishing it to the open big man or outside to the open shooters. Has good, but not great speed. Relies more on strength than athleticism to finish in the paint, but is quite decent at it. Below average shooter who struggled mightily from the 3 point line early during the season, but bounced back to a somewhat acceptable 34% on 3 attempts per game. Doesn't have an in between scoring game. Struggled at playmaking out of half court sets, can be very careless with the ball at 3.3 turnovers per game on 30 mpg and overdribbled the ball very often. Great at reading the floor and finding the open man when he does get downhill though. Was billed as a great athlete but looked closer to average during the season, though he did struggle with lower leg nagging injuries. Bad defender and rebounder at the moment but has a good frame/strength combo. Struggled with screen navigation especially.

**How does he fit with the Nuggets?:** Not good in my opinion. He isn't ready to contribute and needs plenty of time in the G League probably. Also has a very different skillset to what we're looking for. Personally I am also not big on these bowling ball style guards who can't shoot the 3. Fits much better on a fast pace transition based team which we are not. Good upside play though, but not really the direction we're likely to go.

**Availability Rating:** It's hard to say. I haven't heard much buzz about him and he was a consistent faller as the season went on. He is still one of these blue chip high school talents who NBA teams can value regardless of performance, but guards like him have fallen pretty far in recent years (Nick Smith, Jaden Hardy, Tyty Washington, Brandon Boston) so I think there's a decent chance he falls to the end of the 1st. Could see him go anywhere in the 15-30 range tbh.

#Baylor Scheierman, Creighton, 6'7, 202 lbs, 23 years old, 33rd on Tankathon, 25th on ESPN

Modern dribble/pass/shoot combo guard. A 5 year college player (3 for South Dakota State, 2 for Creighton) he is as experienced and NBA ready as you're gonna see on this least. Great 3 point shooter with with picture perfect mechanics who is able to shoot off movement, off the dribble and off the catch (career 39% on 5.6 3pa per game) but is more than just a shooter. Has great size for someone who will probably play the 2 on offense, good feel for the game and connective passing ability and good handles. Is able to initiate half court sets. Some people view him more as an off ball player but I think in a motion based offense he can definitely perform some secondary ball handling and playmaking. Probably a below average athlete but not bad. He was good at finishing at the rim at the college level but will struggle a bit against NBA size/athleticism. Not gonna blow by people so will definitely need help coming off screens to set him up. Should be good to attack closeouts. On ball defense is okay as long as he is able to stay in front of his man. Someone you probably need to hide a bit though, and his help defense is quite below average. Great defensive rebounder for his position.

**How does he fit with the Nuggets?:** Offensively he's a great fit, most dribble/pass/shoot combo guards with connective passing skills are gonna be a great fit with the Nuggets. Wouldn't expect him to be a great self creator off the dribble, but as long as he's playing off screens he should be able to provide secondary ball handling and playmaking, in addition to being a great spacer. Defensively he's not good but with two great perimeter defenders in Braun and Watson you should be able to hide him decent enough to the point he's not an issue. He's not a point guard so you'd need someone who is able to perform primary ball handling duties in order to get the best from him though. But overall one of my favorite stylistic fits.

**Availability Rating:** For most of the season he was seen as a fringe second round prospect but since the season ended he's risen up towards the early-mid second round range. As the draft order currently stands up I would say it's very likely he's available at 28. However I do think he could be a target for contending teams trying to move up into the 20s looking for an NBA ready rotation player.

#Jaylon Tyson, California, 6'7, 218 lbs, 21 years old, 28th on Tankathon, 30th on ESPN

Similar dribble/pass/shoot wing style player like Scheierman. I do think he is more of a wing than a combo guard but for all intent purposes of this guide he will be considered a guard just because I'm not talking wings and I think he does deserve a mention here.  Well rounded perimeter player who is able to handle the ball and score, create for himself and shoot at a high level. Good driver and finisher, but more of a crafty one than an athleticism based one. Still an above average athlete though. Very good footwork. Great at creating space off the dribble. Good midrange/in between game. Good 3 point shooter, projects more as an off the catch guy but shows significant off the dribble and off movement promise. Good feel for the game and a willing passer, but hasn't shown he can make advanced reads yet, at least at a consistent level. Needs to improve as a technical passer too. Does turn the ball over more than you'd like. Has not been a good defender so far but should improve as time goes with a reduced offensive role and he does have good size/length/athleticism to become a passable defender. 

**How does he fit with the Nuggets?:** He's a pretty good scorer who can create for himself and could be that offensive spark coming off the bench. Like I said, I think he's more of a wing than a combo guard so I think it's a bit harder to fit him into the rotation as the roster is currently constructed. So not a high priority option for me but for sure a guy I would be happy having on the roster nonetheless.

**Availability Rating:** I expect him to go in the 20-30 range. I think there's an okay chance he's there at 28 but teams do like this style of wing players so I think he could be a target for a lot of teams and I wouldn't be surprised to see him go in the early 20s.

#Ajay Mitchell, UC Santa Barbara, 6'4, 197 lbs, 21 years old, 37th on Tankathon, 44th on ESPN

Great combo of skill, size and feel for the game. One of the best passers/playmakers in the class, with amazing feel for the game and processing speed. Has a great patience/skill based inside the arc scoring game, his mid range/floater game is the highlight of it.  Can finish at the rim very well but mostly using body control and angles/touch more than athleticism or speed. Was able to draw a high amount of free throws (6.3 FTA per game). The shot is a bit of a question as he doesn't take many of them (2.9 3pa per game) and most of them are catch and shoot. Seems to shoot better off movement than off the dribble or off the catch. Has great touch and his free throw percentage (86% on high volume) is amazing so I'd expect him to be an above average shooter. Played on a bad team at the mid major level so there are questions about level of competition and how much will his game translate to the NBA level. He was however a standout during the combine scrimmages, having his best game while matched up against Jamal Shead (probably the best defensive guard at the college level). His defensive tape looks bad when you consider the competition level, but he also looked much better during the combine. Not a great athlete, but not a bad one either, not much explosiveness but mobile and agile enough to be functional at the NBA level. Has okay lateral quickness but will struggle against bigger, better explosive athletes at the NBA level. Great size for a guard though. 

**How does he fit with the Nuggets?:** He is my personal favorite choice for the Nuggets. Smart player who reads the floor very well, is able to create both for himself and for others and has positional size and versatility. I think he would be able to play right away as the backup point guard and provide good offensive value. Defensively not the best option and he'd probably struggle early on as he adapts to NBA speed but he's a big body which makes it easier to hide him. I think he ticks all of the boxes when it comes to what the Nuggets usually value and look out for and I think he'd be a fantastic fit on our motion offense. Has also worked out for the Nuggets according to HoopsHype.

**Availability Rating:** He's consistently mocked in the early-mid second round range and there hasn't been any buzz about him being a riser. Some talk about him right after the combine but didn't end up in much. I think he's a very solid bet to be available at 28. Could even end up being a mid 2nd round play but if they like him they should just take him at 28 and not risk it.

#KJ Simpson, Colorado, 6'1, 187 lbs, 21 years old, 45th on Tankathon, 52nd on ESPN

The name everyone was expecting to see in here at some point. Classic undersized scoring college combo guard. Really good shooter who will be able to space the floor at the NBA level, can shoot both off the catch and off the dribble. Crafty inside the arc scorer, good floater and in between game, will probably rely a lot on it at the NBA level. He is able to find the open man off drives pretty well and is a very good technical passer. Struggles with shot selection, will probably be exacerbated at the NBA level where he will struggle against bigger and better athletes. One of the smallest players in the draft, measured as the 2nd shortest player at the combine. Projects as a bad NBA defender, mostly due to size and discipline issues. Does play the passing lanes decently, though he can sometimes gamble too much. Shows consistent effort and energy on both sides of the court.

**How does he fit with the Nuggets?:** Just skillset wise he is a good fit on a vacuum. But taking size into account it's really hard to make an argument for him. Don't think he'll be able to get into the paint consistently at the NBA level so he probably ends up as one of these undersized jump shooting reliant guards who aren't really point guards and have a lot of problems at the defensive end. It's a shame cause I think he has the skill and he'd be a great story, but don't think you can justify taking a player this small right now. 

**Availability Rating:** 100% he will be available at 28. I don't know if he will last into the latter half of the 2nd round, could see a team really like him and taking a gamble on him at the 30-45 range. 28 is too early for him in my opinion, if there's any scenario where the Nuggets really want him I think they should trade down a couple of spots.


#Bigs in the late first round range:

#Daron Holmes II, Dayton, 6'10, 236 lbs, 21 years old, 25th on Tankathon, 39th on ESPN

Every year there's a Nuggets online fanbase favorite and this year is no exception with Daron Holmes. A 4/5 hybrid who was dominant at the mid major college level and shows a bit of everything but doesn't have a signature NBA skill. Good driver for a 6'10 guy, decent post up game, worked best as a mismatch scorer type player. Showed above average playmaking and passing skill, mostly coming off his driving and post up game, think at the NBA level he projects much more as a short roll passer. Good finisher with good touch, doesn't rely on dunks entirely. Added a catch and shoot 3 point shot this season and shot it decent but on low volume. Good but not great athlete. Defensively he is at his best as a weakside shot blocker. Don't think he projects as a true defensive anchor, but should be able to switch decently against perimeter based 3s and 4s. Does struggle in some aspects of help defense and with closeouts. He is a bit small for a pure 5 so he will likely struggle against the bigger and stronger interior players of the NBA. Good motor and energy all around.

**How does he fit with the Nuggets?:** I can understand why Nuggets fans like him so much, but I am quite lower on his fit than most. I see people talk about his passing and playmaking a lot and I agree he shows some good things, but I think it's mostly a result of how much attention he commanded at the college level. He is able to pass and find the open man when he gets doubled in the post and when he draws the help defender when driving. I don't think he will ever command the same attention at the NBA level as I don't think his handle is good enough to be a self creator and I don't think he has the skill or the size to be a post up player. I think he will be good at passing in the short roll where he just has to find the open man when the defense collapses on him, but I don't think he can be a DHO hub style passing big. I don't think he will be a non shooter, but I think he will be limited at wide open catch and shoot attempts and I don't think he will be an above average shooter at them. He's a good athlete and a good finisher, but not as good of an athlete or a finisher as you'd want for a rim running big. His shot blocking is good, but I do think he is a true tweener on defense who teams will struggle to find a role for. In the end I just feel he lacks a signature, bread and butter skill at the NBA level and think there's a decent chance he ends up as one of this effort rebounding bigs that aren't above average at anything else and therefore struggle a lot at impacting the game.

**Availability Rating:** I think it's very unlikely he makes it to 28. I know he's a very popular Nuggets pick on mock drafts, and there's a lot of talk that he has received a promise and that we're the team who promised him, but I just think he has too much buzz to make it all the way to 28. Seen rumors about teams picking quite high like Oklahoma and Sacramento liking him a lot, think a lot of teams in the mid 1st round have the need for a backup big as well. I think it's more likely he ends up going in the lottery than he is to fall down to the end of the first. Sorry Nuggets fans. 

#Kyle Filipowski, Duke, 7'0, 230 lbs, 20 years old, 19th on Tankathon, 21st on ESPN

Modern, versatile swiss army knife style offensive big man. Excellent handles and playmaking/passing for a big man. Like Holmes he is able to pass out of drives and post ups really well, but can also function as a DHO hub and is able to playmake out of the perimeter very well. Mismatch scorer type player who is able to create shots for himself inside the arc, was at his best when driving to the rim but also shows competence in posting up especially against smaller players. Billed as a ""stretch 5"" or just as a shooting big, but the 3 point shot remains as a bit of a question, as he has been quite inconsistent and streaky. Shot 35% from 3 on 3.1 attempts per game which is encouraging, but also shot just 67% on free throws which is less encouraging. He's not a good defender, but he is not as bad as some people make him out to be. Definitely not  a defensive anchor and probably won't be a good shot blocker (negative wingspan at 6'10 doesn't help) but has decent recognition and awareness. Can stay out on the perimeter much better than you'd expect even though he doesn't have particularly good lateral quickness. Some motor/attitude concerns, seemed to drift out of games more often than what you'd like. Dealt with a hip injury midseason which apparently some people have some concerns about.

**How does he fit with the Nuggets?:** Offensively I think he's as good as you could possibly ask if you're one of those people who have been wanting someone who can run a more Jokic style offense while he sits. I think he can run many of the DHO sets we run from day 1. I wish the shot was a bit more proven, but I believe he can become at least someone who you can run pick and pops for. The shot creation is  something we could really use as well, and I think Malone could get quite creative with some of the offense we could run with him and the bench unit. Defensively he's a tougher sell, don't expect him to be a good defender, but I think he'd do better in our switch and scramble scheme compared to most teams where he'd be expected to perform a more traditional defensive big role. Overall I have to say he is my favorite choice if we want to go big.

**Availability Rating:** It's hard to say. I would say he's been somewhat of a faller past couple of weeks but nothing too extreme and I haven't heard much buzz about it either. I mentioned the hip injury, which as far as I know it's nothing serious or severe, but I have heard some people mention it recently. I have seen him mocked in the end of the first quite often so it's probably not unlikely, but I personally would not expect him to be available at 28.

#Yves Missi, Baylor, 7'0, 229 lbs, 20 years old, 22nd on Tankathon, 23rd on ESPN

Great twitchy and explosive athlete who mostly projects as a rim running center. Vertical threat on both sides of the ball, will work best on a PNR heavy team where his finishing and his athleticism can be utilized the best. Very simple offensive game, gets 99% of his shots inside the paint. Poor, but not awful free throw shooter at 62% on 4.1 attempts per game. Doesn't show potential as a post up player or really as an outside the paint player in general. Almost non existent passing ability or feel for the game. Will probably struggle passing the ball even in simpler short roll schemes. Good offensive rebounder. Good shot blocker, but his blocking metrics are not as good as most great defensive center prospects. Defensive rebounding has been below average compared to what you'd expect from a rim running big with such athletic tools so far. His best tool on defense is definitely his lateral quickness and agility, shows great promise as a switching big. Needs a lot of development in general, has only been playing basketball for a few years. 

**How does he fit with the Nuggets?:** I guess you could make the argument that a player of his style could be a nice change of pace compared to Nikola Jokic. But he's gonna be a PNR big entirely and like I've mentioned earlier, the Nuggets run some of the fewest PNR possessions per game in the entire league. I think it would be extremely unlikely for him to be able to play from day 1 or just to get any minutes in his first year. He is definitely a longer term play, but even in the long term I don't think a rim running big would ever be particularly useful on this team.

**Availability Rating:** I think he will probably be picked in the 20s. There's some center needy teams in that range (Toronto at 19, New Orleans at 21, Milwaukee at 23, New York at 24/25) but most of them need more NBA ready guys so I could totally see them passing up on such a raw prospect. I would say there's a decent chance he's there at 28.

#Kel'el Ware, Indiana, 7'1, 230 lbs, 20 years old, 20th on Tankathon, 24th on ESPN

Another rim running style center, but unlike Missi he shows slight promise as a shooter. Excellent size and length (7'4.5 wingspan) and very good vertical athlete. Great rim finisher, both off the roll and on putback attempts, though mostly on dunks. Shot 43% from the 3 point line this season, but on very low volume at 1.3 attempts per game. Shot 63% from the free throw line (4.5 attempts per game) which of course puts a big question on his shooting numbers. Very inconsistent shooting mechanics. Not someone I would expect to ever become an NBA shooter, but not something you can discard entirely. Below average passer and playmaker, struggles with decision making and reading the floor in general. Decent shot blocker, but despite that he does have some pretty poor defensive metrics. Like in the other side of the ball, he struggles with decision making and reading the floor on the defensive side as well. Quite stiff lateral movement, I'd expect him to struggle at making rotations/recovering in general and more so at switching on the perimeter. Good defensive rebounder. Big motor/effort concerns dating back to his high school years. 

**How does he fit with the Nuggets?:** A lot of what I wrote about Missi applies here as well. I think he's more ready to play NBA minutes, but I don't think those minutes are gonna be positive. Personally speaking, he reminds me a lot of the Hasan Whiteside/Christian Wood type players, where yeah they can get stats and highlight plays, but they don't really contribute to winning basketball. Again, PNR big, we don't really play PNR. The defense is also not good, so it's a hard pass for me.

**Availability Rating:** A bit of a similar range to Missi, but expected to go a bit earlier. Usually teams don't pass for very long on this type of size/length/athleticism combo, and you add in the slight jump shooting potential, I think it's quite likely someone will take a shot on him in the 15-25 range. I would not expect him to be available at 28, but it wouldn't be the craziest thing either. 

#Jonathan Mogbo, San Francisco, 6'8, 217 lbs, 22 years old, 39th on Tankathon, 40th on ESPN

Unorthodox big who does most of his work as a ball handler and distributor. Probably the best ball handling big in the draft this year, can handle from the perimeter without set up and without any issues at all. Excellent at playing at a high pace and at pushing the pace, especially in transition and as a grab and go player when he gets defensive rebounds. Grew up playing as a guard until a late grow spurt when he started to play as a big. Because of this he is also an excellent passer and playmaker for the position who displays great feel for the game on the offensive side. 3.6 to 1.8 turnover ratio this season which is elite for a big prospect. Excellent driver and finisher as well, very good explosive athlete, passes very well mostly out of drives but displays great connective passing and can initiate offense in the perimeter as well. Complete non shooter, took a total of 2 3 point attempts in 2 years at San Francisco, not a good free throw shooter at 58%  (2.9 attempts per game) in those two years too. Doesn't have a mid range game either. Projects mostly as a small ball center, he's not a good rim protector or defensive anchor and will struggle inside against the bigger and stronger NBA centers. His role will be more as a switching big, he is decent at defending on the perimeter, but not as proven or as consistent as you'd want him to be. Good lateral quickness and can read the floor well so something he could improve a lot in the future. Great rebounder on both sides of the court. 

**How does he fit with the Nuggets?:** He is a very unorthodox player who I have a bit of a hard time seeing what his role on an NBA court is. The fact that he is a complete non spacer makes it hard for me to envision him having a role on a team that is likely to play Christian Braun and Peyton Watson heavy minutes, and I think there's a good chance his driving/playmaking ability gets impacted by not being able to shoot. However there are definitely a lot of things to like about him, and things that the Nuggets value quite high. I'd say he's a fit further down the totem pole for me, but definitely someone I would not be mad about getting.

 **Availability Rating:** He's more of a late riser, wasn't really in draft conversation for most of the season, but don't think he's risen enough to be picked in the first round, I think he's far more of an early 2nd round guy. I would say there's a high chance he's available at 28, but at the same time it wouldn't surprise me if someone was to move up into the 25-30 range to take him. 

#Osasere ""Oso"" Ighodaro, Marquette, 6'11, 235 lbs, 21 years old, 40th on Tankathon, 55th on ESPN

Small ball center with great playmaking abilities. Averaged 3.1 assists per game over the last two seasons with Marquette who play a motion based offense with a lot of DHO actions. Reads the floor on the half court extremely well, is able to pass people open very comfortably, excellent decision maker who will take what the defense gives him, does not turn the ball over often. Has a pretty good and functional handle, was able to create shots for himself a bit mostly as a driver. Good athlete, but much not an above the rim player, relied more on his unorthodox, but effective push shot and has a bit of a floater game. Don't expect him to be a big lob threat and doesn't have the size/strength to be a very efficient inside player. Not an outside shooter, only took 2 total 3 point attempts in 4 years in college. Career 61% (on 3.6 attempts per game) free throw shooter so nothing to project there either. Doesn't project to be a good interior defender or shot blocker, again not very good size, strength or length (only a 6'11 wingspan) for the position. However he is very good at guarding down and switching onto the perimeter, probably one of the best switch bigs in this draft and that should be his calling card at the NBA level defensively. Below average rebounder on both sides of the court.

**How does he fit with the Nuggets?:** In my opinion he is a fantastic fit with the Denver Nuggets. Just because of how well he passes the ball and how smart of a player he is. I think he can come in and play 15 minutes per game right off the bat without any issue and be that bench DHO hub that the Nuggets have desperately needed for years. Defensively there are some concerns for sure, but I think he is also a really good fit on the Nuggets' switch and recover scheme. One of my personal favorite options for this draft.

 **Availability Rating:** Generally seen as a mid 2nd round, sometimes even as a late 2nd round guy, but don't let that fool you, he will be higher on the board for teams who play with playmaking centers. I do think it's very likely he will be there at 28 and you could even gamble and try getting him in the mid 2nd round, but I would be perfectly happy taking him at 28 and I would not want to risk it. 

#Ulrich Chomche, NBA Academy Africa, 6'11, 232 lbs, 18 years old, 55th on Tankathon, 41st on ESPN

The youngest player eligible for this draft, will only turn 19 midway through the season on December 30th. Not a player I've personally scouted, at least in a real sense, since I don't have access to NBA Academy tape and only played very few minutes at the Basketball Africa League. Really the big wildcard of the draft, seen as one of the best upside plays this year. Highly athletic center who shows flashes on many skills, like 3 point shooting, ball handling and playmaking. Had interest from some big name colleges like Arizona, USC, Texas, among others for the upcoming season, as well as from the G League Ignite before it was disbanded, but decided to enter the draft.  He did play in the combine scrimmages, and the one thing that I can say is that I was impressed by his body, I wasn't expecting him to look as developed as he did. Don't think his body is quite NBA ready yet but does seem far better than many people expected. Basketball wise though, he will definitely need a lot of development before he can play at the NBA level. Like, A LOT of development. 

**How does he fit with the Nuggets?:** ""Two years away from being two years away"" type of guy, so a hard pass from me. Look I wouldn't hate him as an upside play if we had a more finished roster without big needs, but that is just not the case for this year. 

**Availability Rating:** Who knows honestly. He doesn't really have any buzz, but that's just cause there's really nothing to go off. Don't really see any talk of him going in the 1st, but all it takes is one good workout/scrimmage for some team to take a gamble on him earlier than expected. Could see someone like Toronto or Washington just saying ""fuck it let's just take him we got nothing to play for this year"" or something like that. Highly likely he makes it to 28, but probably not far into the 2nd round, as NBA teams tend to love these sort of stash upside players who you can just put in your G League team for a year and not think much about it. 

Continuing with the second round prospects and targets in the comments, as reddit is a really stupid website with a really stupid character limit which I am very close to reaching."
56,First SL Game Grades,"#A-grades:

**Trey Alexander** - Yeah he’s the only one earning an A and mostly because grades are relative to expectations. He showed as much as anyone on the court today, looked like he could eventually crack a rotation. 

#B-grades:

**DaRon Holmes** - Nothing truly special like we saw some other potential Nuggets like Terrence Shannon or Ajay Mitchell, but did a lot of what he was supposed to do and hit some 3s, a solid first outing, now let’s hope he’s healthy. 

Edit: damn

**Julian Strawther** - I had as hard a time grading Strawther as the play-by-play guy had saying his name correctly. He had some shining moments and rebounded well, but was sloppy with the ball, and, contrary to some Nuggets fans’ opinions, doesn’t look like a primary or secondary ball handler at any point in his future. 

#C-grades 

**PJ Hall** - Expectations weren’t too high for Hall, he was pretty much what I expected. He’s fine, but has a long way to go before ever playing NBA minutes. 

**Hunter Tyson** - Early in the game, I thought this might be the Hunter Tyson breakout. Turns out he’s a chucker, which is nice when the ball goes in the hoop. Left a lot to be desired on the court, especially defensively. 

#D-grades

**The Cardio Guys** - Gabe McGlothan, Jahmir Young, and Au’Diese Toney combined for 28 minutes, 0 points, 0 FGs attempted, 4 rebounds, and 3 assists. McGlothan and Young led the team in +/- which is something I guess. And Toney put up 0’s across the board except personal fouls and turnovers. Finally, an NBA stat line I can achieve. 

#F-grades

**Jalen Pickett** - He was bad. Very bad. Is this part of the plan for backup PG? He made me wish we never traded Reggie. I’m not sure he does a single thing at the NBA level or ever will. I’d cut him tomorrow, an empty roster spot is more valuable. 

**Calvin Booth** - Adding an overpaid Dario Saric, letting your elite 3/D SG walk in free agency, and planning to replace him with guys currently on the roster is a borderline fireable. Even if Braun can fill the role, your bench is far weaker because of it. At least we still have Zeke Nnaji making $8M to save the day or something. 

"
57,At least we don’t have the *worst* GM in the league!,"Nico gave away Porzingis, Brunson, and Luka. Keep those three and they are champion contenders. The Luka trade is malpractice that now makes him hated by fans, Luka, Kyrie, all other Mavs players, and coach Jason Kidd. It is the worst trade of my lifetime. AD might hate him too!

Congrats Calvin Booth! You may deprive the greatest player of his generation multiple championships and leave the franchise depleted but at least you didn’t trade Jokic for Chet or Jaylen Brown!

And congrats LeBron for securing another star to ride through the playoffs and blame whenever you lose!"
58,"Believe it or not, Zach Lavine actually makes sense for Denver.","For starters, Lavine is 6th in the league in 3pt percentage, shooting 44.5% from 3 on 7.3 attempts per game.  As for his fit in Denver, Lavine is deadly in dynamic catch and shoot situations evidenced by him shooting 45.2% this season on 3.1 catch and shoot 3 pointers per game this season. Removing last year, where he was injury riddled and checked out. Lavine hasn't shot under 40% on catch and shoot 3s since the 2018-19 season. This is also considering Chicago barely runs any dynamic sets that involve motion for a few years now. He is also one of the more effective cutters at his position, netting in the 60th percentile or above in cutting effectiveness since 2020-21, excluding last season where he was injured and checked out. So we know he can be deadly off the ball in an offense that involves a lot of motion and off-ball screening.

But he also improves their offense when Jokic and Murray are off the floor, as he attacks the basket at a high rate, and his speed, agility, bounce(46' vert) help him set up those acrobatic finishes, he's also usually around 65-70% in rim FG%. Lavine is also a very good midrange scorer, able to use hesitations and step backs to create space to rise and fire. Not to mention he's 4th in the league in transition ppg at 5 ppg, and has consistently been a one man fastbreak.

A trade would sadly have to involve MPJ though, but Lavine can replace MPJ off-ball shooting as he himself is one of the deadliest off-ball shooters and scorers. And he can self-create offense for himself with his constant rim pressure, savvy midrange scoring, and lethal off-the-dribble 3s. They also get Torrey Craig who's 6'7 221, and is a very good defender on guards and smaller wings, add to that he's a solid 3 point shooter who cuts hard and crashes the boards. They can also get a guy like Day'Ron Sharpe who is a solid Pick and Roll big on both ends of the floor.

With a lineup of Jokic, AG, Craig, Lavine, Jamal, and solid depth to go along with that. Denver can make a serious run in the playoffs, and maybe even wing a ring.

Denver will easily be able to match up with teams like the Rockets, Grizzlies, Mavs, and Lakers, due to their abundance of POA defenders in AG, Craig, P Wat, Braun, and Russ, plus Lavine is actually a rly solid on-ball defender who can keep up with quick-twitch guards like FVV and Dejounte Murray in isolation for a few possessions to maybe even a quarter. Not to mention the scoring firepower and efficiency brings both on and off the ball, if I'm Calvin Booth I'm making this trade immediately:

https://preview.redd.it/29k9jhzpfkce1.png?width=1899&format=png&auto=webp&s=baf38486ee6c875f0fd506d0503fc50eddd14f10

  
"
59,Nuggets Valentine’s Day pictures😂❤️,
60,Positivity Report: Flowers for DeAndre Jordan ,"Being a fan, being online—being an online fan—is all about being a whiny bougie baby. Complaining to the manager. *Excuse me, I ordered a backup center but I think you gave me a washed Dario Saric … by mistake maybe? Excuse me, sir. Excuse me, my toast is burnt and my Jamal Murray is sluggish.*

The schadenfreude of this dynamic was never funnier to me than when Calvin Booth made DeAndre Jordan the first free agent signing of 2022—and people lost their minds. *This new GM doesn’t know ball! This is literally worst than AIDs.* 

But it’s become obvious now, over the years—DJ was brought here to be more than just a backup. He’s a vibes guy, a coach on the bench, and a recruiter—notably, having brought Russell Westbrook to town. He probably does a million other little things the general public doesn’t see.

But, now! … let’s praise what he’s been doing on the court: +1 in that Celtics game is actually more impressive than +17 against the Clippers! Is it just me, or does he appear more nimble than usual? When he hedges the ball handler or makes closeouts, he’s no P-Wat, but he just looks a little quicker this year. His style of play pairs especially well with Russell Westbrook. He’s been reliable and relatively mistake-free. Did you see those passes last night?!? Lol.  And … seriously, in a year where, randomly, no one can grab a defensive rebound, his ability to end a defensive possession is a huge asset.  

And going back to when the DJ signing first happened … I want to give a shout out to one of my favorite DeAndre Jordan moments: Back in 2022, [on his first media day,](https://www.youtube.com/live/s3wZEzJcx9g?si=go4ByMpedOxieJio&t=2153)[ ](/) when he was first signed, there was a reporter who tried to neg him. lol. Went something like …  

“DeAndre, how do you expect to be …. uh … playable?  What, with your old age and all your oldness and being so old? Etc.” And DJ laughs at the guy. “What? I’m not 45. I’m 34.” And he just shakes his head at the guy … like *what planet do you live on? I'm not sitting here in a wheelchair?* 

I just think about that moment sometimes and giggle to myself. Lol. 

And in all seriousness — tip of my cap to DJ and Jeff Green and Ish Smith and all our vets past and present (and all the way back to Paul Milsap!) — and the ever-evolving effort to make Denver an attractive free agent destination. I don’t always understand how the money works with these signings. See: Saric’s & Reggie Jackson’s player options. But I recognize that Denver’s made itself a place where free agents can come and get paid, will come and get paid, should come and get paid. And I recognize that DeAndre Jordan’s big sweet smile is the sweetener that really makes this thing go. Flowers. "
61,Bruce Brown is Buyout Candidate,Let’s re-sign Bruce Brown after he is bought out. Edit: I guess we can’t.  Damn.
62,Zeke Nnaji Statistical Glaze Post,"**DISCLAIMER: We're talking about Zeke Nnaji so necessarily the sample sizes are small.**

I was unsatisfied by the disparity between Zeke Nnaji's box score versus the Hornets and the eye test, so I put together this table using this source: [https://www.nba.com/stats/player/1630192/head-to-head?Season=2024-25](https://www.nba.com/stats/player/1630192/head-to-head?Season=2024-25)

This chart shows every player who has taken at least 5 shots against Zeke Nnaji in the last two seasons.

Out of the 14 players who attempted more than 5 shots against Zeke Nnaji in the last two seasons, only 3 - Paolo Banchero, Danalo Banton, and GG Jackson - shot better than their season average.

|Player|FG%|FG% vs Zeke Nnaji|
|:-|:-|:-|
|Zion Williamson|55.6%|50%|
|Paolo Banchero|41.9%|50%|
|Miles Bridges|43.3%|12.5%|
|Toumani Camara|45.2%|16.7%|
|Donovan Clingan|55.1%|50%|
|Deni Avdija|46.3%|33.3%|
|Danalo Banton|41.2%|60%|
|Luka Doncic|48.7%|40%|
|PJ Washington|43.6%|28.6%|
|Jaren Jackson Jr|44.4%|40%|
|Jaden Hardy|40.7%|40%|
|Bradley Beal|51.3%|40%|
|GG Jackson|42.8%|100%|
|Fred VanVleet|41.6%|20%|
|**Weight Adjusted Average Difference**|SUM(FGA vs Zeke \* (FG% vs Zeke - FG%))/SUM(FGA)|\-6.02%|

"
63,My analysis so far,"So far, there's been a lot of overreacting. Nuggets title team started the season 1-4. But there's legit concerns about the bench. I'm not as worried about the starting 5. 

If these concerns have not been fixed around 25 games into the season. We need to take a hard look at a move. Right now, today we should cut Pickett and sign Lonnie walker. I saw a trade idea with Atlanta, MPJ for Bogdanović and DeAndre Hunter. Even though I like MPJ I'd look hard at a move like this. I think this works for both sides, Atlanta has a crowded wing rotation, MPJ is good friends with Trae Young. Nuggets get more depth. Also we need to trade Zeke, he needs a fresh start elsewhere. A rebuilding team always takes flyers on Young players. "
64,How many “Real Guys” on this team at 50 game mark?,"Calvin Booth in September: >“I think we have 9 real guys…9 guys that would be in the rotation for every team in the NBA.”>
Who are the real guys for playoffs now? Saric is definitely out. What are your thoughts on PWat, Strawther, DAJ, Pickett, Nnaji, Cancar?"
65,Nuggets received a 2025 2nd rounder (from PHI) as part of the Reggie Jackson trade - does this change anyone’s mind about this trade or the off-season in general?,"This combined with the Saric move, and obviously at least two more signings (one of which will most likely be Vlatko), what do we think about the off-season now? I’d say a B all things considered. Would’ve loved for them to spend big money and make a splash move, but this makes me hopeful the front office knows Jokic will be around for at least one more contract, 5-8 years. "
66,Is it worth bringing Justin Holiday back?,"He seemed to figure out how the team worked by the end of season, and was a big reason way the Minnesota series went 7 (granted his shooting disappeared at the end). The team needs shooting, and while he isn’t elite, he is better than what is on the team at the moment. Also, being on the team for a second hear has to mean it’s easier for him. Also, he seems like a good vet."
67,Bronie James Should’ve Been a Nugget,I think Bronie James could play in this league. The biggest disservice Lebron did to him was virtually force him into this past year’s draft and put the insane pressure on him. Bronie needed to stay 4 more seasons in college and ultimately become a rotational player for the Nuggets after spending 4 years as a meandering starter at USC. He’s a shorter less viable 3 point shooting Jalen Pickett. This would only had happened if Calvin Booth was still the GM though and I think we can all say that we hope to God Calvin isn’t still here in 4 more years.
68,Bench Points vs Starters Points,"Ok, so as Nuggets fans, we know the eternal struggle of the teams bench scoring under 10-15 points per game pretty well…

But as a point of reference, there’s currently 6min left in the Dallas v Sacramento game and the Dallas STARTERS have 19 points… total.

Just remember, it could always be worse.

Calvin Booth could be Nico Harrison.

Edit: Dallas starters scored 23 total points vs SAC.

Edit 2: fuck… torn ACL for Kyrie. Dallas is a joke, but no one deserves this 😭 Hopefully he comes back stronger and recovers well."
69,"Denver Game Notes From SAC, MIN, and CHI Games","I am a guest on this sub, and I totally understand if these notes need to be removed.

For the past seven years, I've been a shooting coach for NBA players. I worked with a DEN player a few years back and was preparing for my podcast with Adam Mares. These are the notes on DEN from that prep. I hope you enjoy it! (if the mods leave it up)

I’m sharing notes from three games. DEN went 1-2 in these games.

* SAC vs. DEN
* DEN vs. MIN
* DEN vs. CHI

**Three macro things stood out to me on this three-game set:**

1. Will the math game matter as much in the PO as the RS?
2. “Project Dynasty”
3. Jokic.



1. The three-point math battle has become integral to the NBA game. With great shooting, teams can punch above their weight class from night to night. DEN is last in the league in 3PA per game, at 31.1. For reference, BOS is first at 49.

It’s a big divide that puts DEN at such a disadvantage if a team gets it going, which can happen in this league.

**Denver 3PA vs. Opponent 3PA over this three-game stretch:**

* SAC (41) vs. DEN (37) — SAC +4 attempts.
* DEN (32) vs. MIN (30) — DEN +2 attempts.
* DEN (27) vs. CHI (53) — CHI +26 attempts.

**Denver 3PM vs. Opponent 3PM over this three-game stretch:**

* SAC (15) vs. DEN (13) — SAC +6 points.
* DEN (11) vs. MIN (14) — MIN +9 points.
* DEN (6) vs. CHI (24) — CHI +54 points.

Only once did DEN win the attempts battle, and in no game did they win the makes battle. Over this three-game stretch, their opponents attempted 28 more three-point shots and outscored them by 69 points from the three-point line.

1. [Project Dynasty](https://www.theringer.com/2023/10/16/nba/denver-nuggets-2023-season-preview-dynasty-christian-braun) was a massive piece that The Ringer did on Calvin Booth and the Denver Nuggets. It was published on October 16th, 2023. This was right before the season after DEN won their first NBA Championship in 47 years.

Booth’s philosophy is built on four key pillars: basketball IQ, character, positional size, and the absence of skill deficiencies. All of the players the Nuggets target must meet at least three of the criteria, but ideally, all four.

This line stood out to me the most in the piece, with the most prominent swing factor of how you define “skill.” I put my definition of skill out into the world with this piece on Ausar Thompson; you can read about my definition here:

To pull from that piece:

I define skill as transferring energy from the body to the ball. Basketball contains four macro skills: passing, ball handling, finishing, and shooting.

From the piece, I do not believe that Booth has the same definition of skill; that is where the problem lies with this DEN team.

There is not enough skill in how I define the word out on the court with Jokic. The strain on him to manufacture not only offense but *easy* offensive baskets for others is significant.

1. Jokic. Night to night, this guy is just on another level from everyone else in the league.

**SAC/DEN:**

DEN—Wow! What a cut by CB. He doesn’t give you the shooting KCP did, but he’s got a different gear with the athleticism and attacking the basket. This is a great example: when your defender has the back of his head turned to you, you make it easy on him by staying in place; MOVE!

DEN—They’re getting creative with flipping traditional split action spacing into backscreen actions. C split and Elbow split catch points, but the screens are not in the same place, tighter to the ball handler, but it’s NJ, so there's no problem there, and you get to use backscreens, which are the hardest to communicate.

\^\^ Wagner was getting a lot of these early in the year for ORL; I wonder if they stole it from them.

SAC—DeRozan gets the best whistle I’ve seen for a guy who isn’t an All-NBA player. It’s wild. Back-to-back possessions: Sabonis has two hands in the back of NJ on a post-up and no call. CB puts a hand in DD's face of a fadeaway, and a foul is called.

How can she see if his hand touches him from that angle? It’s impossible.

DEN—Double pin to MPJ quadruple SB3. Why not press this into the hole and see if you can get a lefty or NJ on the Pop? These are the ones where it’s lock and trail, and he can bust it downhill from the start (he’s 6’10"") or hit the single to NJ, not this trash. There is a time and place for this shot; it’s not in early offense with the MVP standing wide-open.

DEN—Swather is in a similar action (MPJ isn’t an empty corner look) with NJ later in the quarter. JS hits the single (NJ pop) and plays from that advantage.

DEN—CB gets DD with another WIMS cut on DD, who is looking dead at the ball. This is also a foul; the DD whistle is unmatched.

SAC—Monk and Sabonis two-man game is still cooking. It’s nice to see DS take a few floaters and middies in the pocket. That’s a big shot for him, and it would add another layer to his two-man games.

SAC—DEN going UNDER a lot of DHO actions and giving looks to shooters. So far, in the 1st, not many looks are going down. I wonder if teams will say F’it in the PO, go UNDER everything, and not let MM and DF get downhill. DD is an UNDER every time, even in the regular season.

DEN—Inverted NJ PnR still hits! It was pure magic when NJ and JM broke this out in the 18/19 season. JM is such a good reader of space; seeing this in action on a night-to-night basis was a blast!

SAC—Percentages be damned, NJ refuses to guard DS at the three-point line—Golden State series blueprint. Shooting isn’t all about percentages; it’s about how much *fear* your shooting creates in defenses.

DEN—JM looks crisp in the PnR right now. It's much better than the OLY and early season for DEN. He’s creative and fearless in the two-man actions, which are two of the best qualities to have; mix that with NJ, and they are the best combo out there.

DEN—MPJ shots at the rim. When he’s driving the ball, it doesn’t look great, too high of hips and not enough goofy foot finishing to be able to absorb contact + finish.

**Finishing at the Rim:**

*Filtered for 100 attempts min (Top 209 players)*

* Self-Created %: 50.23 (165th - 21st percentile)
* eFG%: 67.87 (10th - 95th percentile)
* Avg. Dribbles Before: 0.88 (175th - 16th percentile)

The best MPJ looks at the rim come from him making good off-ball cuts, not dribble-drive actions. MPJ is also a great OReb guy; he’s 45th in the league and 2nd in DEN.

\^\^ This makes MPJ turning down top-lock cuts to the rim so infuriating.

DEN—Watson is entertaining on defense; that guy challenges everything at the rim! The big question is whether or not he can play in the PO this season. The offense wasn’t there last year, and when the game slows down, can he survive?

DEN—Back-to-back RW PnR actions with NJ for layups. Ellis goes UNDER both times, but RW still beats him to the rim. If you guard him with a smaller player, he can still bully them.

SAC—NJ is still daring DS, and DEN is still going UNDER on more two-man actions than not. When does SAC start to let it rip? SAC is at 20th in the league in 3PA per game. Is this beginning to compress their spacing, with DD and DS involved in almost every two-man action?

DEN—NJ baits KM into an awful shot after he gets downhill into a 2v1 situation. NJ is one of the best in the league at faking help UP the lane and then getting deflections during the offensive player moment of indecision.

\^\^ When I coached guards who would be in situations where they would be attacking NJ in downhill situations, I always told them this:

*“He will not commit to help; he will always stunt. Take the action directly to him with early pickups (one hand if possible) and explosive finishing. He will get deflections if you have the ball low on the pickup or wait to pick it up till you’re close to him.”*

SAC—DS and KM are showing a lot of good stuff in the DHO game during the 3rd. I would love to see more volume here for SAC. Murray is their best shooter, and teams are putting their worst defender on him. This is an excellent action because you can’t switch it; otherwise, DS will punish KM’s defender in the post.

DEN—RW and CB just don’t let you have anything easy. They are constantly attacking the passing lanes.

SAC—I found myself asking, “Where is Fox in this game?” The next play is a DD mid-post ISO against Gordon. I'm unsure how the DD experience (who will be on the books for 25mm plus over the next two years) sits with Fox and his camp. DD *needs* to play on-ball, which means fewer touches for DF.

\^\^ AG responds with a mid-post ISO against DD. Neil Paine: The 90s are alive, baby!

DEN—NJ and PW are going inverted PnR, and NJ sees DD’s early LMH, so he fires a rocket to JS for a corner three. This is a pass that only so few guards can make in the NBA, and this dude is making it from the center position, one-of-one.

\^ Next play, NJ rebounded to push into a JM cut to force LMH and a PW three; then the full-court NJ heave; what a way to end the 3rd!

DEN—PW’s shooting doesn’t look up to the level of someone ready to be excited to shoot in the PO. The shot prep footwork isn’t there on every catch. Each catch doesn’t feel like an *opportunity*. For me, it’s never about the percentage as much as the volume and how you catch the ball each time. Are you excited (shooting-wise) to catch it?

There is a big difference between these two shots. One is in the “house money” category; make or miss, it’s all good here - (end of the quarter, and the shot prep is excellent; he’s doing the work early here mentally, too). The other is an example of PW not seeing these moments as opportunities but just ones he *has* to take.

SAC—The three-ball gets them back in this one to start the 4th. Two each from DMc and TL. Even when DEN plays great, they're far behind in the math battle night to night during the RS.

DEN—Awesome cut by CB in the elbow split action. JM’s shooting creates a panic-thinking moment between DF and KE. CB does a great job of starting the cut early here, as soon as he hears the switch communication, but before KE drops to get his hands into CB. Great job reading the play *early* from CB.

DEN—One of the most fun things about watching NJ play is how he sees the layers of a team's defense in real-time. I’ve worked with All-NBA bigs who play these same actions, and this level of processing is a step beyond anything out there in the league at NJ’s position. LMH can only come from the corner in this action; NJ knows that once he sees that he can’t go to RW, he doesn’t have to look to see MPJ. He knows it’s the only place the ball can go because of LMH. Doing this in real-time is special.

SAC—Back-to-back DS and DD two-man actions where defenders keep going *under*, resulting in a long two. One is a make, the other a miss, but either way, teams will live with SAC playing this process over DF and MM in these actions.

\^\^ The following poss are more DS with MM or DF forced in the two-man. These two create more optionality for SAC than DD in these actions.

DEN—I would love to see MPJ be more forceful to the rim on these empty corner pin actions when he gets lock & trail coverage.

SAC—DMc is still making threes going right off a pindown from DS. How many of these does this partnership have in his career?!?



**DEN/MIN:**

DEN—JM and NK two-man has such nice layers to it. The ONLY thing NK can't do is be a vertical floor spacer. But he does everything else at an elite level. Best Pocket and PnPop big in the league. Here’s a breakdown of what makes their two-man game unique from last year's MIN series.

DEN—If you're up and the level on AE and LMH isn't over early on RG, it’s a tough cover when they're playing four small guys. They have to make RG a playmaker in the PnR, not a zero-dribble finisher.

DEN—RW has been a nice story with DEN, but the shooting isn't great, and teams can put DEN in bad matchups if he starts. It's time to bring AG back to the starting lineup.

DEN—MPJ can be such a frustrating watch. He can miss simple reads to take tough shots more often than you would like to see from a player of his caliber.

MIN—RG playmaking in the PnR pocket on the AE blitz. That's good stuff. Get him the reps now.

MIN—How long until teams stop guarding JR from deep? Oh nevermind, DeAndre Jordan just flew by on a JR pump fake from three. Legler just said he’s 6 for his last 40 from out there heading into this game, good KYP from DJ.

DEN—Lots of inverted PnR actions with NJ. Everyone is getting involved. This action was reserved for JM, but now it’s RW, MPJ, and any DEN player.

**Jokic (Inverted) PnR:**

* Per 100: 6 (38th percentile)
* PPD: 1.239 (93rd percentile)

DEN—How many times does DEN get wide-open 3’s from the NJ at the elbow into a back screen actions? MIN is just giving them to them. Is it a TC, Finch or both thing where it feels like they are willing to dare DEN to shoot more than any other team in the regular season.

**TC Record since leaving DEN:**

* RS (4-2)
* PO (4-3)
* Total (8-5 + 1 Series Win)

DEN—Legler just said that CB gives you all the shooting of KCP and more. I can’t get there with this one. Shooting isn’t just about % it’s about *fear.* CB shooting 37% is good, but only 2.5 attempts in 32 min of game action, that isn’t all the shooting that KCP gave this team, KCP brought the fear, which means defensive *gravity*, which translates to space for NJ to work.

**KCP in DEN:**

* 22/23: 4.2 3PA - 42%
* 23/24: 4.1 3PA - 40%

DEN—JM fade away in the 3rd is a prime example of % doesn't matter. He's unwilling to throw it to RW to let him shoot it from three—RW is shooting 34% on 3.6 3PA.

MIN—Back-to-back AE PnR 3’s. The first one, JM, goes UNDER, and the second, NJ, doesn't get up to the level. You always have to have crisp KYP versus a guy that good.

DEN—Where is the shooting? It feels like DEN is always so far behind the 8-ball in the math game.



**DEN/CHI:**

DEN—Another Inverted NJ PnR… and another bucket. Is this the most unstoppable play in basketball? What good solutions are there for this one?

DEN—JM non-shot in the secondary break. These are the ones that I wish JM would let rip. He's such a good shooter, and these are the shots that are there for a shooter of his caliber.

CHI—NV is having a quarter in the PnR; this is one area where you can get to NJ. NJ will dare other bigs to score the ball. He did it the other night against SAC with DS. I think he believes that other bigs won’t have the mindset to shoot the volume needed to hurt DEN.

Does he know it’s Serbian heritage night, not Montenegro night!?

CHI—Their spacing is great, they really spread you out and hunt corner threes. I wonder if they lead the league in corner 3’s?

**CHI Corner 3’s:**

* 2nd 3PA Per 100: 11.3
* 3rd in 3PM: 214
* eFG%: 58.79

DEN—NJ has two first-quarter dunks; he knows what his Serbian people came to see!!

DEN—The spacing with AG, RW and PW on the floor together is very poor. I'm not sure this lineup can play together much longer.

DEN—NJ in the PnR pocket is unfair; he rarely makes a bad help UP the lane read, and his floater is apex-level stuff. There are no good defensive solutions to the JM and NJ two-man game.

**NJ As Screener:**

* 25 Per 100
* 1.111 PPD

DEN—JM shoots the trail three in the secondary break to start the 3rd quarter of a TO. I love that. It’s a miss, but that isn’t as important as the mindset of “these are good shots for me and us.”

CHI—I like Lonzo Ball, and NJ is the best in the pocket against LMH, but this level of LMH effort is embarrassing.

DEN & CHI—Their spacing on offense couldn’t be more opposite. DEN is tight and compact, and the cutting has to be perfect and almost always off NJ actions. CHI is spread out, the ball is pinging around, moving the defense side to side, and they shoot from deep to open up their cutting.

DEN—I love the back-to-back DHO threes from MPJ. I don’t care that they are missed; DEN needs more from him. Both shots were good reads. I would love to see him add a higher level of consistency and venom to his shot prep footwork.

CHI—Lots of PnPop options between NV and Smith. They made NJ pay for being in drop with their *willingness* to shoot the ball. It's something Sabonis didn’t do to NJ in the game earlier in the week.

**CHI Bigs 3 Point Shooting:**

* NV: 2-9
* JS: 1-4

DEN—The NJ and JM two-man game can NOT be switched. They know exactly what to do when they see that coverage and trust the other to understand the mismatch. They’re fun!

JM hit two on switches going baseline on the right side. One is against Randle, and the other is on NV in this game.

DEN—Biggest play of the game, and DEN goes to their two-man game of NJ and JM. CHI sends the double-off RW. This will be a theme in big games for DEN."
70,3 days of nothing ,
71,Does anyone find the upcoming (likely) #1 seed deciding game super cool?,"Almost exactly [6 years since](https://www.basketball-reference.com/boxscores/201804110MIN.html) the Timberwolves beat the Nuggets in a ""win and in"" last game of the year situation, the Nuggets and Timberwolves again face off at the end of the year to decide the #1 seed in the toughest conference in the NBA. 

Their rosters have changed a lot since that matchup, and losing that game actually put us in a position to draft MPJ. Tim Connelly moved from Denver to Minny after setting up the Nuggets *pretty well* and Calvin Booth has been cooking since taking over for Tim here. 

Very exciting matchup for any basketball fan to watch, and here's hoping we secure the home field advantage, which could be the deciding factor if we want to repeat."
72,"Not saying we should trade Jamal, but realistically what could we get for him at this point? ",
73,"Everyone says play defense, but what does that mean in quantifiable terms exactly?","Is this faster close outs? Not biting on the pump fake? Staying in front of your man and not fouling easily by keeping your arms straight up (MPJ 🫠)?

I feel I may have answered a lot of it myself but what does everyone else think?"
74,"This aged well, rest. breathe. fire for G4",[https://www.reddit.com/r/denvernuggets/comments/1cmvp2z/ok\_debrief\_is\_over\_time\_for\_g3/?utm\_source=share&utm\_medium=web3x&utm\_name=web3xcss&utm\_term=1&utm\_content=share\_button](https://www.reddit.com/r/denvernuggets/comments/1cmvp2z/ok_debrief_is_over_time_for_g3/?utm_source=share&utm_medium=web3x&utm_name=web3xcss&utm_term=1&utm_content=share_button)
75,"[Medina] An anonymous NBA executive says the Denver Nuggets are ""stuck"" with where they are as a team as Jamal Murray is ""going backward"" and Michael Porter Jr. is ""terribly overrated"" and the Nuggets don't have the assets to improve the team in future.",
76,Saving the season,"If I was Calvin Booth I would make some major changes when free agency rolls around. 

Step 1: trade Zeke Nnaji for Luka. This lets Murray play full time as starting PG for the bench unit and gives us some much needed depth.

Step 2: trade Dallas some cash to bring Zeke Nnaji back. 

Step 3: trade Zeke Nnaji for Devin Booker. This should help if KCP leaves. 

Step 4: we have limited trade assets so I suggest that we kidnap Zeke Nnaji from pheonix (this is allowed because of bird rights) and sign him to the super max.

Step 5: cut jokic/gordon to clear cap space and have them both sign at vet minimum. It’s cool though because under the new CBA we can ask Zeke to share his new Supermax with up to two additional players. 


There it is, I improved the squad and lost absolutely nothing"
77,High On Nugs Gets Severed! 420-Friendly Nuggets Podcast Episode #7 Out Now!,"Hey fam, back again. This week we try some experimental new edibles from Lumon Industries that will sever our memories between our personal lives and our basketball podcast life. We talk about where the Nugs are sitting at within the league currently, whether Calvin Booth's GM'ing is starting to age better, and end things off by drafting Sci-Fi basketball teams. Please enjoy each section equally, Praise Kier!

  
[https://www.youtube.com/watch?v=velOWfBcmYg](https://www.youtube.com/watch?v=velOWfBcmYg)"
78,Is Jokic MJ's son?,
79,5 words,Trade Jamal Murray in March.
80,Having no good backup up PG and Center is one of the dumbest decision the Front Office has done to this team.,"I'm going to say this, I want Tim Connelly back. He is the real architect behind this entire team.

He did so much better as the head manager instead of Calvin Booth.

I mean for fucksake, we don't even have any good functional rookie this season.

We lost Bruce Brown and he did nothing to find a legit replacement.

He needs to trade Reggie, Nnaji, Holiday, DeAndre, Vlatko, Pickett, Strawther, Hunter and give us some solid bench players.

We'll have around $20 million budget next year trading those players for some solid backup PG and and Center."
81,2023 Denver Nuggets Game 5 TV Cue card.,Back in 2023 I had the opportunity to work with ESPN for the Nuggets home games. Found my old TV cheat sheet from series clinching game 5!. Throw back to a Championship line up! 
82,AG Extension details?,Anybody have any nuggets yet (no pun intended)?  Is it accurate the extension would have to be done before the regular season starts?
83,Seatgeek with affirm,"Hello, yesterday I made some attempts to purchase some tickets for a soccer game through SeatGeek paying with Affirm, they made me do all the process for the checkout, showed me the loan plan and accepted it, took my money but then the tickets were show as already sold, I tried several times and the same thing happened, affirm sent me an email with the payment plan and said wait for seatgeek to confirm the order, I really wanna know if I got those tickets or not, game is this week and tickets are selling fast"
84,A PWat thing I’m so stoked about,"I can’t believe how far he’s come this season on this one thing in particular:

Like everyone else I was very excited about his electrifying blocks early in the season, but they almost always went out of bounds or turned into a 3 on that possession for the other team. But his blocks are starting to get more controlled and actually turn into a change of possession.

I’m sure there’s some advanced stat for this? Not just my eye test? "
85,Next season KCP needs to either take a giant pay cut or just go.,"Im a KCP fan to start, But we just cant be paying everyone on our starting so much we need an actual 6th man, I cant believe calvin booth didnt trade zeke nanji at deadline we could of flipped for drummond or something 

We sign a real backup point gaurd next season that can shoot dish and defend and play nuggets basketball

Zeke nanji has to go while we can get someone out of his contract"
86,Would it be possible for Aaron Gordon to gain 20-30lbs of muscle in a period of 3-5 years without sacrificing too much of his stamina and athleticsm?,"Basically I like the idea of Aaron Gordon being able to as strong as the likes of Bam or Zion but I'm afraid his stamina or athleticsm might be negatively affected.

The reason why I want a stronger and bigger Aaron Gordon is because he is pretty much our backup Center and Calvin Booth refuses to trade Nnaji and get a reliable backup Center."
87,Ricky Rubio,I know he retired but the nuggets need to find a way to get some guys on this roster. He’s has a European connection and he’s a pass first guard that can run the offense. Calvin Booth has some work to do. 
88,Pressure is finally off our shoulders.,"All year I have watched us become public enemy number 1 for so many other teams and their fans. As a fan for over 10 years, this loss stings more than any I’ve endured, but it is nowhere near the end. 

We are not going anywhere for the next few years, as long as players are healthy we will be competitive for years to come. We have a team full of extreme competitors. They will be looking at this series loss as motivation for next year. 

Now that we lost we know where we need to improve the roster, I have no doubt in my mind we will make necessary trades and bounce back next year. Calvin Booth said it best: The goal is to win multiple chips, but we are not going to win a championship every year. Even the Spurs dynasty never went back to back.

It’s been a hell of a ride, thank you guys for making this ride a hell of a lot more fun. Let’s get that chip next year!"
89,How nice would it have been to have Hartenstein in this series?,"Just a fun thought exercise. Thinking he’d give us a lot more lineup flexibility with his size, good passing skills, and him grabbing us some boards wouldn’t hurt. Say if Holiday or Reggie are throwing up bricks IHart can get some min to matchup against Naz. To be clear I know we won a chip and I love watching the Knicks so I wouldn’t change a thing. "
90,This team needs to decide ASAP what it wants to be ,"One of my biggest concerns heading into this offseason is that fundamentally, there’s a disconnect and lack of alignment between Booth/the front office and Malone/the coaching staff

We all know what Malone’s inclinations are as coach at this point - winning is the most important outcome (no argument from me) - young players need to earn their role and minutes on the floor and when push comes to shove, if a young player isn’t considered ready he won’t be seeing the floor much, if at all (see: Peyton Watson vs the wolves)

On its face, that doesn’t seem to align much with the most significant moves that Booth made last offseason with their only two veteran “additions” being bringing back Reggie Jackson and DAJ and signing Justin Holiday (while Bruce Brown Ish Smith and Jeff Green all signed elsewhere) - meanwhile, Booth prioritized drafting and development by taking Strawther Pickett and Tyson in the most recent draft

On the one hand, I get why Booth is pivoting towards youth and development on the bench given the new CBA + how much the starting 5 costs + the nuggets luxury tax situation (as of the start of this offseason they’re a second apron team) and that signing more proven vet players to 1 year deals every offseason isn’t sustainable for a team like the nuggets (a team that isn’t necessarily a preferred team for free agents) - at the same time, I’m sure Malone and the coaching staff understandably consider the team to firmly be a win-now team that’s right in their championship window *now*, with Jokic Murray and AG all in the middle of their prime and not getting any younger, combined with the relative absence of a clear favorite in the western conference at the moment   

Regardless of how understandable each position/philosophy is, potential disconnect between the front office and the coaches with how they want the team to look and the trajectory of the team from a team-building perspective going forward is essentially what we saw play out this year - I wasn’t exactly expecting Strawther Pickett and Tyson to all get rotation minutes right away, but not one of Booth’s draft picks played any significant minutes after January this year, while Watson’s role and minutes started to diminish towards the end of the regular season and he ended up being a complete non factor in the second round

Clearly, the nuggets depth needs to be much stronger and more reliable next year, and whether that depth results from less patience with all the younger players next year and having the 6th-8th best players on the team be more proven veteran players, or through the young players particularly Strawther Pickett and Watson developing next year into legit rotation players who can at least be trusted for at least 8-10 minutes per game in a playoff series, the coaches and front office need to actually be in full alignment about picking a path and committing to it starting this offseason "
