,Title,Content
0,Vince Carter gets emotional as Masai Ujiri announces that the Raptors are retiring his jersey.,
1,[Hoop Collective] Tim Bontemps patiently explains to a befuddled Brian Windhorst exactly what it is Masai Ujiri is doing with the Raptors,
2,"[Givony] ""There are other teams that love Bronny. For example, Minnesota, Dallas, Toronto. If it's not the Lakers, it will be someone else. Masai [Ujiri, Raptors president], loves him. They could take him without even seeing him at 31. Workouts aren't everything for these teams.""",
3,"[Siegel] One should never count out thm from pulling off a big, unexpected move for a star. Executive Masai Ujiri is always very precise when it comes to setting his organization up to make big moves, and it's become clear that the Raptors want to find another young star to pair with Barnes.",
4,Masai Ujiri’s future with Toronto Raptors dicier than ever after Rogers buys out Bell,
5,"Masai ""the Messiah"" Ujiri assembles an intriguing Big 3 for the future of the Raptors","Barnes—23 years old 

Barrett—24 years old 

Brandon—27 years old "
6,"""Unrushed, Unhurried, With Love | The Steam Room"" (Masai Ujiri Interview starts at 41 minutes - starts talking about the rebuild at around 50 minutes)",
7,Brooklyn Nets GM Sean Marks and Toronto Raptors Vice Chairman / President Masai Ujiri are in the building for tonight's game. Both teams are expected to have top 10 selections in the 2025 NBA Draft.,
8,"Thierry Henry speaks about his admiration for NBA legend Dikembe Mutombo, highlighting Masai Ujiri and the Toronto Raptors organization.",
9,"[Osman] Masai Ujiri on the Raptors last season: “Last year was a shame to me, to us. In a way that I feel like we had to rebuild… it’s now starting to settle.”",
10,Report: Raptors’ Masai Ujiri Is A Fan Of Brandon Ingram,
11,"Jake Fischer: ""We're keeping an eye on the Raptors first and foremost.. there is interest from Masai Ujiri... Ingram still has a very small chance of ending up in Golden State if they strike out on KD and Jimmy.. There is still a chance of a deal going to Atlanta""",
12,"Masai Ujiri on ticket prices- ""It's above me, but it's also concerning my team, so yes we have 100% input in this, and we have to look at market prices everywhere in the NBA and in our market. We have to consider our fans too. It's been looked at in every way possible,","**Masai Ujiri when asked about raising ticket prices after a bad season.**

**FULL QUOTE:** ""It's above me, but it's also concerning my team, so yes we have 100% input in this, and we have to look at market prices everywhere in the NBA and in our market. We have to consider our fans too. It's been looked at in every way possible, you have to feel for the fans but this is how business works.

Kind of chuckled when he said ""we have to consider the fans"".

What does that even mean lol"
13,[Siegel] The Toronto Raptors are another team to keep an eye on regarding Kuzma as they look to move swingman Bruce Brown this offseason. Masai Ujiri and the Raptors' front office have always made their intentions of retooling their roster instead of rebuilding it prominent.,
14,[Osman] Masai Ujiri talking about using the NBA Draft to improve: “We all know what reality is in this league and the draft is a way for us to build teams and acquire players.”,
15,Don't give *just* Masai Ujiri credit for the Brandon Ingram trade.  Kudos to Bobby Webster for getting this deal done.,
16,Will Masai Ujiri Stay With the Raptors Long-Term? - The Raptors Show with Will Lou,
17,Masai Ujiri’s Rebuilding Raptors Are At An Inflection Point,"Summary: With Rogers buying MLSE, Ed Rogers who opposed re-signing Masai will have a bigger influence. Ally Larry Tanenbaum will have less influence. 

Masai has had his missteps pivoting from 2019 but I’m really weary of changing him. I remember all the other GM’s we have gone thru and how bad some have been. Bad ownership decisions can really create decades of chaos. Owners love to put their own ppl in place but those decisions are almost always about personal relationships and less about actual basketball IQ."
18,Raptors mailbag: How will the Rogers takeover of MLSE impact Masai Ujiri?,
19,"Masai Ujiri’s future, Jakob Poeltl and last year vs. this year: Raptors mailbag, part 2",
20,"Bruce Arthur: Exclusive - Masai Ujiri on Ingram trade, rebuilding Raptors and getting his championship moment back",
21,[Baraheni] Masai Ujiri said in his presser: - Young big man to develop - Back-up guard - Wing depth + size I’d imagine they *try* and address it all this summer and at least 1 of them at the draft,
22,Watch live: Raptors' Masai Ujiri addresses media after season ends,
23,Masai Ujiri during halftime to ensure the tank is not sabotaged:,
24,Masai Ujiri with a 14 year old Lebo Jawara at Giants of Africa 2019,
25,[TSN] Raptors President Masai Ujiri joins the broadcast during Raptors VS. Lakers!,
26,Raptors at the NBA trade deadline: What should we expect Masai Ujiri’s team to do?,
27,Masai Ujiri's patience to be tested as Raptors rebuild marches on,
28,The next time Masai Ujiri sees Christian Koloko ,
29,"[Murphy] Ujiri on MLSE CEO involvement: ""They never meddle with anything we do on the team side. It's how we contribute on the business side and bring it together."" ""I'm still Masai. Nothing is going to fucking change that."" Then says he has no money, Adam Silver don't fine him.",
30,Raptors FO work in the last 12 months-from Pensare Basketball ,"https://x.com/PensareBBall/status/1862884913696911388?t=ZjSbj56ZrC5brGME5MZ4EA&s=19

From the tweet above:
The Toronto Raptors are in a MUCH better position than they were 12 months ago. 

That's a major credit to the work that Masai Ujiri and Bobby Webster have done, but more so a credit to the work of Toronto's development focussed coaching staff led by Darko Rajakovic, Jama Mahlalela and Ivo Simovic. 

✅ Scottie has gotten better

✅ Gradey has gotten better 

✅ Boucher is now an expiring 

✅ They turned soon-to-be-overpaid OG Anunoby into Immanuel Quickley, RJ Barrett and Jonathan Mogbo. 

✅ Turned Pascal Siakam & Otto Porter into Ochai Agbaji, Ja'Kobe Walter, Kelly Olynyk, Bruce Brown & a 2026 Pacers first 
✅ By the luck of God they conveyed their 2024 8th pick to San Antonio so we don't have to worry about that in the loaded 2025 draft
✅ Turned Jalen McDaniels into Davion Mitchell, Jamal Shead & a 2025 Portland second

✅ Basically replaced Christian Koloko with the younger Ulrich Chomche long-term 

✅ Let Gary walk and replaced him with the younger, cheaper undrafted free agent Jamison Battle 

✅ They've found ways to improve their offensive flow and process 

✅They play harder every night than any Raptor team in years. They're in almost every game. 


Not bad at all in my opinion "
31,Every day I’m grateful that we didn’t trade for Paul George,That’s it. That’s the post. I trust Masai Ujiri with my life. 🙏🏼
32,Game-Changing Moves That Shaped The Toronto Raptors’ Legacy | Inside the Failed Recruitment of Steve Nash & Pivot to Kyle Lowry,
33,[Rose] Koloko began the NBA’s Fitness-to-Play process three weeks ago and the expectation is it could take a few more weeks before a panel of the league's doctors fully clears him for a return to the NBA.,">	“We had a major breakthrough with his blood clot issue,” Koloko’s agent Calvin Andrews of Klutch Sports told me. “They found the issue and he had corrective surgery and has been recovering (for) the last 4 months.”

>	Koloko, 24, has been off blood thinners for a month, Andrews said, and in roughly two weeks he’ll undergo a scan for blood clots to see how he’s progressed.

>	“If there’s none, then everything is fine,” Andrews said.

>	In the meantime, the 7-foot-1 Cameroonian big man has been working out at full strength, Andrews said, and Koloko's team of doctors cleared him about a month ago for five-on-five, full-contract drills.

>	But there’s still work to do.

>	Koloko began the NBA’s Fitness-to-Play process three weeks ago and the expectation is it could take a few more weeks before a panel of the league's doctors fully clears him for a return to the NBA.

>	While there’s been no official clearance yet, Andrew said several teams have begun to register interest in Koloko. The former Arizona Wildcat product held a workout in Las Vegas during Summer League that was heavily attended by league personnel.

>	Among those teams following Koloko has been the Raptors who have admittedly been “keeping tabs” on Koloko, Raptors president and vice-chairman Masai Ujiri said during his season-ending media availability in April.

>	“The Raptors have kept very close eyes on his situation,” Andrews said. “And Koloko would have no problem coming back to the Raptors.”

Raps have 1 more spot open for camp after the Bruno Fernando signing. I’d imagine they’re likely keeping it open in hopes Koloko gets cleared, but shouldn’t be hard to find someone for that spot later on if they want.

Also good to note “Koloko would have no problem coming back to the Raptors”, because some people thought he wouldn’t want to come back because we waived him. 


[Source](https://www.si.com/nba/raptors/toronto-raptors-among-several-teams-keeping-eyes-on-christian-koloko)"
34,Doug Smith: NBA trade season is upon us. Here’s what the Raptors should (and shouldn’t) do,"The only thing Raptors general manager Bobby Webster and president Masai Ujiri can hope for is to not add a dollar to next year’s salary total in any deal and maybe find a future second-round draft pick for either (Bruce and Chris), or both.  

That’s it, that’s all."
35,"A Speedrunner's Guide to the Raptors 2025 NBA Trade Deadline: Part 5:  To Jak, or Not To Jak","Part 4:  [https://www.reddit.com/r/torontoraptors/comments/1iezqze/a\_speedrunners\_guide\_to\_the\_raptors\_2025\_nba/](https://www.reddit.com/r/torontoraptors/comments/1iezqze/a_speedrunners_guide_to_the_raptors_2025_nba/)

Welcome to Part 5 of this series where we cover some of the many moves the Raptors may make at or before the upcoming trade deadline.  Last time we talked about the Trade Asset Twins in Bruce Brown and Kelly Olynyk.  

This time?  Let's talk about the upcoming draft and the Raptors potential accumulation of draft capital.

There's been a lot of debate about value for players and cap space.  What's a fair deal for Boucher if he's traded on his own, how much salary one would need to take back in order to justify asking for a 1st round pick over 2-3 seconds, whether such a deal exists out there, etc.  It isn't straightforward since it highly depends on the team one is dealing with - there's a difference between trading Kelly Olynyk for Jusuf Nurkic who is washed and expected to make $19 million as the worst starting center in the league (If the Suns weren't already benching him) and moving them for an expiring deal on a veteran heading to retirement - but while there is some manner of debate about the Raptors role players trade value, there is one player where, regardless of which side you're on about trading said player, I think we can all agree they can fetch at least one first rounder:  Jakob Poeltl.

  
Or at least, he would if he were available and teams didn't have so many options for 5s.  This is a pretty crowded market for starting/backup center.  Jonas Valančiūnas, Robert William III, Nikola Vucevic and Cllnt Capela are all names who may be on the move, and while it might be considered selling low on Nic Claxton given the year he's had, if he's available then that's yet another name to contend with.  Even Deandre Ayton, whose value might be so low as to necessitate attaching draft capital to dump the former 1st overall pick, is a name that could be on the move if.  Ditto for Jusuf Nurkic though...no one thinks they can fix Jusuf at this stage in their career.

To be clear:  Jakob Poeltl is far and away the best player amongst those names.  An underrated passer, solid rim protector and an effective rebounder who's nearly guaranteed to grab a double-double every night, he may be traditional as far as centers go, but he's excellent at what he does.  But it is a crowded market.

And yet, [per Stein](https://marcstein.substack.com/p/sunday-best-all-the-latest-on-jimmy) and multiple other reports, the interest in Poeltl there from other teams to acquire him via trade is there.  So while I don't see teams likely to overpay - which is what it would likely require for a team to pry away Jakob at the moment - there is a non-zero chance of such occurring, especially with how well the Raptors have been playing in this most recent stretch.

Granted, trading Jakob has one major long-term issue that we'll touch on in a bit but for now, we'll ignore the 7-foot elephant in the room and go over some of the potential suitors for the Austrian Hammer.



***Atlanta Hawks***



The Hawks are probably the most interesting option of the potential trade partners because they can structure an offer that is the exact kind this front office will go for:  Draft capital that conveys in 1-2 years or a player with known talent who may not be working out with their current team (See:  Kyle Lowry, Ochai Agbaji, RJ Barrett).  One is more likely than the other, for reasons we're about to get into.

For the former, the Hawks have 2 firsts in this upcoming draft and while it's unclear if the Kings hot streak will continue long enough to get them out of the play-in entirely, the possibility of them giving up a late lottery pick remains on the board post-Fox trade. 

Alternatively, the Hawks have the Lakers pick from this year though with the recent shellshocker that was the Luka Donic trade coupled with L.A. being a playoff team at the moment, said pick is likely in the later half of the 20s.  Still, more draft capital is nice to have and it could help the Raptors to move up to acquire a player they'd like rather than trying to trade back in to the 1st round after using their own lottery pick.

Whether one thinks Poeltl is worth 2 firsts or a similar package to what the Spurs got for him in 2023, Atlanta has its fair share of seconds they could part with, most notably a 2027 Clippers 2nd.

Going with Option 1:  Pick(s) as the main incentive, while the Hawks can absorb Jakob Poeltl via a trade exception they acquired (And only Jakob in the off-chance the Raptors include multiple players in a trade with Atlanta), the most likely option is to swap him with Clint Capela and accompanying draft compensation. 

At this stage in their career, Clint is best described as ""the most deceptive double-double in the NBA"".  With an average of 12 points and 10 rebounds, his stats look good on paper, he's still large enough to outrebound other guys but his finishing has been near the bottom amongst all players in the league and he's declined in just about every category that matters for a non-floor spacing big man.  You might be able to reroute him to another team for a bad contract and a pick (Deandre Ayton? He's only got 1 more year on his deal but said contract is over $30 million this year and next), but more likely than not is Clint will be a placeholder to grab boards and run the pick and roll for the sake of development for Scottie and Quickley, among other expected PnR handlers.  

Since the Raptors will often opt for a player over a pick when possible, there is the option, if less likely due to the reasons already mentioned, to instead revolve the trade around Onyeka Okongwu.  Whereas Clint will frustrate fans of the Hawks due to his decline, Okongwu is frustrating because he is very clearly talented despite being undersized for a full-time center a la Bam Adebayo (Even with Bam having a down season, you get what I mean).  His rim protecting might not be ideal but his ability to switch on to the perimeter is phenomenal. 

One thing you might have noticed that we haven't talked about the Hawks own 1st rounders being on the table.

Well that's because they don't have control of any of their own firsts from now until 2028 (2026 is an unprotected swap, 2025 and 2027 are their 1sts outright).  So not only do they have zero incentive to tank, but they need to be competitive for the next two upcoming seasons so as to not give the Spurs a slew of valuable lottery picks as a result of the debacle that was the Dejounte Murray trade.  Given how that trade has gone down, it's hard to see the Hawks stomach swapping one of their own or giving them away from 2029 and beyond.

As of this writing, they just broke their 8 game losing streak but that brief respite is small comfort for a team nursing as many injuries as Atlanta is and without their pick, they have no choice but to win every game they can.  So while in theory they could go for either picks or a player, the most realistic option revolves around draft picks and Clint over them giving up Okongwu, possibly expanding such a trade to include multiple Raptors players as their roster is more or less healthy aside from Immanuel Quickley who's on a minutes restriction.

It's also worth mentioning Double O has been playing much better of late which may make the Hawks second-guess trading him; in the past 10 games he is averaging 13/9/3 on 67.4% true shooting.  He's even hitting a hair under 45% of his (very few) 3s!  Mind, it's on very low volume so it's dubious if that level of shooting is sustainable on higher outside volume but I digress.

So about those picks and the center prospects one could acquire in 2025...

***A quick aside on the 2025 NBA Draft***

Khaman Malauch.  Derik Queen.  Danny Wolf.  There's plenty more players in the 2025 NBA Draft but as far as the guys expected to go in the 1st round **as of today**?  Those are your names if the plan is to go center-less this season or simply roll with Clint until Game 82.

I'll admit that while I have been casually following Khaman's college season, I haven't paid a ton of attention to the nuances of the other first-round center prospects like Queen and Wolf.  From what little I have been made aware, this is not a great draft to be fishing for centers so while there will be surprises like there are in any draft...even including Khaman Malauch - who may very well play his way from a mid-lottery pick to the upper echelon - most of the centers in this draft have a lot of questions that have yet to be answered.  Derik Queen & Danny Wolf's lateral quickness for example, Khaman being pretty raw overall/his ability to defend the rim at the NBA level for another.  Then again, there were a lot of questions about whether Edey would translate to the NBA and he's been one of the better rookies of the 2024 NBA draft class.

Not that the Raptors have to draft a center with whatever draft capital they would acquire in this hypothetical - talent over fit is the way to go since you can always trade the better player down the line for the right pieces - but if they're trading Jakob and it isn't to swap him with Okongwu, they will have a gaping hole at the 5 for a rim-protecting big man and thus need to trade for one or draft one.  Having Clint is a temporary solution if he isn't rerouted elsewhere but the question at the 5 would have to be answered in the offseason all the same.

Still, whether the draft or Onyeka, the Hawks are one of the better partners on the market who can keep the Raptors retool on target for a more competitive 2025/26 season.

*TL;DR - Sending Jokob Poeltl to an Eastern Conference team aside, there is a lot of appeal to the package the Hawks could create for Poeltl.  Between Clint Capela and Onyeka Okongwu, there will be a short-term solution while the Raptors figure out a long-term option at the 5.*

Speaking of one of the teams that the Hawks have a 1st from...



***Los Angeles Lakers***



I wrote most of this before the Luka Doncic trade went down.  How the spacing around AD/Davis would be atrocious, how the Lakers didn't have the assets to get Jakob after they were unwilling to give up whatever it would cost to pry away Walker Kessler, and how they seemed more interested in focusing on the future rather than winning now.  Hell, it recently came out that Poeltl wasn't viewed as a likely trade candidate for L.A. to pursue, and if they're unwilling to deal with the notoriously erratic GM of the Jazz for Walker Kessler then it's hard to see Masai and Bobby being any more generous.  The last deal the Lakers and Raptors had in the works was a 3-teamer back in 2022 fell through over draft compensation and by all accounts L.A. sounds reluctant to sacrifice any post-LeBron, post-AD draft capital.  

....and then they went and got Doncic for pennies on the dollar.

This changes three things.  

First, the Lakers are probably scrambling to find a big man now that they no longer have Davis with domestic abuser Jaxson Hayes and the recently traded Maxi Kleber as centers for them to field.

Secondly, it makes what few draft assets the Lakers have worse.  The Lakers do have the option to swap their 2026 and 2030 picks and conditionally swap their 2028 first but as for outright first rounders, they only have 1 1st left to trade in 2031, where Luka will be 31 and likely still in his prime.  That pick and those swaps are inherently less valuable - or at the very least are less risky - with the post-LeBron Lakers having a perennial MVP candidate.  Yes, Luka has missed plenty of time as a Maverick as a result of injury prior to this and there's the possibility of him either missing enough time that the Lakers miss the playoffs or the eventual retool around Doncic taking time to gel a la the addition of Kyrie in 2023 but those are not possibilities one could nor should bank on.  That year was the exception and he's dragged some truly horrendous teams into the playoffs on his own even despite the missed time and poor roster construction prior to last year's mass overhaul.

Oh and another thing about that sole remaining pick?  Even if we ignore its value being lesser in the Lukars era (No that wasn't a typo), that pick will convey in 6 years.  Masai Ujiri and Bobby Webster's patience is legendary when it comes to negotiations but with draft capital?  The most distant first-round pick they've ever traded for was 3 years into the future when he moved Andrea Bargnani.  Ironically, that was [the pick which became Jakob Poeltl](https://www.sportsnet.ca/basketball/nba/toronto-raptors-trade-masai-ujiri-andrea-bargnani-jakob-poeltl/) but they at least had Jonas Valančiūnas to fill in that center hole.  The 2024/25 Raptors do not have the luxury of simply letting the next man up take that spot even with the massive leaps Ulrich Chomche has made this season.  Beyond the Raptors not being able to wait that long to replace Poeltl's role on the team, it's not as useful an asset to have and thus move in order to make the move to replace Poeltl at this year's deadline, in the offseason, draft night or midseason in 2025/26.

Third, it no longer feels like any suggestion I could make would be as outrageous as trading a 25 year-old Luka for injury-prone 30 year-old Anthony Davis.  So in the spirit of things, let's talk about what sort of lobsided fleece of an offer it would take given that the Lakers are one of the teams that would leave the Raptors without a starting caliber center.

As far as salary matching goes, one of Rui Hachimura or Austin Reaves would have to be on the table (Vincent and Vanderbilt's contracts are unjustifiable to be the ballast given how little the Lakers can truly attach to them).  Reaves has something of a reputation of being a foul baiter but with a career average of 3.3 attempts per game, that narrative doesn't match the reality of the situation and it belies that Austin is one of the better undrafted players to enter the league in recent years.  A solid ballhandler who's been excelling as the lead PG for the Lakers, Reaves is simply a good, starting caliber guard on one of the better contracts in the NBA relative to his production; this year he's averaging 18/4/6 on a respectable 44.9/37.1/84.3.

Rui Hachimura on the other hand is the more ""gettable"" of the two and significantly less exciting.  Similar deal, similar points on the same efficiency but while neither Reaves nor him are outstanding defenders, Rui's defensive lapses as a big man are more of a concern than one's guard not being the strongest on D.  He's also a significantly worse ballhandler and playmaker though in fairness, Hachimura is never asked to be so.  He's a high floor forward who doesn't do anything exceptionally well but can be a decent inclusion in one's rotation.  That said, the Raptors might opt to move him to another team for more draft assets in favor of developing the likes of Johnathan Mogbo.

As far as other assets go, the sole notable young player the Lakers possess is their recent draft pick of Dalton Knecht.  Knecht hasn't had the greatest rookie season after a very hot start, and if one has a problem with Reaves or Hachimura's defense then calling Dalton a pylon is only a slight exaggeration.  He can get a bucket but he's also giving them up on the other end.  

While it's not impossible for him to improve on the D - at 6'6, he has the size to be an impactful defender - he's also on the older side at 23 year olds.  Talent is talent to be sure but Knecht is closer to reaching his ceiling than being raw like sushi.  He's a decent player who'll probably have a long career but as a senior college player it's hard to see them being much better than he currently is.  The player he is comes on a rookie contract and is good sparkplug off the bench or a quasi-starter in a pinch but...yeah, a distant first, one alright starter-caliber wing/guard and and older rookie.  

Maybe a swap could be a surprise in a future year given Luka's had some issues staying on the court in recent seasons and the Lakers roster even with LeBron is incredibly flawed - one could argue they're worse despite the talent upgrade given Davis' role on defense (and it's not like the Lakers are a brick wall on defense as is) - but it's not ideal barring an overpay of Knecht/Reaves and draft capital.  

If that sounds outlandish to you, I would remind you that they got Luka Doncic in a trade we all thought was fake because it sounded fake.  Like ""Shams got hacked"" fake.

Oh and let me stop you before you leave that comment:  Jaxson Hayes isn't an asset, [he's a domestic abuser](https://www.espn.com/nba/story/_/id/34093586/new-orleans-pelicans-jaxson-hayes-sentenced-probation-community-service-following-july-2021-arrest-los-angeles) who should not be in the NBA.  I reject any and all suggestions of him spending a single second as a Toronto Raptor and will not be hearing any arguments to the contrary.

*TL;DR - As a result of the Luka trade, L.A.'s draft assets have become significantly unappealing and won't convey for a long time barring even-year swaps.  It would take an overpay to pry away Poeltl from the Lakers and it seems doubtful they're willing to play ball given prior history.*



***Golden State Warriors***



Snap back to reality.  Yeah we're not doing the overpay thing for any other team but the Lakers.

The Warriors both make a lot of sense as a Poeltl destination and simultaneously are one of the most difficult teams to get a deal done.  

They should be a pretty simple team to make a deal with.  They have control of not only their 1st rounders for all but one year (Their 2030 1st is heavily protected anyway) but they have a young player who they've been unwilling to meet their high asking price for an extension in Johnathan ""Kum Bucket"" Kuminga who could be considered the centerpiece in such a deal.  Kuminga isn't having a breakout season by any means - his playmaking is still underdeveloped and he can get some serious tunnel vision - but he's a great defender and while the efficiency has taken a hit, he is posting career highs across all categories.  17 points, 5 rebounds and 2 assists with 1.5 stocks is nothing to sneeze at even if the 3-point shooting leaves a lot to be desired.

He's also out with injury but I digress.  However one wants to structure the deal, there is a one with the Dubs that can be made.

The problem is matching the money within that structure.

Because of the Klay Thomspon trade and them being in the 1st apron, they can't take back more than they're sending back, and no matter which combination of players one would include, no matter whether it's Kuminga coming back with whatever draft capital one would deem necessary or not, at minimum three players would be required to make the salaries match barring them moving Dennis Schroder (which they [technically can do](https://www.reddit.com/r/nba/comments/1hehmz7/charania_and_sources_also_tell_me_golden_state/) on the 5th) as part of a much larger deal a la Jimmy Butler, Paul George or most recent of all, Kevin Durant.  

Not only is that a problem for a Golden State team that already struggles with depth, it's also a problem for the Raptors who can only currently do a 2:1 without waiving one of the received players or one of their own.  In theory, a player like Gary Payton II or Kevon Looney could be re-routed elsewhere instead of merely waived to potentially increase the return of such a deal but that only further complicates an already difficult affair.

I'm not saying a deal with Golden State is impossible - Vucevic is a name that's frequently come up for the Warriors and he's similarly tricky to match salaries for - but their viability is slightly exaggerated due to how many players they'd need to include to comply with the rules regarding the hard cap and salary matching.  They likely need to get a 3rd team involved in some capacity since it's unlikely they'll move Dennis after all they gave up for him.  If Schroder is aggregated then this becomes a different story but it's hard to see the Warriors so quickly dish out Dennis after they acquired him...although it would be amusing to see him temporarily become a Raptor again before being traded elsewhere.  

One final note:  The Warriors gave up a lottery-protected 1st the year prior (It was part of a trade years ago to dump Iggy on the Grizzlies) to the Blazers  (Later traded to the Wizards) so regardless of the year, it's hard to see Golden State not protecting any 1st round capital they might give up.  How light or heavy one wants to argue they should be, they probably won't be Top 6 given the purported strength of this draft class and the Warriors not even being a play-in team at the moment; it would looks pretty egregious if their FO gave up the pick that became, say, Nolan Traore or Kon Knueppel.

...actually let's come back to this in a few months and see where they end up getting drafted.  It's always fun to see how different the mocks months away look from the actual when all lotto picks are drawn and done.

  
*TL;DR Golden State makes sense on paper but the logistics of such a deal make it unlikely to work as a simple 2 team deal.  Either a 3rd team needs to be involved directly or a Poeltl deal needs to be put into a larger trade like the Jimmy Butler/Paul George/KD trades they're supposedly seeking to pull off.*



***Memphis Grizzlies***



Real talk:  I don't think the Grizzlies make as much sense for a Jakob Poeltl destination as it's often suggested.  No, you're not getting Zach Edey in any deal, yes Zach is part of the reason why they're not so surefire despite his relative inexperience and Jakob being the clear cut superior player for the time being.  

 The other reason they don't make a ton of sense?  Part of why the Grizzlies are so good right now is they're an incredibly deep team despite their youth so it's hard to see them be willing to part with any of their young players.  Turning Jakob Poeltl into GG Jackson sounds like a steal because, well it would be if it were remotely possible.  But it's not and with the way Marcus Smart has been playing, he can be best described as ""the obvious salary filler for this trade or Jimmy Butler if he stops hating Memphis as a destination"".

***The Poeltl Paradox***

This is where we run into the issue with trading Jakob Poeltl that we've avoided up until now:  If you're trading Jakob Poeltl, you either need to make a subsequent trade to get someone in at the 5 or you need to draft someone this year or next at the latest to fill in the gaping 5-shaped hole you just opened up.  

Mogbo is looking like a steal but he's undersized for the position and despite the positive progress Ulrich Chomche has made in the G League, his offense is too raw to really consider him for a backup role right now, much less start.  

It's easy to say we should trade Jakob to fully reset the timeline around Scottie but the reality is that if you're getting a pick from a team like the Grizzlies for Poeltl, you're fishing for a starter-level center in the bottom half of the first round of the draft, potentially the bottom 5 with how solid Memphis is right now and where they could end up in the standings.  And if you're trying to trade that pick for a starting-caliber big man, well it's not exactly an enticing offer to get the 26th pick in the draft...

...and did I mention how terrible Marcus Smart has been?  While there are some other combinations that could work like Brandon Clarke plus Luke Kennard (Luke has a NTC due to him being on a 1-year deal), Smart is the most obvious 1:1 option because his money perfectly matches Poeltl and he's having one of the worst seasons of his career.  His shot selection is just as bad as ever, his defense has taken a step back and he's really struggled to stay on the court; as of this writing, Smart has played 38 games for the Grizzlies over the past 2 seasons.

https://preview.redd.it/t73gpbnnf3he1.png?width=1299&format=png&auto=webp&s=755407b8a1953d6287e39df440d876b9d4602035

In the off-chance Memphis is willing to opt for a player over a pick, there is one candidate that makes sense:  Pending RFA Santi Aldama.  Whether one considers him more of a 4 than a 5, he has played both (Albeit significantly moreso at the 4 than the 5) and he's a capable stretch big regardless of where one wants to place him.  The Grizzilies have a couple key decisions to make in the offseason and whether or not they can afford Aldama may be one of them with Jaren Jackson Jr. looking at a sizeable extension in the offseason, among other potential extensions for players like Jake LaRavia.

Incidentally, this is why the Grizzlies have no issues trading for Jimmy Butler as a rental unlike some other teams:  Getting Clarke and Smart off the books (Both of whom are required to make the salaries balance out for ol' Jimmy Buckets) let's them keep together their core without any risk of flight...which brings me to the other reason I don't think the Grizzlies are ultimately a great suitor for Jakob Poeltl:  His disdain for Tennessee aside, Jimmy Butler as a rental just makes more sense for the Grizzlies as a consolidation trade if they are planning to go all in over Jakob Poeltl...assuming Jimmy doesn't just pull a Vince Carter and tank his in-game performance/bring the entire team down around him.  The Marcus Smart contract looks like an albatross, but it's an albatross for only 1 more season and can be used to match the salary of a star player like Jimmy would be.  

So yeah, the Grizzlies.  Great team, not so great spot for Poeltl since Zach is off the table and it's not clear if Aldama would be either in such a scenario.

  
*TL;DR The Grizzlies could...maybe use a better rebounding 5 but the need isn't urgent with how well Zach Edey has played.  Unless you can snag Santi Aldama as your future stretch big, you're not looking at an easy means of replacing him with what the Grizzlies will give up.*



***Other notes***

* There was a baffling suggestion the other day that the [Celtics might trade Jrue Holiday for Jakob Poeltl](https://www.si.com/nba/celtics/news/celtics-predicted-to-part-ways-with-jrue-holiday-for-78m-star-center-01jj09286qp9).  I'm only bringing this up to mention that the Celtics and Raptors, in their shared 30 years of history, have made 2 trades with each other.  2.  It's not happening and especially not for the ludicrous lowball that was suggested.
* The Magic have..had a lot of centers that could have made them ideal for a 3-team trade but alas, the injury bug has struck many of them including Mo Wagner.  That and Wendell Carter Jr.'s (very late) extension makes him ineligible to be traded until draft night.
* I almost didn't even want to mention the Mavericks but there's been some recent rumblings about [Dereck Lively's availability](https://www.espn.com/nba/insider/story/_/id/43664553/league-reaction-potential-fallout-massive-luka-doncic-anthony-davis-trade).  Given the catastrophic blowback from the Luka Doncic trade, it's hard to see them moving yet another piece from that championship team, not to mention Davis and Poeltl would be an awkward fit.
* I briefly brought up Ayton a few times and while i'm not fully out on him as a rehabilitation project, that's a pretty worrying way to describe someone heading into the final year of their lucrative contract and in need of an extension.  Still, he has been playing better of late and is part of why the Blazers have been doing so well.  Either way, an Ayton-Raptors trade only makes sense as a 3-teamer or as straight up salary relief for the Blazers who are approaching luxury tax territory next season.
* The Pelicans would have warranted a mention if not for the injuries and Yves Missi seeming to be their center of the future.  As of right now...who even knows what that future looks like?

# Conclusion

In case it hasn't been clear, i'm mostly against trading Jakob Poeltl and looking through the trade partners, it's not hard to see why.  Outside of the Hawks, you're risk running into the same issues the team did post-Baynes, pre-Poeltl where you're lacking that big body to grab boards and do the dirty work at the rim.  

This obviously changes if a team is fielding an overpay or it's a 3-team trade where a 3rd team sends a young center in lieu of draft capital that we'd reroute to them but as far as a 1:1 deal with most of the likely suitors?  It's a lot less clean to pull off with the current list of likely suitors."
36,Poll: Let's say the Raptors end up with the 4th overall pick. How much should the Raptors be willing to give up to move to #3? To #2?,"As the title asks.  Currently the Raptors have the best odds of a Top 4 pick, which is roughly a coin flip at 52%.

Let's assume the Raptors worst best-case scenario:  They remain in the Top 4 but are relegated to the 4th pick meaning they are sure to miss out on Cooper Flagg and Dylan Harper.  The 3rd best player is still up for debate between Ace Bailey and Kasparas Jakucionis but let's say for the sake of this exercise that Ace Bailey is 3rd on the Raptors draft board/1st for where they expect to draft.

This could very well be the last draft Masai and co. are around for given Ujiri's contract is set to expire in 2026 so nailing this pick is integral for the team's future.  As such, it is not out of the realm of possibility that the Raptors attempt to trade up in the draft like they did in 2021 to acquire Evan Mobley. 

The biggest difference is there's a greater incentive to nail this one in order to get the rebuild back on target given how late it started vs. where the team was in 2021 i.e. still having Siakam, O.G., etc.  That and whomever they pick will take up a not insignificant portion of the salary cap due to how highly paid the top players in the draft are, and this team is already in the ""over the cap, under the tax"" territory barring some trades.

It's always easier said than done to trade up/down in the draft but every team will have their price to move up/down in this draft (Aside from Cooper Flagg who is currently the consensus #1 overall pick).  If the Raptors were to put together a package to move up a spot or two, what is the most you think the Toronto Raptors should be willing to give up to move to 3rd?  To 2nd?

Note:  This should go without saying but ***this hypothetical is operating under the assumption the 4th overall pick is being traded along with whichever option one is selecting below***.

As a point of reference, a recent trade involving trading up to 3rd was the Mavericks trading up from 5th to 3rd in the 2018 NBA Draft; Dallas gave up a Top 5-protected future 1st and the 5th pick to acquire the draft rights to Luka Doncic.  The Atlanta Hawks drafted Trae Young 5th overall and would use that future 1st on Cam Reddish.

[View Poll](https://www.reddit.com/poll/1i6b6kb)"
37,What is your prediction ? Play-In? Playoffs? Out of play-in ?,"Play-In? Playoffs? Out of play-in ?

After tonight I think we will be only 4 games behind the play-in (assuming Chicago losing tonight)

Chicago is trending down despite losing against them last Friday.

We have the easiest schedule remaining and not even close.  .357 in last 20 games

That is said we have our destiny in our hands. 

But looks like even when trying to lose, we are winning.

The other current play-in team are Heat, Orlando and Hawks . All 3 teams somewhat trending down.

[View Poll](https://www.reddit.com/poll/1j3tu51)"
38,"RAPTORS MEDIA DAY - Monday, Sept. 30","Hey everyone,

I thought I'd start a thread about todays Media Day. I'll take some live notes while the interviews are taking place.

**START TIME**: Stream starts at 9:30am.

**STREAM**: [On the Official Raptors Youtube](https://www.youtube.com/live/3xXIIFcTPmM?si=HOiZSL3YFWx6DzsD). Link thanks to u/Cheechers23

**SCHEDULE** and **LIVE** **NOTES**:

9:30 - **Masai Ujiri**

* Masai says his relationship with Ed Rogers is great and has been the same for ten years. Said all negotiations are tough and he's had some tough ones with his own staff. Said they moved past that immediately. Wanted to clear the air right when the press conference started.
* Bruce Brown was cleared to play at the start of the summer. Summer play was going well, as he started to ramp things up a few weeks ago and his knee flared up. So they all decided surgery was the best coarse, but he was doing well all summer prior to the flair up.
* Ja'Kobe is fine. Just a sprained shoulder and he doesn't think it will effect the start of his rookie year that much.
* He's excited to see how they can develop Ulrich Chomche.
* Talked a few times about IQ and Scottie. He says IQ has been working hard in the offseason and is taking on that leadership role. Masai was really impressed by IQ's offseason work.
* I think Masai said ""win/winning/winner"" 6 or 7 times during his time on the podium.
* Masai comes back to the podium after IQ because he just heard the news about Dikembe Mutombo's death. Masai is in tears because ""he made us who we are, that guys a giant, an incredible person. Who are we without Dikembe Mutombo"". Says you have no idea what he means to the world. Oh man, poor Masai, the love he has for him is immense and you can feel it. ""Today is not a good day for us in sports or in Africa."" He was so proud of the time he spent with him. ""There's nobody like Dikembe Mutombo. nobody!""
* On a personal note... I met Dikembe in an airport one time while travelling in Europe. I was walking through the gift shop, looking for a snack and this 7 foot man walks in. Starts looking around and I knew it was Dikembe. His hands were huge. The thing I noticed was how gentle he was. He saw me looking over and I smiled at him and gave him a silent wave. He smiled back at me and waved. Honestly, it was the sweetest interaction I had with someone like that. Such a beautiful person.

10:00 - **Darko Rajakovic**

* ""We are starting year 1 of our rebuild"". We are trying to build a team that will compete for championships.
* When talking about Gradey, he mentions that with all young players you won't see linear growth, lots of ups and downs are expected, but he expects lots of growth from Gradey.
* First year coaching was a learning curve, biggest thing he learnt is how to manage time and manage so many aspects of the team. Last year was about getting to know each other, especially the coaching staff.
* Building the team. It's like building a house. First you find the land. Then you dig the hole. It takes a lot of time to build the foundation... most people don't see how long the foundation takes to get in place. Long analogy about what it takes to build the team.
* Samson Folk compliments his suit and he very much appreciates that. Is asked about coaching and Darko loves the question because he loves getting into the details of his coaching. Couldn't fully understand what he was talking about, but I assume Samson will speak more about that on his pod.
* Loved RJ's play on the Canadian National Team. Says he also has a lot of pride playing for the Raptors.
* ""Matt Bonner, Sportsnet, and public transit enthusiast"" very funny, love that Matt is back in Toronto for the year.

10:30 - **Scottie Barnes**

* Says he has been working a lot on his communication skills this offseason. He wants to build chemistry with the team and talked about how they want the Raptors to be and what they need to work on. Masai mentioned that Scottie is showing a lot of leadership traits this summer. Says Garrett Temple is a good role model of leadership.
* This year is a process. The main goal this year is to get better. Hopeful to make baby steps and get themselves into the playoffs. (doesn't say directly about that happening this season but implies it.)
* Play wise he has been working on his shot creation the most.
* ""Just continue to make history."" when asked about his role in the accumulating 30 year history of the Raptors franchise. ""Fans are the most important, we want to make it fun for them to watch and make history.""
* About being in Toronto in the summer and how it helped. He said it was super important for him. Being consistent and was happy to be with Chris. Loved being in the city during the summer.
* Accolades are great, ""but it all starts with winning first.""

11:00 - **Immanuel Quickley**

* What is his sense of Darko after last year and a full summer with him. Says his relationship with Darko is much bigger than basketball. Talks about family and mindsets together. Says he's learnt a lot from him in terms of basketball.
* Says that yeah the team might not have as much talent as other teams. They are building and it's no excuse to not go out their and compete and try to win every night.
* Says he liked being overseas for a month in a half (from Africa to Spain). Said he was grateful for the experience. He doesn't take what he has for granted.
* Scottie and IQ took a couple weeks off after the season and then got back to work together.
* ""I take my work very seriously and I enjoy it."" When speaking about his offseason work. Says he was very consistent and loved doing it.
* Most impactful leader during his basketball time. D-Rose was a great teammate and taught him a lot in his first year as a rookie.
* ""Last year we didn't defend as well as we wanted"" That's something we focused on in the summer. The coaches put a big emphasis on it this summer. ""It starts with being in great shape"" because he handles the ball on offence. Wants to get better on defence this year.
* Asked about attacking with the ball. At the Knicks he was known for the floater but maybe not attacking the rim as much. Last season he started attacking the rim more and he wants to continue that this season.

11:30 - **RJ Barrett**

* On Vince's jersey retirement. ""Legend"" His impact on basketball in Canada is huge. Everyone could see this coming. VC inspired the young generation in Canada.
* What he learnt over the summer with the Canadian National Team ""nothing really, I didn't really do anything different."" then he laughs. Talks about the small amount of time off. ""Good part of it is that I stay in shape"" Talked about how much it sucked to lose but was proud to be a part of something that Canada hasn't had in over 20 years.
* Said there was a huge difference between last year and the start of this year. Figuring out the plays on the fly last year. Says having this time in Toronto, over the summer has felt good.
* Wasn't able to really do the workouts he would do in past summers because of the Olympics.
* Any special moments last year with Darko? ""First one is a funny one"" they are in a film session, Darko says good morning. Gradey likes to not get a haircut for awhile. Often leaves it for awhile and looks crazy. Darko asks RJ to get Gradey a barber. ""You're from here, can't you get him a barber?"" Talks about how Darko would message him every day when he was dealing with the ailing health and death of his brother.
* Last question is asked in French.... my french is.... minimal. Sorry

12:00 - **Jakob Poeltl**

* ""Are you ready to talk about defence?"" Jak replies ""Sure"" and laughs. Is asked about the point of attack defence. ""Making them go to their second or third options is the goal in all of those defensive situations""
* Said they had a lot of time together this summer. Learnt more and more about each other.
* He's aware of the situation of the team. We know that we are starting somewhere in the beginning"" but not at zero. We are going to go into every game trying to win. Hopefully the playoffs. Focus is to get better as a team and this is a long term project. Doesn't believe they will sacrifice development over winning. **Thinks a lot of the young guys will get play time.**
* For a team to be fun to be on, it doesn't need to be a championship level team. We have a positive energy and it ""is a project that makes sense for me."" Thinks he can help the team a lot and they can help him. ""I think it's a win win situation.""
* ""They way I've seen Scottie mature the most. Is him knowing his teammates."" He sees things that many players don't. Him getting to know his teammates only helps us.

12:15 - Kelly Olynyk

* This summer was about building chemistry and continuity. Last year they had six games together when all the injuries started taking place. Was happy to spend the time with the guys this summer.
* Says his experience is what while help the young guys. Maybe even accelerate young guys growth.
* Says Vince brought so much energy and excitement to the country. ""He was a walking highlight reel"" and he even broke some barriers of what players could do. Talks about the evolution of the sport in Canada and says ""sky is the limit""
* Lots of the young bigs on the team have reached out to him over the summer asking him how they can get better. He encourages them to reach out to him.
* Thoughts on RJ. ""I think he's continued to grow. He's still 25 years old. Has a lot of room to keep growing and keep getting better."" ""He's playing defence at a higher level than I've ever seen him play""
* ""When you're young, you don't grow up dreaming of being in the NBA, you want to play for the Raptors""

12:45 - Gradey Dick

* What was this summer about? Being consistent on the court, in the weight room and nutrition.
* Samson tells Gradey that he watched everyone of his shots last season. Biggest advice that Garret Temple told him that ""Preparation is key"". Seeing the ball go through the goal definitely helped.
* What does Darko mean to him? Darko would always talk about his hair. He gets along with Darko really well but Darko does not go easy on him. Talks about Darko yelling at him (indicating to get better).
* Doesn't say he has the starter job. Sounds like it's up to his play. Probably will be given the chance. Sounds like Darko is playing hard with him for his best interest.

Alright, that's the best I could do with the notes during the press conferences. I will admit, I missed some points here and there. Some about team Canada and the Olympics I intentionally left out. Hope that helps everyone.

Excited for the season to start!"
39,Theory:  Theres another reason why we traded for ingram besides the obvious,"Masai’s contract ends at the end of 2026, if we remain a bad team by the end of 2026 it will give Ed rogers a reason to out masai from his job. 

Back a couple seasons ago Ed rogers opposed keeping masai around because he didn’t think he was worth it as shown in the article below

https://www.thestar.com/business/edward-rogers-fought-plans-to-keep-raptors-masai-ujiri-but-was-thwarted-by-mlse-head/article_2abb5319-c18e-583b-9924-7da418c9680a.html

Although masai denied these claims as stated by the article below i think this was just a political answer to not create drama
https://globalnews.ca/news/10786223/ujiri-has-great-relationship-with-edward-rogers/amp/


Edit: just a theory….. i love masai, i like the direction  we’re going in, and obviously thats not sole reason if its true to why we traded for ingram"
40,It has been rumored well for a while now but should the Raptors do it?,"Considering the names that have come up a lot in trade talks with the Raptors specifically are Brandon Ingram of the New Orleans Pelicans and Andrew Wiggins of the Golden State Warriors, should the Raptors trade for one of these players? I would definitely say yes they should and here is why: first off it not only would make the Raptors a somewhat better basketball team but it would put them right back into East contention to really tell you the truth. Yeah you would have to give up draft picks sure and probably give up Bruce Brown & Jakob Poeltl but at the end of the day wouldn't it be worth it at least? Especially if MLSE, Masai Ujiri and Bobby Webster are not only trying to put a competitive team out there but then you also don't want to waste the prime years of RJ Barrett, Immanuel Quickley and especially Scottie Barnes who is supposed to be the franchise player."
41,A Speedrunner's Guide to the 2024/25 Season - And Why Tanking Won't Be on the Menu for the Toronto Raptors,"The 2024/25 Toronto Raptors season is going to be an interesting one to watch.

Between a frequently teased rebrand ahead of what will be their 30th season and the team retooling round their now uncontested face of the franchise in Scottie Barnes with both established talent (RJ Barrett, Davion Mitchell and Immanuel Quickley) and rookies looking to prove their own (Ja'Kobe Walter, Branden Carlson, Jamal Shead), the Raptors have a lot of moving parts going in to what will be a historic year for the franchise.

# To Tank, or Not to Tank:  Looking at the Rest of the League

One of the more highly debated topics of late is whether the Raptors should tank in the 2024/25 season, usually in conjunction with trading Jakob Poeltl to make the team worse.

To be sure, adding one of Cooper Flagg, Ace Bailey, Khaman Maluach or even brother of Raptors Legend Ron Harper Jr. in Dylan Harper, among whomever else ends up being a projected top pick in the 2025 draft would be a positive for the team.  Talent is talent and having a cost-controlled rookie with high upside only further raises the ceiling for a team mired in the midst of a rebuild, retool, whatever you want to call the team's current status.

Ignoring that there is no guarantee the Raptors will get a Top 4-5 pick in this draft should they somehow end up with a bottom 4-5 record come season end, that Masai Ujiri-run teams generally avoid tanking to start the season (Trading Rudy Gay and shutting things down in the Tampa Tank that landed Scottie were mid-to-late decisions informed by a bad losing streak for both - and the former ended up making a turning point for the team as the 2013/14 Raptors ended up making the playoffs), or that Masai Ujiri's own contract is coming up for renewal as it expires in 2026 will incentivize him and Bobby Webster to put forward a competitive team that makes the play-in or playoffs outright sooner than anticipated (which should serve to inform why the Raptors went with known talent in the O.G. trade over picks via Quickley and RJ)...the proposition fails to answer a simple question.

Barring another season-ending injury or some other unforeseen turmoil that changes the season early on like a tough opener that leads to an unexpectedly poor record like going 3-12 in the first 15 games, how exactly are the Raptors going to out-tank the bottom feeders in the East?  There's 15 teams in the conference and only 5 of them miss out on the postseason outright, albeit only 8 will make the playoffs outright.  In order words, of the teams who don't appear to be a lock for the playoffs, 4 of them have to make the 7/8 and 9/10 play-in tournament, regardless of their record.

In other words, of the Pistons, Wizards, Hornets, Raptors, Hawks, Bulls and Nets, two of those teams have to make the 9/10 play-in game, regardless of whether they're a 0.500 team or if there's an enormous gap between them as the 9/10 seed and whomever is the 8th seed.  So let's forget whatever Vegas says the odds are for Toronto's over/under and take a brief look at the rest of the bottom half of the Eastern Conference's landscape to see what the Raptors are going up against:

*Detroit Pistons*

* As much as one can criticize the **Detroit Pistons** for overpaying a player who went 0/2 in the 76ers elimination game, acquiring him is a talent upgrade
   * This should speak for itself as to the level of talent of Detroit so don't expect them to be in the running for a play-in spot when the 5th pick in the draft has their name written on it.  They aren't going to be very good though they should be better than the franchise-worst record they ended with
   * Additionally, it worth noting that while LaMelo Ball has been highlighted for his inability to stay on the floor, Cade Cunningham has had similar bouts with his health in trying to stay on the court, most notably with him missing the vast majority of his sophomore season following a rookie season that started slow due to him recovering from a preseason injury to his lower body
   * It is possible one of the Pistons young players like Jalen Duren have a breakout year but expecting all of them to improve is unrealistic given Detroit's recent history with struggling to develop their lottery talent

*Washington Wizards*

* The **Washington Wizards** are still going to be awful, arguably they'll be even worse than they were last year with Kyle Kuzma potentially being on the trade bloc and Tyus Jones return not being guaranteed
   * The latter is important because that means the ball will likely be in Jordan Poole's hands far more than one would like
* The addition of several new rookies like Bub Carrington and Alex Sarr - the latter of whom has been getting...a lot of criticism for his play in Summer League (because he's been really bad) - are similarly unlikely to make a positive impact though both were selected for their long-term upside and not expect to make meaningful contributions to winning basketball in their debut season

*Charlotte Hornets*

* The **Charlotte Hornets** have been good enough to make the play-in as a 9/10 seed in prior seasons when LaMelo has remained healthy...
* ...the problem is both Ball and Mark Williams have been struggling to stay on the court

*Chicago Bulls & Brooklyn Nets*

* I'm wrapping these two up together because their status is similar and straightforward:  Both the **Chicago Bulls** and **Brooklyn Nets** have gotten significantly worse after trading their best players in DeMar DeRozan and Mikal Bridges respectively, and both either barely made or missed out on the play-in's 9/10 matchup in their most recent season
* The Bulls didn't make the playoffs for those who weren't aware, though they did manage to beat the Hawks in the 9/10 matchup and the Nets straight up fell out of the race in the final stretch of the season despite trying to win due to not owning their 2024 pick at the time
   * Chicago in particular is going to be incentivized to tank so as to keep their pick as it's currently owned by the Spurs; it's Top 10 protected for the season and while the protections do get weaker in 2025/26, they're manageable for the 2024/25 season at minimum
   * Additionally, the Nets are open to trading more of their players like Cameron Johnson and thus could very easily become worse than they're already expect to be
      * An aside but I think there's a good argument that the Nets will be the absolute worst team in the league next year even if they do hold on to valuable roleplayers like Dorian Finney-Smith or the questionably available (due to injury, not in terms of if he's on the trade bloc) Cameron Johnson.  Anyone who watched the Raptors last year should be able to attest that a team where Dennis Schroder is leading your team in shot attempts is probably going to lose those games where he's the leader in attempts

*Atlanta Hawks*

* The **Atlanta Hawks** have been consistently in the running for the play-in in 3 years straight and are returning mostly the same core along with newly acquired 3 and D wing/1st overall pick in Zachary Risacher
   * While the fit was not ideal, losing Dejounte Murray for Dyson Daniels is a straight up talent downgrade; part of the reason the Hawks were in the play-in running this year was because Murray was able to keep them afloat while Trae Young was out due to injury.  It is hard to see new additions like Zachary Risacher or 3rd year Dyson Daniels making a similar impact
   * It's worth mentioning that Clint Capela has been in severe decline despite what the statline shows, and with the team's apparent apprehension to start Onyeka Okongwu as the team's starting center, it's an open question as to how their defense will hold up with Clint being the presumed starter at the 5.
   * At the same time, it is also worth noting that the Hawks are reportedly ""not done making moves"" and with the two firsts they acquired from the Murray trade and tradeable (Note:  I said tradeable, not good) contracts in De'Andre Hunter and Clint Capela, it is not out of the realm of possibility for Atlanta to put together a more well-rounded roster - and given they have no pick control barring a Nets-like trade with the Spurs to get their picks back, they have zero incentive to be bad for a top pick

This is without us even mentioning the Western Conference.  While there's likely to be a bloodbath with teams vying for a spot that, should they not make the playoffs as the 7th/8th seed, teams like the Portland Trail Blazers are likely to be near the bottom of the conference with a similar sub-30 win record to the Wizards or Pistons and while the San Antonio Spurs have a generational talent in Victor Wembanyama, that's all they really have going for them at the moment aside from an ancient Chris Paul - and it's not like they won more games with Wemby than they did the prior season.  The Utah Jazz are similarly poised to potentially post a poor record in this race to the bottom should a trade for Lauri Markkanen come to fruition or they shut him down due to an injury (It's worth noting Lauri hasn't played 70 games in a season at any point in his career and he's only played more than 60 games 3 times).

Additionally, there's always a ""lottery wildcard"", that one team that should be in the playoff picture but underperforms relative to expectations due to injuries, an impactful suspension, chemistry issues, etc.

* In 2021/22 that was the Kawhi-less Clippers going out in the play-in (That lottery pick went to the Thunder who selected Jalen Williams, for the record)
* In 2022/23 that would be the Mavericks whose midseason acquisition backfired and the team ultimately intentionally lost the last game of their season to keep their pick (albeit it lead to them getting 10th in the draft and that led to them trading down to dump Davis Bertans contract while also acquiring the impactful rookie Dereck Lively).
* In 2023/24, that was the Grizzlies losing Ja twice, once to stupid brandishing of a firearm pre-season leading to a heavy suspension and once to a season-ending injury that simultaneously finished off the team's chance at a play-in run (They did end up with the 9th pick and selected Zach Edey whose impact on the team is TBD).

Who will be that wildcard in 2024/25?  Who knows!  While it's possible it's the Raptors this year due to an untimely injury a la the 76ers in 2023/24 who wound up underperforming due to Joel Embiid being injured for a prolonged period of time, if the Raptors are healthy, it is very hard to see a world where Toronto isn't in the play-in race along with the Atlanta Hawks for the 9/10 matchup simply due to how bad the rest of the East is. While it is possible the Hornets do eke out a slightly better record if Ball manages to stay healthy alongside Mark Williams and sophomore Brandon Miller, if that is not the case, and Raptors both make the play-in but fail to make the postseason overall, then it is equally hard to not see the Raptors in a similar spot in the 2025 NBA lottery as the Hawks or Bulls were in 2024 i.e. somewhere in the latter half of the lottery from 8 onwards...

...and that's fine, I guess?  At least for where the team currently is.  Talent is important and the Raptors would obviously be better off with Cooper Flagg than without but the best-case scenario for them is a 14% chance of getting him, Bailey or whomever you pin as Scottie's co-star of the future.

Moreover, the Raptors being in a situation where they have those odds being described as ""the best-case"" belies the fact that something has to have gone horribly wrong for them to have those odds in the first place i.e. Scottie having two seasons with injuries bad enough to take him out for a lengthy period of time or several players having a career year in the worst way possible.

That's not to say the Raptors are set up for some future dynasty with a young core at nearly every position a la the OKC Thunder.  This team's roster does still have some major holes.  It's lacking in wing depth, the center rotation is up in the air as the presumed backups are both on two-way contracts (assuming Christian Koloko isn't cleared or doesn't sign with the Raptors, both of which are not out of the realm of possibility) and the number of rookies on the team does make it likely the bench is unlikely to see some serious contributions for the NBA debut of many of Toronto's youngest players - Ja'Kobe Walter is 19 and will be 19 until September, Ulrich Chomche is one of, if not, the youngest player in the NBA, etc. - but that's part of how rebuilding/retooling a team works.

It takes time, talent and some luck in either hitting on a trade or two, not to mention on one's prospects developing, and making the play-in should be seen as part of that all-important development factor.  Sure, it's not the same as playoff experience but it is a similar environment and it shouldn't be seen as negatively when there isn't much of an alternative.  Just look at the timeline of the Raptors from the first season without Chris Bosh until 2018 where they were seen as contenders:

|Season|Major Moves & Notable Accomplishments|Record & Results in the Postseason|Draft Results/Selections|
|:-|:-|:-|:-|
|2010/11|Sign and traded Chris Bosh in the offseason and got their pick back, a Miami first they traded for James Johnson and a giant expectation that Brian Colangelo wasted|22/60 (3rd worst in the NBA)|Dropped from 3rd to 5th, drafted Jonas Valančiūnas|
|2011/12|Lockout season; signed Dwane Casey to be their head coach; the team was mostly the same as last year and they made very few moves after the draft aside from adding former All-Star Jamaal Magloire|23/43 (Tied for 7th worst record in the NBA)|8th pick (^(Lost a coin flip with the Warriors who got 7th)) and drafted Terence Ross|
|2012/13|Traded for Kyle Lowry in the 2012 offseason, Rudy Gay midway thru the season|34-48 (12th worst record in the NBA)|Tried to trade for Giannis but failed to after trading this year's pick to acquire Lowry; they did not own a 1st in this year's draft|
|2013/14|Signed Masai Ujiri to become the general manager for the Toronto Raptors in the 2013 offseason; offseason also involved the infamous Bargnani Knicks pick; traded Rudy Gay midseason for, among other players, Greivis Vásquez who would become the start of a currently ongoing trade tree; Gay's trade would mark a turnaround for the team as they would end up finishing the season strong|48-34 (3rd in the East); lost in 7 to the Nets|Ended up 20th where they infamously selected Bruno Caboclo|
|2014/15|For the team's 20th anniversary, the team overall didn't make many moves during the season but they did give Vince Carter a tribute in honor of the occasion; after a first-round exit they made the aforementioned Vásquez trade that eventually became RJ Barrett, Immanuel Quickley and, most recently, Johnathan Mogbo after several future trades|49-33 (4th in the East); lost in 4 games to the Wizards|Once again ended up at 20 where they selected Delon Wright; traded Greivis Vásquez for the 2nd rounder that was Norman Powell in this draft and a future Clippers first in 2017|
|2015/16|First time the Raptors had 2 All-Stars in a single season since Antonio Davis and Vince Carter back in 2001, a streak that would continue until 2020/21 where no player was selected for the All-Star Game; this was the year they infamously signed DeMarre Carroll who they would end up dumping him with their 2018 1st and several seconds|56-26 (2nd in the East); won in 7 against the Pacers in the 1st round, won in 7 against the Heat in the 2nd round, lost in 6 during their first ever Conference Finals to LeBron James|The pick from the Bargnani trade conveyed at 9; the Raptors made 2 first round selections with Jakob Poeltl at 9 and Pascal Siakam at 27, with Fred VanVleet signing in free agency as an undrafted free agent|
|2016/17|Midway through the season after a lengthy losing streak, the Toronto Raptors would make a trade to acquire Serge Ibaka from the Magic for Terence Ross & a future first; their G League affiliate won the G-League championship & Siakam was named Finals MVP|51-31 (3rd in the East though their record was tied with the Cavs); won in 6 against the Bucks in the 1st round, swept by the Cavaliers|The 1st from the Vásquez trade conveyed at 23rd; the Raptors didn't own their pick due to the Ibaka trade but they used this pick to select O.G. Anunoby|
|2017/18|Franchise-high win record with 59 wins; the Raptors were seen as true contenders due to LeBron James having the worst constructed Cavaliers team during his second tenure|59-33 (1st in the East)|The pick from the Carroll salary dump conveyed and no 1st round selection was made; we all know what happened next|

This is far from a definitive summation that ignores the nuance and general improvements from both the starters and bench over this time period - and it does overlook some of the other, less notable mistakes made along the way - but it should serve to illustrate that whatever you want to call what the Raptors are doing now, becoming a regular playoff team, let alone a contender, takes a long time.

# What about Jakob Poeltl?

Like I said earlier, part of the ""tank/no tank"" discussion has been centered around Jakob Poeltl and whether the Raptors should trade him.  The Raptors themselves have, per Lewenberg, [explored trading him but haven't progressed far](https://www.tsn.ca/nba/video/~2952391) on any talks about him, and it's up in the air if Poeltl is particularly happy being on a team that is probably not going to make the playoffs outright as a Top 6 team.

This really should be given its own deeper dive but to keep the focus on expectations for the 2023/24 season and the Raptors in particular, i'll say this:  While Poeltl absolutely shouldn't be treated as untouchable and while his long-term fit with Scottie is questionable due to his lack of range, his absence is not going to be the difference maker in getting into getting some of the best odds of a Top 4 pick in what may be a historic draft on a team that's likely to be sub-0.500 with or without him.

The Raptors were bad without Poeltl last season but the constant regurgitation of the with/out record ignores that they were also without Scottie Barnes during that same stretch, not to mention both RJ Barrett and Immanuel Quickley were out due to their own respective family tragedies, not to mention RJ was dealing with an knee issue and playing through it at one point.  Poeltl certainly makes the Raptors better, he's a good player and that's what they do, but by how much is not as clear cut as looking at their win/loss record with/out him.

If you're trading Jakob Poeltl, it should be because you got a stupid good offer from a desperate team rather than hoping for slightly improved lottery odds.  Anyone who's seen the Pistons drop down in back-to-back-to-back drafts to 5th can tell you that that the NBA lottery is aptly named:  Sometimes you win it big (Getting number 1 in 2021's lottery and drafting Cade) and sometimes you drop from where you were expected to go in 3 consecutive drafts.

There are no guarantees in the lottery, something the Raptors should be keenly familiar with given they lost out on their own pick in this year's draft due to bad lottery luck while simultaneously jumping up from 7th to 4th in 2021 to draft Scottie Barnes.  Just as the draft itself is a crapshoot, so too is the lottery that determines who gets to draft where.

Hell, if we want to extend this out to look at the Raptors general history with the lottery, they've dropped down far more than they've jumped up.  In terms of major leaps i.e. jumping up more than 1 spot, getting 1st overall in 2006 while having the 5th best odds and 4th overall in 2021 with the 7th represent the exception rather than the rule.

[They stayed put in 2012 and 2013, for those wondering; from 2014-2021 they weren't in the lottery aside from the pick that became Jakob Poeltl; that pick stayed put at 9.  Also worth mentioning their first draft pick was the result of a coin flip for 6th that they lost to the Vancouver Grizzlies.  Also also this graphic messed up the pre-lotto\/results for 2006; they had the 5th best odds and jumped up to 1st from 5th to take Andrea Bargnani.](https://preview.redd.it/ljy9nrh59led1.png?width=1407&format=png&auto=webp&s=99230ab0f13d52d2ea7cc1597d14d71e38b01e3e)

There's also the fact that getting a good pick in the lottery is not a guarantee that the player selected will develop into an impactful player, let alone an All-Star/All-NBA caliber franchise piece.  To be clear, Jakob is not the latter but for all his faults, Jakob Poeltl is a known talent and while his status a ""Top 10 center"" in the league like Masai claimed when making that foolish trade for him instead of blowing up the team at 2023's deadline is debatable, he's valuable for what he brings as a defender, interior presence, screener, pick and roll recipient and an underrated passing big man who's on a perfectly reasonable contract.

He's far from untouchable - if the Knicks offer, like, Mitchell Robinson, 2 firsts and a swap then you take that deal because it's a ""too stupid to not take that deal"" offer (For the record, I don't think this offer would be on the table if we're being realistic) - but he's also not someone you just trade for the sake of making your team worse in his absence for the sake of what can be best described as minimal gain in this year's lottery.

# On Expansion

I feel like it's oft unmentioned that expansion is on the horizon, mostly due to the ongoing media rights negotiation and the recent drama regarding said rights and the opportunity to match any current deals (TL;DR the new TV deal is a mess)...but it's coming and expansion will impact *every* team.  Some of them will be affected more than others - the Timberwolves will likely be moving into the Eastern Conference due to how far they have to travel right now to face off against Western Conference teams - but every team is going to be affected by this.

How will this affect the Raptors?  Well, we're not sure yet beyond the usual ""protect 8, everyone else is up for grabs"" that comes with NBA expansion i.e. one of the Raptors current players could be taken in an expansion draft (One would assume the Raptors would protect their 4 starters from the last season, Ja'Kobe, Dick and Shead; the 8th player is up in the air and i'm not clear on whether Davion could be protected if he's not extended as he'd be a restricted free agent).

What can be said is that, once the dust settles on the media rights, the NBA is rumored to shift its focus on adding two new teams, and beyond the expansion draft, there's the inaugural draft which said teams will be a part of.  Whether or not this will be in 2025 or 2026, consider this a sort of refresher on how these new teams could affect the Raptors standing in the draft should these new teams (or if the Seattle Supersonics return, the old and new) wind up.

The NBA has a pretty lengthy history of expansion, be it brand new teams like the Bulls being introduced in 1966 or through existing teams via the merger of the ABA back in the 70s, with the league most recently adding the Charlotte Bobcats in 2004 to bring the number of teams in both conferences to an even 15 for each.

As far as it relates to the draft, the Top 3 (now Top 4) have not been affected in previous expansions of the league but the teams below that threshold are...a different story.  To keep this simple, let's quickly look at the two most recent times the NBA expanded:  The aforementioned Bobcats in 2004, and the Canadian expansion draft that saw the Toronto Raptors and the Vancouver Grizzlies introduced to the NBA.

2004 - NBA adds the Charlotte Bobcats Bobcats are given the 4th pick in the NBA Draft

* The team(s) that would have drafted 4th-15th dropped one slot from their post-lottery position
* The Bobcats traded up to draft the 2004/05 Rookie of the Year Emeka Okafor 2nd overall

1995 - NBA adds the Toronto Raptors & Vancouver Grizzlies; the two teams flip a coin for the 6th pick & the Grizzlies won 6th

* The Grizzlies drafted All-Rookie 2nd Team Bryant Reeves 6th overall
* The Raptors drafted 1995/96 Rookie of the Year and ""man who led an expansion team to delivering the 96 Bulls one of their 10 losses"" Damon ""Mighty Mouse"" Stoudamire 7th overall
* The team that would have drafted 6th pre-expansion wound up 8th as a result of these two new teams

This is a vast oversimplification of the expansion process since those Canadian teams had a number of franchise-altering stipulations related to the draft such as not being able to win the 1st overall pick (^(For reference:  The Raptors) *^(technically)* ^(won the 1996 lottery.  This would have let them draft Allen Iverson but due to those agreements, they were not able to retain said pick; they ended up with the 2nd overall pick and the Philadelphia 76ers were given the 1st overall pick)) but to keep this as simple as possible:  **If the league does expand next year and those expansion teams are in the 2025 draft, the Raptors could drop down 2 spots from where they'll end up pre/post lottery draws - and this is before one factors in a team below them jumping up in the standings**.

Obviously, if the Raptors end up in the Top 4 or if the new teams are placed after the Raptors and Toronto doesn't end up moving down/if the Raptors move down but not lower than where the expansion teams end up (It's complicated) then none of this matters but the addition of expansion teams can lead to some very wonky results in the lottery depending on ""where"" those expansion teams are assigned their pick in the NBA Draft - and if the league decides that the heavily speculated Supersonics and Las Vegas teams or whichever curveball city gets a team are eligible for a chance at drafting Cooper Flagg/Ace Bailey than this gets even more complicated but that scenario is largely unprecedented as far as expansion teams in the draft are concerned.

Since the league is adding 2 teams, we'll look at the Canada expansion in 1995 for a bit of precedent, along with the 2004 draft with the Bobcats due to more significant movement in the lottery results vs. the records of the teams in said lottery.

In the 1995 NBA lottery, the teams selecting from 8-13 had their picks announced without any movement from their pre-draft position.  During the lottery, then-commissioner of the NBA David Stern announced that the Toronto Raptors and Vancouver Grizzlies would be selecting 6th and 7th, however the order would be determined at a later time.

https://preview.redd.it/tv1zvo1e9led1.png?width=1087&format=png&auto=webp&s=68325be9f42262ad9282baaaaf76d0911b99dfb5

The rest of the lottery draw proceeded, with the Golden State Warriors jumping from 5th to 1st, the Philadelphia 76ers jumping up to 3rd from 4th and the Clippers, Bullets (Later renamed the Wizards) and Timberwolves dropping to 2nd, 4th and 5th respectively.

It is worth noting that there a couple of differences between the lottery then and now.  In addition to flattened odds, the NBA now selects the Top 4 picks in the NBA lottery via lottery balls as opposed to just 3 like they did in 1995.  However, there are some observations that we can make from all of this.  While none of the teams below the Raptors/Grizzlies moved up, if one of them did so then whichever team below them would have dropped would be bumped down to 8th.

This actually happened in 2004 where the teams with the worst 4 records in the NBA that season were the Magic, the Bulls, the Wizards and the Clippers.  The expansion Charlotte Bobcats were given the 4th overall pick.  The Wizards and Bulls dropped from their pre-lottery positions; the Bulls went down from 2nd to 3rd and the Wizards dropped to 5th, below the Bobcats despite having the 3rd worst overall record.

With the flattened lottery odds, a scenario this is more likely to happen than ever before; we saw similarly unlikely outcomes in this year's draft where the Atlanta Hawks and Brooklyn Nets (whose pick ended up going to the Rockets as a result of the James Harden trade) jumped up to 1st and 3rd respectively despite having the 9th and 10th best odds of a Top 4 pick in the lottery.  Even the Spurs saw a slight jump up to 4th from 5th overall.

All of this is to say that the 2025 NBA lottery could make for a very wacky outcome if the Raptors do wind up in the lottery once more, depending on where the NBA decides to place these new teams' picks.

Let's use the below scenario to illustrate this, assuming that the new expansion teams will be given the 5th and 6th pick:

* August 2024:  The NBA announces two new expansion teams:  The Seattle Supersonic and the Montreal Muskox
* April 2025:  The Raptors have another poor season and end up with the 6th worst record in the league once more
* As a result of this, the Raptors have the 6th best overall odds in the lottery
* Lottery Day:  The NBA lottery results are in and **3 teams below the Toronto Raptors** jump in to the Top 4
   * As a result of this, the Raptors should drop to 9th overall in a normal draft, however...
   * The league also announces in the middle of the draft that the Supersonics/Muskox will be assigned the 5th/6th pick in the 2025 NBA Draft; the two teams will partake in a coinflip for the 5th pick at a later date
   * As a result, all the teams that did not jump in to the Top 4 will be arranged from worst to best W/L record starting with the 7th overall pick
      * This means that the Raptors will have the 11th pick out of the 16 lottery picks in the 2025 NBA Draft despite having the 6th worst record

If we want to get technical, we would find out that the Raptors dropped to 11th/three teams jumped up in real-time on the day of the lottery i.e. before we find out where the two expansion teams end up, and there would be 16 teams in the lottery as opposed to 14.  Still, the end result is the same:  The Raptors would end up with a lower pick overall as a result of bad lottery luck and the slotting of two new NBA teams.

Now the above is a very unlikely scenario but stranger things have happened in the NBA.  Besides the risk of expanding into the Canadian economy, part of the reason the Raptors and Grizzlies faced several lottery-related restrictions were due to the Orlando Magic, then a new franchise, winning back-to-back #1 overall picks in consecutive drafts, with the 2nd year being one of the lowest overall chances for a team to win the 1st overall pick being amongst the lowest percentages a team has ever won the top pick in NBA history.  This made them a far better team more quickly than anticipated, and it wasn't long before the Magic made their way to their first ever Finals in 1995 against the Houston Rockets.

All of this is to say that this year's draft could have more reason for excitement - and dread - depending on where the lottery balls end up should the Raptors wind up in it once more."
42,"A Speedrunner's Guide to the Raptors 2025 NBA Trade Deadline: Part 4:  Buy, Buy, Buy...Why?","Part 3:  [https://www.reddit.com/r/torontoraptors/comments/1iabnle/a\_speedrunners\_guide\_to\_the\_raptors\_2025\_nba/](https://www.reddit.com/r/torontoraptors/comments/1iabnle/a_speedrunners_guide_to_the_raptors_2025_nba/)

Part 2: [https://www.reddit.com/r/torontoraptors/comments/1i3zw1h/a\_speedrunners\_guide\_to\_the\_raptors\_2025\_nba/](https://www.reddit.com/r/torontoraptors/comments/1i3zw1h/a_speedrunners_guide_to_the_raptors_2025_nba/)

Part 1:  [https://www.reddit.com/r/torontoraptors/comments/1hypai4/a\_speedrunners\_guide\_to\_the\_raptors\_2025\_nba/](https://www.reddit.com/r/torontoraptors/comments/1hypai4/a_speedrunners_guide_to_the_raptors_2025_nba/)

Alright i'm just going to get this out of the way:  I was planning on doing a ""Should the Raptors buy"" post ***but*** I was not expecting to do so this soon, and only for one of the players that we'll talk about here.

Part of that is just the timing.  The Raptors recent hot streak - 1st in defensive rating over the past 7 games, winning 7 of their past 8 games, their first 5-game win-streak since Siakam and Fred were on the team - coupled with the context of an easy schedule for the remainder of this horrendous month (not for basketball reasons but that' a story for another day) makes buying look incredibly short-sighted.

Couple that with teams like the Utah Jazz and Brooklyn Nets being so insultingly blatant with their tanking and being rewarded for it with a jump to their current standings while the Raptors dropped from Top 3 odds to tying for 6 (Now tied for 5th after losing to the Bulls) is far from ideal for a team that is already rather expensive for a first year of a rebuild.  Sure, adding in that Top 3-6 talent will add to the cost in its own way but it raises the long-term ceiling of the team far more than anyone the team would be capable of adding via its current assets.

Injury has already robbed the Raptors of the ability to evaluate Quickley and Barnes fit with one another over much of the 1st year of IQ's contract, which in of itself is perceived of as an overpay, so coming out of the season with uncertainty around the core of BBQ Dick - not knowing who fits and who doesn't, which lineups are more effective than others in starting/bench lineups - along with mediocre lottery odds sort of sours the recent wins.  Progress is progress, there's a lot to like about what's been shown by the young core the past few games, but the wins overall won't help with addressing this team's biggest issue:  Talent.

Whether you're for or against the tank, I feel like everyone can agree that this team does need a talent upgrade.  Is it too soon to be making a trade to buy said talent?  You could say so, but the same could be said when the Raptors traded a future first for Kyle Lowry when the 2012 season ended with a 23-48 record.  After all, that first could have been Giannis and we all know how deadset Masai was on trying to get the unknown that was this skinny kid from Greece after acquiring Lowry in the prior season.

In contrast to the mystery box that was a future MVP and Defensive Player of the Year, Lowry was a known talent:  Excellent shooter, a bulldog of a defender and would eventually go on to become a future All-NBA recipient, not to mention a core part of the sole championship roster's run to the Finals.  That dichotomy of the known vs. the unknown is what encapsulates the difficulty in teambuilding.  Both teams attribute these decisions to their recent championships but neither was guaranteed to pan out.  The point is that both were integral to the ultimate goal:  Win.  A.  Championship.

https://reddit.com/link/1iezqze/video/f5fdx3gbqgge1/player

The ""play-in for what"" quote from Masai Ujiri is often repeated fully divorced from its original context but to summarize, it was less giving a subtle wink to the team tanking late into the season and more of a remark about teambuilding:  Nobody cared that the team won a championship 2 years ago because that core had largely dissolved and wasn't the same lethal force in the 2021 season.

They were 0.500 until the All-Star break before rattling off a 9-game losing streak capped off by a double digit loss to the Rockets.  That team going for the play-in didn't make sense because they weren't a serious contender.   They simply weren't talented enough.

Their record wasn't the result of a slew of injuries like this year's Pelicans team, they weren't dealing with a super tough schedule to start the year like the Raptors were this year, it was just a former championship roster that lost too many pieces and had too many players succumb to age to truly contend with the forces in the East, let alone rattle off 4 wins against whichever behemoth came out of the Western Conference.

Going through the play-in - and there was never a guarantee that they would be the team to make it out as the 8th seed if they were in the 8 thru 10 mix - wasn't going to prove anything to anyone that mattered.  They weren't a championship-caliber roster anymore after losing Kawhi, Ibaka and Gasol in consecutive offseason, not to mention Lowry declining albeit still managing to be productive, irrespective of the seasons the latter two had during this very same season.

Like Masai said, his job was **to prepare the team to be in a state where** **they could win a championship**.  To win a championship, you need talent, and going through the play-in isn't going to do that.  Whatever argument one could make about playoff experience, there wasn't anyone on the roster that the pseudo-playoff experience of the play-in would benefit aside from maybe Malachi Flynn.

Sometimes that preparation involves building through the draft like getting Scottie Barnes 4th overall. Irrespective of the discussion about whether he's a legit #1, 1A to another player's 1B or 2nd option, Barnes was a hit in the draft, a clear-cut All-Star caliber player with All-NBA upside.  That's a huge step in getting the team back on track to a playoff team.

Sometimes, that's through a trade like getting Marc Gasol for Jonas Valančiūnas.  Or the aforementioned Lowry trade.  Or the risky swing that was the Kawhi trade.  But in order to get to the stage where you have that championship window opened up by making that aforementioned swing, you have to start accumulating talent and assets somewhere.

Building through trades and the draft have their share of risks such as draft picks busting/missing out on a future All-Star or quality player.  Malachi Flynn was acquired through the draft ahead of Desmond Bane and Tre Jones in 2020, while the Norm Powell trade that happened during the ""Tampa Tank"" was a lose/lose for the Blazers and Raptors given Norman may be looking at an All-Star appearance for the Clippers this year. 

Hell, sometimes the two risks coincide in spectacular backfires like the infamous Jermaine O'Neal trade where the Raptors drafted future All-Star/All-Defensive 2nd Team Roy Hibbert before trading him to the Pacers.

On that note, there is something to be said about the front office acknowledging this while trading 2 firsts in 2 consecutive drafts when adding in Walker Kessler or Andrew Nembhard in 2022 and Kel'el Ware, Jared McCain or Matas Buzelis in 2024 would have benefitted the eventual retooling around Scottie once it became clear Barnes was a hit in the draft (One wonders how much of his development in regards to scoring mentality would have changed if he was prioritized as ""The Guy"" earlier in his career as opposed to playing a tertiary role to Siakam and VanVleet in his first two seasons)

The TL;DR is this:  Yes, even a rebuilding team sometimes needs to buy, to acquire known talent while building through the draft.  The Raptors did that on a smaller scale last year by trading the ""worst of firsts"" in a weak draft for a former lottery pick in Ochai Agbaji and they got Kelly Olynyk in the deal too.  The latter has had their share of struggles on defense and injuries have limited their playtime this season but in general it gave the Raptors a sort of trial to see how Scottie would look next to a floor-spacing big man.  

Meanwhile, Ochai looks like a real rotational piece and a remarkably consistent 3 & D wing after a rough start from the year prior.  Not a bad move when you consider all it cost was the mystery box of a historically derided draft (That pick became Isaiah Collier for those wondering.  It's been a mixed bad for him in Utah after missing out on a handful of games due to injury), and the likelihood of Kelly Olynyk being dealt ahead of or at the trade deadline will ultimately lessen the actual cost of what Toronto gave up to get them both.

Now just because a given move with buying low paying off doesn't mean you go all-in with a high-risk move and sacrifice the opportunity to add a generational, if not, high-upside talent in a draft like the 2025 class is shaping up to be (Which incidentally, a better pick means a better asset to use in the event of such a trade to speed up a ""behind the other young cores"" team arising).  But with the Raptors not being a free agent destination and the plethora of expiring contracts, this deadline presents a particularly unique opportunity to turn those dead contracts into a talent upgrade.

Let's see who could be one of those potential targets, shall we?

# Brandon Ingram

Yes Ingram is injured and that helps the tank this year.  Now that we got that (debatably in poor taste) consideration out of the way, let's talk about why buying BI would or would not make sense.

The cost of attaining Ingram should be low.  We'll get into why specifically that is when we get to some of the reasons to go against an Ingram trade because it may come into play with exploring even the most basic structure for such a deal but relative to the talent that Brandon has as a borderline All-Star (Yes he made it once a few years ago, that's besides the point), he shouldn't be as costly as it would be to normally acquire a player of his talent level.

Ingram has garnered some comparisons to Siakam as a ballhandling forward with playmaking chops and a propensity for self-creation inside the arc but it would be disingenuous to call the younger Brandon Ingram a ""Temu Pascal"".

For one, BI is a capable 3-point shooter.  It's not a shot he goes to that often (We'll get to that) but after reworking his shot early into his career, Brandon has become a solid shooter from outside, hitting 37% of his 3s with around 5 3s launched per game, not counting his most recent season - which is in line with his previous averages.

Moreover, his catch & shoot 3s have remained pretty respectable.  Again we'll get into his shot diet in a moment but as far as what he can do off-ball, Brandon is more than capable of hitting from outside the arc, averaging 40% on catch & shoot 3s ever since his MIP campaign season:

|Season|Catch & Shoot %|
|:-|:-|
|2023/24|36.9%|
|2022/23|41.7%|
|2021/22|36.3%|
|2020/21|43.2%|
|2019/20|42%|

Once again, the sample size for this year is limited but for what data we do have, Ingram is shooting [a touch under 41%](https://www.nba.com/stats/players/catch-shoot?CF=PLAYER_NAME*E*Brandon%20ingram&Season=2024-25&SeasonType=Regular%20Season) on about 4 C+S attempts.  All of this is to say that for a team like Toronto?  His outside shooting would be a great addition to the team on paper.

The Raptors were 21st in 3-point attempts last year...which is a slightly misleading statistic since that team has a radically different makeup than the current one i.e. O.G. Anunoby was on the team for a good chunk of last season.  So where do the 2024/25 Raptors rank in 3-point attempts as a team?

Second to last.  That can change but right now [they're not shooting much from outside](https://www.teamrankings.com/nba/stat/three-pointers-attempted-per-game) and they're not making a ton of the ones being shot.

Now, low 3-point attempts don't necessarily correlate with team success.  The Nuggets were a decidedly below average shooting team the same year they won the championship team.  Granted, the quality of the 3s they were taking was high - they're near the top in makes this season despite being at the bottom in attempts - but I digress.

The issue with adding Ingram is that while he's perfectly capable of shooting the 3, that's not where he prefers to operate.  The one area where the Pascal comparisons are apt is when talking shot diet:  Ingram loves to operate in the midrange, to the point where he will often pass up decent looks from 3 in favor of a midrange jumper.  He's not bad at making his shots from there - he's consistently one of the better operators in that space - but considering it's an area Scottie likes to work in, the fit between the two is reliant on Ingram changing up his shot diet a la RJ Barrett when he came to the Raptors.  Put another way, for as good as he is as a midrange operator, you would like to see him convert those longer 2s into 3s given the aforementioned efficiency from outside he's capable of.

Speaking of RJ...look we've all seen the rumors, so it bears asking:  Is the plan to move RJ Barrett for Ingram before you have to extend RJ?  Because ignoring the salary for Ingram's next contract (which we will get to), a core 4 of where RJ and BI are sharing the floor in a starting lineup is concerning as far as spacing is concerned.  RJ isn't a slouch when it comes to shooting 3s but he's cooled off from last year's hot streak to around 35% for this season so far and while his catch and shoot 3s look better (Especially when only looking at home games), it's not a shot he's expected to feature heavily.

I get that RJ has his flaws on both ends on the floor and that, similar count stats aside, Ingram is more dynamic offensively (As the kids would say, Brandon has ""a bag"") in getting to his spots,\] and that there is some uncertainty as to what it will cost to keep RJ around who is putting up similar numbers this season to Brandon Ingram has over roughly 20 games...but it's not as if the 24 year-old Barrett is a finished project whereas - while the shot diet might evolve in a new role - Ingram is a decidedly more finished product.  At 27 years old, he's on the cusp of that ""too old for the timeline"" that was among the many reasons the Raptors traded for Pascal Siakam.

On that subject, Brandon Ingram is not an otherworldly defender.  I hesitate to call him a one-way scoring wing but while there has been a lot of defensive improvement from him over the past two seasons he's closer to average than above average for a wing with a 7'3 wingspan and a standing reach over 9 feet.

...alright we've put it off long enough, let's talk money.

Part of the reason why Ingram's price tag is expected to be low is because Ingram is an expiring contract for a player oft-riddled with injury - he has played 60+ games over the past 5 seasons but it's inconsistent year-by-year - and thus will need to be re-signed.  This upcoming free agency class is going to be interesting to see how the most recent CBA will affect the contracts given out relative to the talent that will be available, assuming players like LeBron and Mr. Buckets pick up their player options while the Flat Earther declines his.

In this environment, Ingram is in the Top 3 for free agents and one could reasonably argue that, strictly in terms of talent, he's second only to the World B. Flat himself.  There might not be a ton of teams with cap space right now but that could very easily change in the coming future and, well...it's a lot easier to stomach a contract lower than the $40 million/year Brandon was and likely is asking from the Spurs whose sales pitch begins with and ends at ""We have Wemby"", and the Spurs are one of the teams who've expressed interest in the 1x All-Star.

Speaking of the cost, it should also be flagged that Ingram already sabotaged a deal with the Utah Jazz earlier in the year by [refusing to commit to the Mormon state's team longterm](https://www.si.com/nba/jazz/news/insider-jazz-potential-trade-package-brandon-ingram) in a similar manner to Siakam turning down suitors last season via his agent expressing Siakam's preference to stay in Toronto.

Obviously due diligence should be exercised. You aren't trading for Ingram as a rental when you're Toronto and have plenty of expiring contracts so you would only pull the trigger on such a deal with the guarantee he'd be open to an extension.  At worst, having his Bird Rights does open the possibility of a sign and trade in the offseason given how few teams will have cap space should talks break down like they have with New Orleans, coupled with sign and trades being pretty notorious for getting a team a good return, it's hard to see Toronto getting back similar value to what they gave up.  Even if they're only giving up a second or two with some of their expiring players' contracts, that is still value.

And yet...it is worth reiterating that Brandon Ingram is a great player, far better than any of those second round selections will ever be.

One final thing worth mentioning with regards to cost is that Ingram is a Klutch client and while his agent might not be Rich Paul, Shayaun Saee still does work for the infamous organization.

Given how low the cost for Ingram would seem at the moment, it stands to reason that the Pelicans might opt to just...keep him?  But if the price is right and New Orleans is going on the fire sale that's so frequently suggested they should, it can't hurt to ring them up and get a potential running mate for Scottie with some excellent scoring chops inside and out of the paint.

Plus you can't discount the possibility of a sign and trade if the market isn't there for Brandon at the moment.

*TL;DR - Brandon Ingram represents a potential talent upgrade who could add more 3-point shooting in makes & attempts to the Raptors but it's questionable how he fits with his current shot diet vs. a more 3-heavy selection and how he'll look next to Scottie and RJ if the latter isn't in the deal bringing him in.*

# De'Aaron Fox

This might be an unpopular opinion but while i'm lukewarm on bringing in Ingram, i'm wholly against going after De'Aaron Fox.  But, being fair, talent is talent, and Fox most certainly is that.

While him and Brandon share the same number of All-Star nods, there's far more seasons one can point to where Fox was more deserving of a nod than that of Ingram when factoring in the context to their overall team's and the general politics of the All-Star Game such as being a guard in the late 2010s, early 2020s in a conference where you have to compete with the likes of Steph Curry, James Harden (For the time he was in the West anyway), Damian Lillard, Jrue Holiday, Donovan Mitchell, Devin Booker, and Russell Westbrook, among many other guards or wings who were voted in as a shooting guard by fans/coaches.

There's only 2 spots for a reserve guard and the wildcard spots so when your team was as bad as the Kings have been since, well since the early 2000s, you and your team aren't likely to get attention.  Or if they are, it's for all the wrong reasons i.e. Boogie Cousin's various outbursts or people being flabbergasted by trading Tyrese Haliburton for Domantis Sabonis - who incidentally took them from the 12th seed at the time of the trade to...the 12th seed at the end of the season.

Fox has elite shotmaking and phenomenal ability to get downhill.  His defense, while not amazing, is solid at the point of attack and there are moments where he showcases how locked in he can on that end.  Off the top of my head, I couldn't tell you where in the Top 10 at his position he fits but for point guards he's certainly deserving of being named among the 10 best in the league...

...and because of that, he won't be cheap to acquire.  Once again we're setting aside what an exact package for Fox would look like in terms of salary matching i.e. whether it's Quickley, RJ, Brown, etc.  The fact of the matter is Fox will likely cost more to acquire than Ingram in draft capital and general players included.  Owed to having another year under his contract and far more suitors in pursuit of the 2023 All-Star point guard, there's a much wider market for Fox between the Spurs, Rockets, Pistons, Magic, Heat and, regardless of whether they have the assets for it right now, the Bucks are [implied to be in the market for a needler mover](https://www.reddit.com/r/nba/comments/1icji27/stein_the_bucks_are_routinely_described_as/) which one could debate Fox is.

Yeah I don't get the fit with that last one either or how they'd pull it off.  Maybe Dame plays more off-ball at the 2?  Do they trade their 2031 first in a Suns/Jazz trade to get quantity vs quality?  Anyway, on the subject of fit...for as talented as Fox may be, there is one major flaw in the one side of the floor where he excels in, and that's his 3-point shooting.

Fox has had one good shooting season in his career, and it was last year.  He's a career 33% shooter and with his shooting regressing from his prior high in attempts/makes, it looks more and more like that season was an outlier.  His catch and shoot 3s have been excellent throughout his career but much like Ingram, he isn't asked to take them very often and unlike Brandon, he's far more likely to be on-ball than off in plays.

There's also the intangibles to consider.  Fox has something of an attitude problem.  It isn't Boogie Cousins levels of radioactive but it isn't hard to pick up on his general grumpiness that's led to this trade request (Or at least him triggering this trade exploration for the Kings due to refusing to commit to the team via an extension) despite Sacramento doing what they could to keep him happy.

Yes, Kyle Lowry had similar attitude problems and an infamous reputation as a coach killer that dated back to his college days, but it's important to keep in mind that Lowry was not treated by multiple franchises as their star guard.  The Grizzlies preferred Mike Conley to him and the Rockets prioritized future Raptors Nemesis™ Goran Dragic.  It's why Chauncey Billups, another late bloomer and former Raptors guard, told Lowry not to squander this opportunity because he'd already blown through two chances to be the franchise guard.

It's why Masai Ujiri, with brutal honesty about Lowry's attitude and a botched trade that in hindsight we're all better off with James Dolan vetoing, was able to resonate with the late bloomer.  One could even argue that Masai being willing to dish out Lowry so soon after those hard truths was what finally got through to Kyle and got him to reach his potential.

There's a world in which Lowry remains unreachable by Masai, un-couch-able by Casey and co., simply becoming another journeyman in the NBA, a footnote for the Raptors in the same way the Terence Ross never lived up to his potential and is probably most well known for being traded to acquire fan favorite Serge Ibaka.

De'Aaron Fox has not and will continue to never have to worry about that sort of opportunity.  He was drafted the year before Boogie Cousins stormed out of Sacramento and has never had to worry about his place in the league, let alone as a franchise player for the Kings.  The Kings [could have traded him for Sabonis](https://www.sacbee.com/sports/nba/sacramento-kings/article257471838.html) and built around the promising Tyrese Haliburton and they were allegedly opened to do so, but they opted for Fox instead.

At nearly every opportunity since being drafted, the franchise has catered to De'Aaron's whims and made moves to keep him happy.  Not to say they've all been good moves but moves had been made, and I do think it's worth questioning whether De'Aaron is a winning player or whether he can play alongside another star who prefers having the ball in their hands i.e. his fit next to the aforementioned Tyrese Haliburton.

And yet despite the catering and commitment to a Fox-led core despite questions about said core's ceiling in a loaded Western Conference, Fox will take neither responsibility nor is he willing to exercise that same commitment to the Kings.  It's not uncommon for stars to be catered to or for front offices to take blame over bad decisions even if said decisions are to keep star players happy/on their team if they're not a free agent destination, but Fox is both \_\_\_ and as good as he is, he's not so stupendous as to ignore his ego and unwillingness to own when he's at fault for his team's lack of success.

Put another way, Mike Brown was absolutely right to call out De'Aaron's effort on defense which brings me to the other major concern:  Fox has the capacity to be a good defender, bordering on great at times in the clutch.  But much like Vince Carter, the drive to do so ebbs and flows.  Sometimes the 6'3 guard is dedicated to the assignment, other times he's decidedly less locked in.  It's an effort issue and one that it's hard to imagine improving if he winds up on a team he doesn't want to be on...

...oh and if Klutch being who represents Ingram scares you, not only is Fox a Klutch client but his representative is the infamous Rich Paul.  So between the fit, the attitude/character concerns and the agent in question, there is a lot to dislike about such a costly proposal as a De'Aaron Fox trade.  For as much as one can argue he'd be a talent upgrade over Quickley or RJ, the talent that is being added is not conducive to maximizing Scottie Barnes.

*TL;DR - De'Aaron Fox is a definitive talent upgrade but beyond the cost of acquisition, his fit around Scottie is questionable and his attitude is a potential problem.  Like Ingram, serious consideration needs to be given to whether he would be interested in re-signing before even attempting to meet the price tag Sacramento plans to attach to Fox for his many suitors to match.*

# Jimmy Butler

...I refuse to give serious consideration to this.

No seriously, I know this front office loves its swing for the fences but this would be opening up the team to a potentially unpleasant locker room.  Think the Alonzo Mourning standoff only with a player whose volatility is among the most notorious in the league and who'd report to the Raptors only to cause some behind the scenes havoc.

No.  Absolutely not.  Facilitating him to the Suns or Bucks or whoever would be fine, but we've already talked about that.

*TL;DR - If the Toronto Raptors and a Jimmy Butler trade are in the same sentence together, it only makes sense as a facilitation move.  There is no world in which adding Jimmy makes sense to this core.*

# Conclusion

I want to end this by prefacing that, above all else, this season is setting the stage for what this Barnes era core's ceiling can be without a future trade for a star or superstar.  This first half of the season has had its share of ups and downs but there's been a lot of exciting glimpses of this new core, and it's been a delight to see the veterans return to form or, in the case of Chris Boucher, play some of the best basketball of his entire career.

Said core has its flaws, there's still the looming question of Quickley's fit and ability to be the lead guard given how little he's played with Scottie, not to mention the lingering concern of chemistry but above all else, I feel it's fair to say this the team is still a piece or two away from being a playoff team when fully healthy, let alone a contender.  Internal development of our younger players and this year's draft should be the main avenue of acquiring that piece and other moves should not compromise the goal of a high lottery pick, but that shouldn't preclude the team from making a trade at or before the deadline if the price is right.

Between the two (serious) considerations, Brandon Ingram seems like the more appealing risk of the two.  Neither player will be cheap in terms of their space on the salary cap but it's easier to imagine a scenario where Ingram pans out next to Scottie than De'Aaron due to his better, more consistent 3-point shooting and a less questionable attitude.

That's all for now folks, until next time game on my friends!"
43,I'm ready to watch this masterpiece,
44,"Word is not ""winning""? ",
45,A Speedrunner's Guide to Bruce Brown - And What Can Be Done on Draft Night (Part 1),"The only thing more underwhelming that the Pascal Siakam trade has been the discussion surrounding it, full stop.

While there's certainly a discussion to be had about how the assets they've obtained have been used - the Ochai Agbaji/Kelly Olynyk trade with the Jazz is a homerun given the front office only gave up a bottom 3 pick in a draft executives have repeatedly expressed dissatisfaction with the prospect - the package of Bruce Brown, Jordan Nwora, Kira Lewis and 3 firsts - two of which were protected (The Pacers picks are Top 3 and Top 4 protected, though the former will convey at 19th in the 2024 NBA draft) - gave the Raptors neither a prospect one could expect to develop into a starter in the immediate future.  

We all know this, we've all talked about this, it's been done to death and the fact that two of those first rounders came from a draft class *the Raptors felt comfortable trading out of via a lightly protected first-rounder* last season to acquire Jakob Poeltl speaks well enough for the strange sequence of events that culminated in the [exit of a player who expected to be a Raptor for life](https://www.youtube.com/watch?v=aEUXb5DIHxQ).

Equally drawn out - but more relevant as the draft fast approaches - has been the discussion of the main piece of salary that came back from Indiana, NBA champion Bruce Brown.

Initially seen as a trade piece to potentially bolster the return one got for Pascal, Brown has been underwhelming as a depth piece and simultaneously was not moved at the trade deadline for the Raptors asking price of a first round pick or a young player.  While the former can be [attributed to a knee injury](https://twitter.com/LindsayDunnTV/status/1779600715536629882), the fact remains that Toronto didn't get what they were hoping for at the deadline and a down year from the supporting player has only served to complicate getting that 1st rounder the Raptors were so adamant to acquire.

Diminished or not, there is value to be had for Bruce Brown, albeit for different reasons than his on-court contributions.  The 2024 free agency class is a weak one, and while there are a few interesting players who could make for interesting bench additions before one has to worry about the cap impact of Scottie's presumed max extension, ultimately there aren't any standouts for upgrading the team's point of needs.  Sure, Jalen Smith would be a nice bench big addition but he's not going to move the needle from play-in territory to surefire playoff seed.

Whether or not his play has affected his value as a contributor to a playoff team's front office, Bruce Brown does have some value as salary relief for a team at or near the first apron - and a few of them just happen to be around the late lottery or have a future 1st to part with.  While Brown alone might not be enough to secure a first rounder, it is possible he could be moved with the Pacers pick to move up in the draft to go after a player the Raptors are interested in (It's been frequently mentioned that Masai was spotted scouting Tidjane Salaun though that doesn't necessarily mean anything; he was also spotted scouting Ismael Kamagate in 2022 yet we went with Christian Koloko) but may not fall to 19.  That's obviously not the same value as getting a 1st but it is useful, and depending on the incoming salary they get in return, they could find themselves a cheap fix for the current roster's many flaws via a ""distressed asset"" a la RJ Barrett; the future point guard and current center positions are locked up but while RJ and Scottie will continue to start, it's up in the air where 2-thru-4 they'll be and who'll take the last position, doubly so with Trent Jr.'s extension is seemingly dead in the water.

In part 1, we'll go over three of the teams that might make for a trade partner to move up from the Raptors current pick situation.

# Chicago Bulls

https://preview.redd.it/g4ppml85krzc1.png?width=784&format=png&auto=webp&s=faf5335b01aeed5379977057b25e708d8a16183a

Most likely player(s)*:  Lonzo Ball*

2021/22 Stats:  *13 points, 5.4 rebounds, 5.1 assists | 42.3% FG, 42.3% 3P, 75% FT*

Incoming salary:  *$21.3 million (Net of -1.6 million)*

Pick(s) available:  *11th pick in 2024 draft, future 1st from Blazers (Lottery protected thru 2028)*

Quick note before going forward:   While there may be instances where I list multiple picks from a given team, it's altogether unrealistic to expect more than 1 being exchanged unless it's a case where the Raptors are trading down for for two picks in this draft, say, they move from 19th to 22nd and 23rd this year in a similar fashion to what the Grizzlies did in the 2022 NBA draft.  However, given the Raptors already traded the worst of the 2 1st rounders they acquired in this draft, I don't think they'll add another draftee unless someone on their board falls to a position they'd feel comfortable making a deal for.

Anyway, this is perhaps the most obvious suggestion if one operates under the assumption that the Bulls will live up to their namesake with the profound stubbornness and refusal to rebuild they've displayed over the past few years.  Assuming they bring back DeMar, Chicago seems poised to at the very least run it back - if only so they don't give up a valuable pick they owe to the Spurs (Top 10 protected) in 2025 - and they have a very obvious player to attach/dump with their pick.

Unlike other names that will come up, it almost feels pointless to discuss **Lonzo Ball** as a player because he hasn't played in over 2 years.  The once-promising point guard has been on a lengthy recovery timeline and while there's been some talk of him making a return next season, there's zero certainty that the same Ball which had the Bulls as a 1 seed back in 2021/22 will be the one hitting the hardwood.  It's not impossible that he'll return like nothing happened but the most likely scenario is whomever is holding Lonzo's Bird Rights by the 2025 offseason will end up waiving them or buying him out.

With the rise of Coby White - a point guard who, quite frankly, should have won MIP over Maxey - and Ayo Dosunmu improving in his own right as a capable backup point, Chicago has all the reason to rid themselves of Lonzo's not insignificant portion of the team's cap if they plan on making their mandatory play-in appearance.  Brown would give them a depth piece off the bench that can contribute right now while still keeping that alleviation an expiring contract grants their increasingly complicated salary concerns with DeMar poised for a pricey new contract (Ironically, the Bulls trading Lonzo for Brown would increase their payroll by around $1.6 million but I digress).

Heck, if the Bulls try to run it back but find themselves ready to embrace the rebuild they should have at last year's deadline - it isn't altogether difficult for them to meet the requirements to hit on their pick's protections in 2025 - they can likely recoup some value via moving Brown at the 2025 deadline or earlier on the season should they decide to #RaisetheFlagg early.

So yeah, Lonzo and the 11th for Bruce Brown and 19th.

Maybe they expand this into a 3/4 team deal involving Zach Lavine being sent to another team and reroute something to Toronto.

Maybe Toronto turns that 11th pick in to the 2025 first that the Raptors reportedly wanted at the deadline and merely select in the Top 6 (if they keep their pick) and 31st.

Maybe you wrap in a Boucher deal in to this or Chris ends up in Chicago as well.

Maybe you opt for the Blazers future 1st (which is heavily protected until 2028 so...maybe not).

Maybe you try and call the Spurs to see if giving that pick will let them change the protections on Toronto's owed pick (I doubt they give back pick control outright for the 11th pick in this draft).

Point is, there's a lot of options but as far as frameworks/trade partners go, they're a very obvious one and it makes sense for both parties if the Bulls do decide to run it back against all good judgement...the key word being ""if"".

The one complicating factor in all of this is the Bulls might not want nor be able to keep DeMar at the price tag/years he's seeking.  Fit concerns and faux contender status aside, the 76ers are a preferable scenario compared to the Bulls as a playoff team and it's easy to see a world in which Philadelphia adds a new albatross contract to replace Tobias Harris' with via an aging, albeit still very productive on offense, DeMar DeRozan.

With his extension status up in the air, it's entirely possible he'll hit free agency and walk, leaving the Bulls with an absolute nightmare of an offseason to navigate with Zach LaVine likely on the bloc with no one wanting him.

Whether or not LaVine is on the move on draft night in his own right is an open question.  Chicago has a lot of question marks of their own heading in to the draft but the same cannot necessarily be said for the next team...

# Utah Jazz

https://preview.redd.it/10pgl6e8krzc1.png?width=1200&format=png&auto=webp&s=3418daf4e620428f032dd3c84e7784eef65a1a7f

Most likely player(s):  *John Collins*

2023/24 Stats:  *15.1 points, 8.5 rebounds, 1.1 assists | 53.2% FG\\37.1% 3P\\79.5% FT*

Incoming salary:  *$26.6 million (Net increase 3.6 million), 3 years | 2 + 1 player option*

Pick(s) available:  *8th pick in 2024 draft (if owned after the 2024 lottery their pick does not drop to 10), 2025 Timberwolves/Cavaliers 1st*

Let me pull out a tin foil cap and offer you a theory:  I think that the Ochai Agbaji/Kelly Olynyk trade started out as a potential John Collins/Bruce Brown swap to get the Mormon state's team to save a bit of money in the short-term & a lot of money in the long-term while simultaneously filling in a backcourt hole the trading of O.G. and Pascal opened up.   Presumably, this began under the goal of getting that 2025 1st Masai and co. were aiming for but whatever the behind the scene specifics, that's not the trade we ended up with.

Owed to Collins having a pretty lengthy contract and him fitting a position of need for the Raptors, albeit with a pretty large asterisk that we'll touch on in a moment, John fit the mold for the buy-low ""distressed asset"" player that Masai Ujiri has sought out such as the aforementioned RJ Barrett acquisition who has seen a paradigm shift in both production and player reputation since playing for the Raptors.

I've talked about Collins before when his name kept cropping up in the 2023 trade rumors at the deadline, as well as when [the Hawks were looking to trade for Pascal Siakam](https://www.reddit.com/r/torontoraptors/comments/14ibm5c/lets_talk_the_hawks_rumors_but_mostly_john_collins/); at the time, John or fellow frequently rumored Hawks player De'Andre Hunter were seen as the main piece of salary.  If you want a longer explanation then by all means go ahead and read it but the short version is that it was very easy to turn down a deal where Collins was the centerpiece for Pascal, even if John Collins is perfectly capable as an NBA forward.

After being traded to the Jazz for pennies on the dollar and failing to rehab his overall value to be flipped by known fleecer Danny Ainge, Collins name has found his way back in the rumor mill with the Jazz trying to get rid of him, owed [largely to their frustration](https://twitter.com/TheDunkCentral/status/1735451643011854807) with the former Hawks forward.

In a vacuum, John Collins does fill the role of a stretch 4 or a small ball 5...sort of.  The problem is that John Collins, while a decent player overall, is a positionally confusing one on defense.  A great finisher and lob threat on offense, he isn't fast enough to guard most 3s and 4s on defense, and he lacks the size to be a full-time option for a small ball 5 a la the similarly short (Both are 6'9) Bam Adebayo.  His shooting has rebounded from a career-low 29% in his final season with the Hawks (owed largely due to a finger injury that should not be viewed for the faint of heart) to more in line with his career average, Collins days with the Jazz have seen him boasting a 37% 3-point percentage on around 3 attempts per game.

And yet, that optimistic turnaround doesn't extend to the season Collins had overall.  Yes, he's staying close to his career averages for shooting, rebounding, etc. but that's despite greater opportunity being afforded to him.

That is in of itself part of the problem; the Jazz are in a rebuild where, aside from Lauri Markkanen, no one on the team is guaranteed to be part of their future, and even Lauri has had rumors chasing him ever since January.  The door is wide open for anyone to rise up and become a franchise piece, and there's plenty of young talent to give a run for.

It's a prime environment for John Collins to showcase why he was once seen as a rising star like he did in [Atlanta during games where Trae Young was out](https://www.statmuse.com/nba/ask/john-collins-hawks-stats-without-trae-young-2020) and yet...his tenure in Utah has only served to reinforce the notion that John Collins is who he is, and he's not going to improve much from where he is as a player right now.

The player Collins is right now and will be for the duration of his current contract is not a bad one, but they are overpaid relative to their production; Collins is being paid roughly $25 million on average with a player option in the 3rd year of his contract so while he won't be the worst placeholder one could have for a big man, the amount of cap they do take up will require any team that takes on his money to carefully build around the margins under the new CBA.

The other ""trades don't exist in a vacuum"" caveat with a Jollins/Brown swap is that...look, the Raptors want some form of draft capital, whether it's moving up in the draft, picking up a 2nd 1st later in the draft or, preferably, a 1st in the 2025 draft.  The Jazz do have a pick in this draft but it may be a bit too far out of reach to jump up to via a simple salary dump.

Going from 19 to the late lottery a la the above Bulls suggestion or the third team we'll talk about is a viable option if the Raptors are trading Brown to grant a team short or long-term salary relief/turning dead salary into a rotation player. The Mavericks did this very same thing last year when they dumped Davis Bertan contract on to the Thunder while still acquiring the player they originally wanted in Dereck Lively II.  Granted, they only dropped from 10th to 12th but I digress.

Going in to the middle of the lottery from 19 is a significantly higher jump to make.  The Jazz do have an interesting 2nd coming their way via the Wizards and no shortage of future picks from the Timberwolves and the Cavaliers though how heavily protected one of them would be were the Jazz to part ways with said pick, and whether the Raptors would be willing to trade out of this draft's 1st round should they lose their own pick to the Spurs (roughly a 55% chance to occur) is up in the air.

It is worth mentioning that if the Raptors keep their pick at 4 or 6 and expect the player we want to draft in that range to still be on the board by 8th, then perhaps an 6 + Brown for 8 + Collins + a future first from the Wolves/Cavs might be an option.  Otherwise, it's hard to see the Raptors moving up in the first round for this draft via a trade with Utah.

It should also be noted that there is a possibility the Jazz lose their pick to the Thunder, as it's 8th pre-lottery with a Top 10 protection.  If it drops to 11 then it will convey to OKC.

There's one other reason why a trade with Utah is less likely: Recency.  Teams rarely make trades with the same partner in what is effectively the same season and the Jazz have done just that via the frequently mentioned Ochai/Olynyk trade..  Exceptions exist but the fact that the two already did so does make it much less likely that they'll be trade partners in the upcoming draft.

Then again, sometimes trades that died in the offseason or deadline use the previously declined deal as a framework for a deal that does end up happening; the Lakers and Pelicans re-engaged trade talks after failing to acquire Anthony Davis in 2019.  Lo and behold, New Orleans traded away the All-NBA big man for a haul and a half that the Lakers are still on the hook for - and they might still be if the Pelicans defer their owed Lakers pick to 2025.

Speaking of teams with prior trade talks to Toronto...

# Atlanta Hawks

https://preview.redd.it/t4ki5qlhkrzc1.png?width=720&format=png&auto=webp&s=e17febaa7a100d69c6155daacab6324b9e528b14

Most likely player(s):  *De'Andre Hunter*

2023/24 Stats:  *15.6 points, 3.9 rebounds, 1.5 assists | 45.9% FG\\38.5% 3P\\84.7% FT*

Incoming salary:  *$21.7 million* *(Net of -$1.3 million for the 1st year)*

Pick(s) available:  *10th pick in 2024 draft, 2025 Kings 1st*

Entering a cap crunch with Okongwu's extension kicking in alongside Dejounte Murray, Atlanta is already poised to make some significant changes in the offseason, with **De'Andre Hunter** and his overall stagnation, in conjunction with Jalen Johnson's rise despite an overall poor season for the Hawks, being a major turning point for the franchise.  

I've talked about Hunter before when the Hawks were heavily rumored to be offering him and draft capital for Pascal Siakam.  Not Kobe Bufkin, who was off-limits per the reports but I digress.  If you want the long version of what was said about De'Andre then you can [give it a read here](https://www.reddit.com/r/torontoraptors/comments/16yep6z/the_siakam_to_the_hawks_rumors_have_died_down/).  The short version?  Hunter came in to the 2023/24 season with the reputation of being an average starter on an okay, albeit slightly overpaid given current production, contract and thus he seemed like potential insurance in the off-chance O.G. Anunoby left or someone to flip to another team.

Lo and behold, the Raptors eliminated that possibility of him walking by trading O.G. in the thus far Quickley/Barrett 1-2 punch knockout of a trade, leaving the team with newfound optimism - and a massive hole in their wing/forward rotation so Hunter seems like a perfect buy-low candidate, right?

Well, let's talk about how bad of a season Hunter had and why he left the 2023/24 season with the reputation of having the worst contract on the Hawks roster.  Whatever else you can say about Collins, he's off the books in 2026, 2025 if he declines his player option. Hunter is there until 2027 with no chances of an inflated ego causing him to enter early in to free agency.

To start, part of the reason that the reception for Hunter's extension was so mixed was a lack of progress on either end of the floor since the 2022 playoff series between the Hawks and the Heat that earned him so significant a payday.  In it, De'Andre flashed signs of the two-way wing he could be; he shot 46% on 5 3s a game and played solid defense throughout the 5 game series.  The Kawhi comparisons were overblown but reaching the level of, say, a Mikal Bridges where they're a solid connecting piece who can start on a playoff team seemed like a viable outcome.

https://preview.redd.it/2yoju8djkrzc1.png?width=1580&format=png&auto=webp&s=17c826cf2678dde05d30a7a7af13dce3c79cc292

This version of Hunter has not appeared since.  How much one wants to blame injury on his lack of progress - he's missed a lot of games due to various injuries - the fact of the matter is his limited offensive game hasn't developed whatsoever, his defensive effort lacks consistency and worst of all, his 2023 offseason revealed that he ""[hadn't worked on anything](https://packaged-media.redd.it/7nsavm95evrb1/pb/m2-res_630p.mp4?m=DASHPlaylist.mpd&v=1&e=1715328000&s=430a9dead5ed48ec50d7c922396b1cb6fb105aaf#t=0)"". 

Admittedly that last one was him trying to joke but it was a joke that reflected the altogether underwhelming tenure that was their latest season where, yet again, Hunter failed to show any signs of improvement while the far less experienced Jalen Johnson flourished.  He's the Deandre Ayton of wings; a physically gifted player physically but with a low motor to improve their game or in general play with a consistent level of energy.  A change of scenery can do wonders for a player but unlike the aforementioned Ayton, Hunter's ceiling is significantly lower and with an extra year on his contract that makes them similarly expensive for a pseudo starter like Hunter.

Whereas Lonzo is more or less filler to make the deal work and John Collins is an actual NBA player on a bad deal, Hunter is decidedly more frustrating.  They're a positional fit on paper but in execution, they're a quietly poor contract for a player that has disappointed year after year.  It's no exaggeration to say that De'Andre's mundane performance since his extension is a notable reason why the Hawks have struggled in recent years.

Speaking of Atlanta, the Hawks are in an odd position regarding salary relief, for two reasons.  

One is that their own pick, currently 10th in the draft, might be more valued internally by the Hawks than an opportunity to rid themselves of Hunter's albatross of a contract, as this will be the last first round pick they stand to control for several years due to the disastrous Dejounte trade.  While there isn't an obvious player in their range to fix their many roster issues, young talent for a team that may be contemplating trading Trae Young is young talent to keep around in this hypothetical rebuild around Jalen Johnson.

So yeah, the Hawks might not be planning to move their pick on draft night.  Atlanta does have a very early 2nd from the Blazers (34th overall) and a protected pick from the Kings that has since been deferred to 2025.  The protections on said pick have gone from lottery protected to Top 12 (Top 10 if it doesn't convey in 2025) so it's not as though there isn't an opportunity to acquire future draft capital and that second could make for an interesting option to trade out in to the 2nd round of next year's trade as Toronto lacks any picks for the 2025 draft if their own defers.  

Depending on what Sacramento does - or doesn't do - and with the West being the bloodbath it was this season, it might be preferable to bet against Sacramento for reasons we'll cover in Part 2 (Spoilers:  It'll be framed around Huerter who's been terrible ever since the Kings playoff appearance) though by that same logic, the Hawks may prefer holding on to that first-rounder due its potential value in the 2025 draft though how much better next year's draft will be outside of the top-end talent is too early to say.

The other factor is that while they are an over-the-tax team looking at the luxury tax in the 2025 season with Jalen Johnson breaking out at just the right time to demand a hefty extension, Atlanta has a massive trade exception from the John Collins trade that they can also use to take on a bad contract or potentially make use of the Kings 2025 1st they own to bring in more help around Young and whomever they trade Murray for in the scenario where they try to build around Trae instead of kicking off a rebuild.

Will they do that?  It's hard to say.  Unlike the Bulls who should be rebuilding but are likely running it back after they find LaVine a new team, the Hawks aren't in a position to rebuild due to the Spurs having their picks/pick control for the next few years so they aren't incentivized to be a bad team.  Most of the time, trade exceptions don't get used (See:  The massive trade exception the Raptors generated for sign and trading Chris Bosh) so it wouldn't be a surprise if that same thing happens to the Collins expectation.

On the other hand, it's equally difficult to see them getting a player good enough to lift them out of the ditch they're stuck in - for those wondering Bruce Brown's exception does fit in neatly for said exception and a Hunter/Brown trade would  create a new trade exception for Atlanta - and thus avenues for trading what few assets Atlanta may be willing to part with become a lot less appealing.   

That getting rid of Hunter's contract by moving down a few spots in the lottery is seen as a positive outcome for their draft day moves should speak volumes about how unenviable a position the Hawks are in.  Little room for internal improvement and even less options to retool their roster, low optimism due to a potential cap crunch and no pick control until 2028.

But hey, it was worth keeping Kobe Bufkin over trading him for Siakam, right Atlanta?

# Conclusion

For those that want a TL;DR for the first 3 teams, see the below chart:

|*Team*|*Player(s)*|Years left on contract|*Pick(s) \[Assuming position stays if in the lottery\]*|*Incoming salary (2024)*|*Net salary  added to the Raptors (2024)*|
|:-|:-|:-|:-|:-|:-|
|**Chicago Bulls**|Lonzo Ball|1; player option in 2024/25|11th, 2025 Blazers 1st|$21.3 million|-1.6$ million|
|**Atlanta Hawks**|De'Andre Hunter|3|10th, 2025 Kings 1st|$21.7 million|-$1.3 million|
|**Utah Jazz**|John Collins|2;  player option in 2025/26|8th (Only an option if we keep our 1st), 2025 Timberwolves/Cavaliers 1st|$26.6 million|+$3.6 million|

There are more teams to talk about that we'll add to the chart but I think it's best to wait and see who lands where in the lottery - and whether we'll keep our pick or not - before we continue.

That's all for now.  Until next time, game on my friends."
46,[ESPN via Bobby Marks] NBA offseason 2024: Guides for every eliminated NBA team,"link: https://www.espn.com.au/nba/insider/story/_/id/39854732/nba-offseason-2024-draft-trade-free-agency-guides-every-eliminated-nba-team

# Raptors below:

> **State of the roster**: For the third time in four years, Toronto enters the offseason out of the playoffs. The foundation of Fred VanVleet, OG Anunoby and Pascal Siakam no longer is on the roster. Anunoby and Siakam were replaced with Immanuel Quickley, RJ Barrett, Kelly Olynyk, Ochai Agbaji and future draft picks. 

> The Raptors went 9-32 after the Siakam trade and finished with their fewest wins since 2011-12. ""I don't know [whether] to call this a rebuild or a reset or however we want to put it, but a normal rebuild with other teams takes ... five, six years. Do we have the patience for that?"" Raptors president Masai Ujiri said in February. A three-to-five-year rebuild starts with a stockpile of draft picks and a group of young first-round picks on their rookie contracts. 

> The Raptors are not in that position. They are in a similar place to the Pacers retool that started in February 2022 when Domantas Sabonis was swapped for Tyrese Haliburton. 

> Instead of the All-Star Haliburton to build around, the Raptors have a franchise player in Scottie Barnes. Barnes, Quickley, Barrett, Jakob Poeltl, Gradey Dick and Kelly Olynyk give Toronto with a foundation to work from. 

>The Raptors also have $40 million in expiring contracts (Brown and Chris Boucher) to use in a trade either in the offseason or closer to the deadline. They could also enter free agency with close to $32 million if Brown's option is declined.

> **Offseason finances**: The Raptors are in position to have cap space for the first time since 2015 if they decline Brown's option and renounce all their free agents except for Quickley. They have until June 29 to pick up Brown's option. 

> If the option is declined, Toronto could create up to $26 million in room. Quickley has a $12.5 million hold, and the Raptors can use cap space before re-signing the guard, who will be a restricted free agent. Not including a new contract for Quickley, Toronto has $93 million in guaranteed salary. If the Raptors remain over the cap, they'll have the $12.9 million non-taxpayer midlevel exception and $4.7 million biannual exception. 

> The Raptors also have two trade exceptions ($10.2 and $1.6 million). They would have the $8 million room midlevel exception if they operate as a cap space team.

> **Top front office priority**: Do not expect the Raptors to lose their starting point guard in free agency again. Quickley is a restricted free agent and it is all but certain Toronto will tender him a one-year, $8.5 million qualifying offer by June 29. 

> The real negotiation starts the day after the Finals end, when Quickley and the Raptors can begin discussing a new deal. In the role as full-time starter, Quickley averaged a career-high 6.8 assists and 18.6 points. The Raptors averaged 114.1 points per 100 possessions and were a plus-2.9 with Quickley sharing the court with Barrett and Barnes. A four-year, $109 million contract with a starting salary of $24.5 million would put Quickley in the middle of the pack of starting point guard salaries. The average starting point guard salary in 2024-25 is $27.8 million. 

> The Raptors also have a decision to use Brown's $23 million salary as a trade chip or to create cap space. Brown averaged 9.6 points but shot only 31.7% on 3-pointers. Because of the minimum salary rule, the Raptors need to spend at least $126.9 million of the salary cap by the first day of the regular season.

> **Extension candidate to watch**: Expect Barnes to join Siakam, Chris Bosh and Vince Carter as the only rookie max extensions in franchise history. Barnes is eligible to sign a five-year, $225 million contract that could possibly increase to $269 million if All-NBA language is negotiated. 

> Before breaking his left hand on March 1, Barnes was averaging a career-high 19.9 points, 8.2 rebounds and 6.1 assists. His 3-point shooting improved from 28.1% to 34.1%. Barnes was one of four players this season with multiple games of 30 points, 3 blocks and 3 steals, along with Anthony Davis, Shai Gilgeous-Alexander and Victor Wembanyama.

> **Team needs**: Point guard depth and bench scoring on the perimeter. The Raptors could go with a combination of Liberty-Freeman and Brown (if his option is exercised) behind Quickley. Liberty-Freeman started four games in March, averaging 12.5 points. The Raptors ranked 28th in 3-point percentage from their reserves.

> **Future draft assets**: If Toronto does send its 2024 first to San Antonio, the Raptors would then be allowed to trade their 2025 first starting on the night of the draft. If the first is retained, the next allowable year is 2027. The first owed to San Antonio is top-6 protected in 2025 and 2026. Toronto is owed a future first-round pick from Indiana (top-4 protected in 2026 and 2027). The Raptors also have four second-round picks available."
47,"[Grange] ""We're going to continue to assess that .... the most important thing is what do they bring to the table .. they have special talents ... and we'll see how the market assesses them,"" -- Ujiri on UFA Gary Trent and potential UFA Bruce Brown.",
48,Bobby Webster with a little fist pump during the Ja'Kobe game winner lmao,
49,"For those worried about how Ingram might impact the Raptors' immediate plans, Bobby Webster confirms that their goals for this season remain the same. Priority is to play/develop the young guys. ""I think it's still a rebuild."" He calls the Ingram trade more of a ""long-term play.""",">Ingram is extension eligible now, so the Raptors can start talking contract with him and Webster says they're ""looking forward"" to having those conversations. ""(We) hope to lock him up so he has a long stay in Toronto.""

>No update on the ankle injury... He'll meet with the Raptors' medical staff when he joins the team on their upcoming road trip and they should have a better sense of where he's at and what the timeline is over the next few days

https://bsky.app/profile/jlewenberg.bsky.social/"
50,Bobby Webster presser tidbits and notes,"(paraphrased)

>important step in the build

>brandon is entering his prime

>opening up min for rookies/gradey/ochai etc to play

>Chomche mention!

>we are going to be strategic about it (days/weeks for ingrams recovery)

>Watching scottie develop his 3 ball

>Brandon wants to be here, intentional effort by him

>They have talked to his agents, comfortable where they are

>On Chris for next season (non answer)

>tax Q (seems not likely for next season)

>In the same ballpark contract wise (not going into details of it)

>Will try to find Tucker a new team, if it is possible, if not he wont be with the team

>strong draft class, they identified this class as strong

>This is the mission #1 for the front office

>mentions the lottery explicitly

>They did their homework on ingram"
51,"[Osman] Bobby Webster: “We feel like we have the beginnings of a core.” “We have 3, 3, potentially 3 picks in this draft. We have some cap flexibility, we have tradable contracts, there’s a lot of things we need to get right. It’s not going to be 1-2 big moves… 5-10 moves”",
52,Don't give *just* Masai Ujiri credit for the Brandon Ingram trade.  Kudos to Bobby Webster for getting this deal done.,
53,Bobby Webster is chilling LMAO,Took me a minute to realize it was Bobby
54,"[Osman] “To me there’s a huge amount of relief, and excitement, and just lightness we are seeing around the team now.” Bobby Webster talking about the change of direction the Toronto Raptors had this season.",
55,Raptors GM Bobby Webster joins the broadcast and shares his thoughts on the organization's talented prospects.,
56,Bobby Webster Interview,
57,[Hackett] Bobby Webster just said they did IQ's contract flat. That's the first I've seen that reported. So that's nice! Will look real easy to incorporate near the end of that deal.,
58,"[Lewenberg] Bobby Webster on the Walter pick: ""We feel fortunate to get Ja'Kobe at this spot... A kid we followed since high school... Always been a winner, tough, fits the mold of a 2-way Raptors player.""",
59,1-on-1 with Toronto Raptors GM Bobby Webster,
60,"[Grange] ""It's been a decision we've been thinking about, we have until midnight tomorrow ..."" Bobby Webster on Bruce Brown, who has a team option on his contract that has to be exercised Friday.
",
61,"The Raptors Show: Bobby Webster, Playing with Energy & Mogbo’s Potential",
62,"[JDBunkis] GM Bobby Webster on the new Raptors, development plans and a busy 72 hours  + @michaelgrange on Toronto’s offseason direction, the Mitchell trade and draft grades",
63,"Post-Draft Availability l Bobby Webster - June 26, 2024",
64,"[Lewenberg] The Ingram trade is official. Ujiri, via press release: ""We see Brandon as an integral part of this team's future - he's an elite scorer, he has a really diverse offensive skillset, and adding him to the young core we have is huge as we continue our quest to win in Toronto.""",
65,Raptors FO work in the last 12 months-from Pensare Basketball ,"https://x.com/PensareBBall/status/1862884913696911388?t=ZjSbj56ZrC5brGME5MZ4EA&s=19

From the tweet above:
The Toronto Raptors are in a MUCH better position than they were 12 months ago. 

That's a major credit to the work that Masai Ujiri and Bobby Webster have done, but more so a credit to the work of Toronto's development focussed coaching staff led by Darko Rajakovic, Jama Mahlalela and Ivo Simovic. 

✅ Scottie has gotten better

✅ Gradey has gotten better 

✅ Boucher is now an expiring 

✅ They turned soon-to-be-overpaid OG Anunoby into Immanuel Quickley, RJ Barrett and Jonathan Mogbo. 

✅ Turned Pascal Siakam & Otto Porter into Ochai Agbaji, Ja'Kobe Walter, Kelly Olynyk, Bruce Brown & a 2026 Pacers first 
✅ By the luck of God they conveyed their 2024 8th pick to San Antonio so we don't have to worry about that in the loaded 2025 draft
✅ Turned Jalen McDaniels into Davion Mitchell, Jamal Shead & a 2025 Portland second

✅ Basically replaced Christian Koloko with the younger Ulrich Chomche long-term 

✅ Let Gary walk and replaced him with the younger, cheaper undrafted free agent Jamison Battle 

✅ They've found ways to improve their offensive flow and process 

✅They play harder every night than any Raptor team in years. They're in almost every game. 


Not bad at all in my opinion "
66,Front office has blood on their hands,
67,How would you feel if the Raptors re-signed Bruce Brown?,"Let’s say in a scenario where the raptors can’t find a suitor for Bruce brown before the deadline.

How would we feel if we signed him to something like a 3 year/33 million dollar contract l(for example)

"
68,Doug Smith: NBA trade season is upon us. Here’s what the Raptors should (and shouldn’t) do,"The only thing Raptors general manager Bobby Webster and president Masai Ujiri can hope for is to not add a dollar to next year’s salary total in any deal and maybe find a future second-round draft pick for either (Bruce and Chris), or both.  

That’s it, that’s all."
69,"A Speedrunner's Guide to the Raptors 2025 NBA Trade Deadline: Part 5:  To Jak, or Not To Jak","Part 4:  [https://www.reddit.com/r/torontoraptors/comments/1iezqze/a\_speedrunners\_guide\_to\_the\_raptors\_2025\_nba/](https://www.reddit.com/r/torontoraptors/comments/1iezqze/a_speedrunners_guide_to_the_raptors_2025_nba/)

Welcome to Part 5 of this series where we cover some of the many moves the Raptors may make at or before the upcoming trade deadline.  Last time we talked about the Trade Asset Twins in Bruce Brown and Kelly Olynyk.  

This time?  Let's talk about the upcoming draft and the Raptors potential accumulation of draft capital.

There's been a lot of debate about value for players and cap space.  What's a fair deal for Boucher if he's traded on his own, how much salary one would need to take back in order to justify asking for a 1st round pick over 2-3 seconds, whether such a deal exists out there, etc.  It isn't straightforward since it highly depends on the team one is dealing with - there's a difference between trading Kelly Olynyk for Jusuf Nurkic who is washed and expected to make $19 million as the worst starting center in the league (If the Suns weren't already benching him) and moving them for an expiring deal on a veteran heading to retirement - but while there is some manner of debate about the Raptors role players trade value, there is one player where, regardless of which side you're on about trading said player, I think we can all agree they can fetch at least one first rounder:  Jakob Poeltl.

  
Or at least, he would if he were available and teams didn't have so many options for 5s.  This is a pretty crowded market for starting/backup center.  Jonas Valančiūnas, Robert William III, Nikola Vucevic and Cllnt Capela are all names who may be on the move, and while it might be considered selling low on Nic Claxton given the year he's had, if he's available then that's yet another name to contend with.  Even Deandre Ayton, whose value might be so low as to necessitate attaching draft capital to dump the former 1st overall pick, is a name that could be on the move if.  Ditto for Jusuf Nurkic though...no one thinks they can fix Jusuf at this stage in their career.

To be clear:  Jakob Poeltl is far and away the best player amongst those names.  An underrated passer, solid rim protector and an effective rebounder who's nearly guaranteed to grab a double-double every night, he may be traditional as far as centers go, but he's excellent at what he does.  But it is a crowded market.

And yet, [per Stein](https://marcstein.substack.com/p/sunday-best-all-the-latest-on-jimmy) and multiple other reports, the interest in Poeltl there from other teams to acquire him via trade is there.  So while I don't see teams likely to overpay - which is what it would likely require for a team to pry away Jakob at the moment - there is a non-zero chance of such occurring, especially with how well the Raptors have been playing in this most recent stretch.

Granted, trading Jakob has one major long-term issue that we'll touch on in a bit but for now, we'll ignore the 7-foot elephant in the room and go over some of the potential suitors for the Austrian Hammer.



***Atlanta Hawks***



The Hawks are probably the most interesting option of the potential trade partners because they can structure an offer that is the exact kind this front office will go for:  Draft capital that conveys in 1-2 years or a player with known talent who may not be working out with their current team (See:  Kyle Lowry, Ochai Agbaji, RJ Barrett).  One is more likely than the other, for reasons we're about to get into.

For the former, the Hawks have 2 firsts in this upcoming draft and while it's unclear if the Kings hot streak will continue long enough to get them out of the play-in entirely, the possibility of them giving up a late lottery pick remains on the board post-Fox trade. 

Alternatively, the Hawks have the Lakers pick from this year though with the recent shellshocker that was the Luka Donic trade coupled with L.A. being a playoff team at the moment, said pick is likely in the later half of the 20s.  Still, more draft capital is nice to have and it could help the Raptors to move up to acquire a player they'd like rather than trying to trade back in to the 1st round after using their own lottery pick.

Whether one thinks Poeltl is worth 2 firsts or a similar package to what the Spurs got for him in 2023, Atlanta has its fair share of seconds they could part with, most notably a 2027 Clippers 2nd.

Going with Option 1:  Pick(s) as the main incentive, while the Hawks can absorb Jakob Poeltl via a trade exception they acquired (And only Jakob in the off-chance the Raptors include multiple players in a trade with Atlanta), the most likely option is to swap him with Clint Capela and accompanying draft compensation. 

At this stage in their career, Clint is best described as ""the most deceptive double-double in the NBA"".  With an average of 12 points and 10 rebounds, his stats look good on paper, he's still large enough to outrebound other guys but his finishing has been near the bottom amongst all players in the league and he's declined in just about every category that matters for a non-floor spacing big man.  You might be able to reroute him to another team for a bad contract and a pick (Deandre Ayton? He's only got 1 more year on his deal but said contract is over $30 million this year and next), but more likely than not is Clint will be a placeholder to grab boards and run the pick and roll for the sake of development for Scottie and Quickley, among other expected PnR handlers.  

Since the Raptors will often opt for a player over a pick when possible, there is the option, if less likely due to the reasons already mentioned, to instead revolve the trade around Onyeka Okongwu.  Whereas Clint will frustrate fans of the Hawks due to his decline, Okongwu is frustrating because he is very clearly talented despite being undersized for a full-time center a la Bam Adebayo (Even with Bam having a down season, you get what I mean).  His rim protecting might not be ideal but his ability to switch on to the perimeter is phenomenal. 

One thing you might have noticed that we haven't talked about the Hawks own 1st rounders being on the table.

Well that's because they don't have control of any of their own firsts from now until 2028 (2026 is an unprotected swap, 2025 and 2027 are their 1sts outright).  So not only do they have zero incentive to tank, but they need to be competitive for the next two upcoming seasons so as to not give the Spurs a slew of valuable lottery picks as a result of the debacle that was the Dejounte Murray trade.  Given how that trade has gone down, it's hard to see the Hawks stomach swapping one of their own or giving them away from 2029 and beyond.

As of this writing, they just broke their 8 game losing streak but that brief respite is small comfort for a team nursing as many injuries as Atlanta is and without their pick, they have no choice but to win every game they can.  So while in theory they could go for either picks or a player, the most realistic option revolves around draft picks and Clint over them giving up Okongwu, possibly expanding such a trade to include multiple Raptors players as their roster is more or less healthy aside from Immanuel Quickley who's on a minutes restriction.

It's also worth mentioning Double O has been playing much better of late which may make the Hawks second-guess trading him; in the past 10 games he is averaging 13/9/3 on 67.4% true shooting.  He's even hitting a hair under 45% of his (very few) 3s!  Mind, it's on very low volume so it's dubious if that level of shooting is sustainable on higher outside volume but I digress.

So about those picks and the center prospects one could acquire in 2025...

***A quick aside on the 2025 NBA Draft***

Khaman Malauch.  Derik Queen.  Danny Wolf.  There's plenty more players in the 2025 NBA Draft but as far as the guys expected to go in the 1st round **as of today**?  Those are your names if the plan is to go center-less this season or simply roll with Clint until Game 82.

I'll admit that while I have been casually following Khaman's college season, I haven't paid a ton of attention to the nuances of the other first-round center prospects like Queen and Wolf.  From what little I have been made aware, this is not a great draft to be fishing for centers so while there will be surprises like there are in any draft...even including Khaman Malauch - who may very well play his way from a mid-lottery pick to the upper echelon - most of the centers in this draft have a lot of questions that have yet to be answered.  Derik Queen & Danny Wolf's lateral quickness for example, Khaman being pretty raw overall/his ability to defend the rim at the NBA level for another.  Then again, there were a lot of questions about whether Edey would translate to the NBA and he's been one of the better rookies of the 2024 NBA draft class.

Not that the Raptors have to draft a center with whatever draft capital they would acquire in this hypothetical - talent over fit is the way to go since you can always trade the better player down the line for the right pieces - but if they're trading Jakob and it isn't to swap him with Okongwu, they will have a gaping hole at the 5 for a rim-protecting big man and thus need to trade for one or draft one.  Having Clint is a temporary solution if he isn't rerouted elsewhere but the question at the 5 would have to be answered in the offseason all the same.

Still, whether the draft or Onyeka, the Hawks are one of the better partners on the market who can keep the Raptors retool on target for a more competitive 2025/26 season.

*TL;DR - Sending Jokob Poeltl to an Eastern Conference team aside, there is a lot of appeal to the package the Hawks could create for Poeltl.  Between Clint Capela and Onyeka Okongwu, there will be a short-term solution while the Raptors figure out a long-term option at the 5.*

Speaking of one of the teams that the Hawks have a 1st from...



***Los Angeles Lakers***



I wrote most of this before the Luka Doncic trade went down.  How the spacing around AD/Davis would be atrocious, how the Lakers didn't have the assets to get Jakob after they were unwilling to give up whatever it would cost to pry away Walker Kessler, and how they seemed more interested in focusing on the future rather than winning now.  Hell, it recently came out that Poeltl wasn't viewed as a likely trade candidate for L.A. to pursue, and if they're unwilling to deal with the notoriously erratic GM of the Jazz for Walker Kessler then it's hard to see Masai and Bobby being any more generous.  The last deal the Lakers and Raptors had in the works was a 3-teamer back in 2022 fell through over draft compensation and by all accounts L.A. sounds reluctant to sacrifice any post-LeBron, post-AD draft capital.  

....and then they went and got Doncic for pennies on the dollar.

This changes three things.  

First, the Lakers are probably scrambling to find a big man now that they no longer have Davis with domestic abuser Jaxson Hayes and the recently traded Maxi Kleber as centers for them to field.

Secondly, it makes what few draft assets the Lakers have worse.  The Lakers do have the option to swap their 2026 and 2030 picks and conditionally swap their 2028 first but as for outright first rounders, they only have 1 1st left to trade in 2031, where Luka will be 31 and likely still in his prime.  That pick and those swaps are inherently less valuable - or at the very least are less risky - with the post-LeBron Lakers having a perennial MVP candidate.  Yes, Luka has missed plenty of time as a Maverick as a result of injury prior to this and there's the possibility of him either missing enough time that the Lakers miss the playoffs or the eventual retool around Doncic taking time to gel a la the addition of Kyrie in 2023 but those are not possibilities one could nor should bank on.  That year was the exception and he's dragged some truly horrendous teams into the playoffs on his own even despite the missed time and poor roster construction prior to last year's mass overhaul.

Oh and another thing about that sole remaining pick?  Even if we ignore its value being lesser in the Lukars era (No that wasn't a typo), that pick will convey in 6 years.  Masai Ujiri and Bobby Webster's patience is legendary when it comes to negotiations but with draft capital?  The most distant first-round pick they've ever traded for was 3 years into the future when he moved Andrea Bargnani.  Ironically, that was [the pick which became Jakob Poeltl](https://www.sportsnet.ca/basketball/nba/toronto-raptors-trade-masai-ujiri-andrea-bargnani-jakob-poeltl/) but they at least had Jonas Valančiūnas to fill in that center hole.  The 2024/25 Raptors do not have the luxury of simply letting the next man up take that spot even with the massive leaps Ulrich Chomche has made this season.  Beyond the Raptors not being able to wait that long to replace Poeltl's role on the team, it's not as useful an asset to have and thus move in order to make the move to replace Poeltl at this year's deadline, in the offseason, draft night or midseason in 2025/26.

Third, it no longer feels like any suggestion I could make would be as outrageous as trading a 25 year-old Luka for injury-prone 30 year-old Anthony Davis.  So in the spirit of things, let's talk about what sort of lobsided fleece of an offer it would take given that the Lakers are one of the teams that would leave the Raptors without a starting caliber center.

As far as salary matching goes, one of Rui Hachimura or Austin Reaves would have to be on the table (Vincent and Vanderbilt's contracts are unjustifiable to be the ballast given how little the Lakers can truly attach to them).  Reaves has something of a reputation of being a foul baiter but with a career average of 3.3 attempts per game, that narrative doesn't match the reality of the situation and it belies that Austin is one of the better undrafted players to enter the league in recent years.  A solid ballhandler who's been excelling as the lead PG for the Lakers, Reaves is simply a good, starting caliber guard on one of the better contracts in the NBA relative to his production; this year he's averaging 18/4/6 on a respectable 44.9/37.1/84.3.

Rui Hachimura on the other hand is the more ""gettable"" of the two and significantly less exciting.  Similar deal, similar points on the same efficiency but while neither Reaves nor him are outstanding defenders, Rui's defensive lapses as a big man are more of a concern than one's guard not being the strongest on D.  He's also a significantly worse ballhandler and playmaker though in fairness, Hachimura is never asked to be so.  He's a high floor forward who doesn't do anything exceptionally well but can be a decent inclusion in one's rotation.  That said, the Raptors might opt to move him to another team for more draft assets in favor of developing the likes of Johnathan Mogbo.

As far as other assets go, the sole notable young player the Lakers possess is their recent draft pick of Dalton Knecht.  Knecht hasn't had the greatest rookie season after a very hot start, and if one has a problem with Reaves or Hachimura's defense then calling Dalton a pylon is only a slight exaggeration.  He can get a bucket but he's also giving them up on the other end.  

While it's not impossible for him to improve on the D - at 6'6, he has the size to be an impactful defender - he's also on the older side at 23 year olds.  Talent is talent to be sure but Knecht is closer to reaching his ceiling than being raw like sushi.  He's a decent player who'll probably have a long career but as a senior college player it's hard to see them being much better than he currently is.  The player he is comes on a rookie contract and is good sparkplug off the bench or a quasi-starter in a pinch but...yeah, a distant first, one alright starter-caliber wing/guard and and older rookie.  

Maybe a swap could be a surprise in a future year given Luka's had some issues staying on the court in recent seasons and the Lakers roster even with LeBron is incredibly flawed - one could argue they're worse despite the talent upgrade given Davis' role on defense (and it's not like the Lakers are a brick wall on defense as is) - but it's not ideal barring an overpay of Knecht/Reaves and draft capital.  

If that sounds outlandish to you, I would remind you that they got Luka Doncic in a trade we all thought was fake because it sounded fake.  Like ""Shams got hacked"" fake.

Oh and let me stop you before you leave that comment:  Jaxson Hayes isn't an asset, [he's a domestic abuser](https://www.espn.com/nba/story/_/id/34093586/new-orleans-pelicans-jaxson-hayes-sentenced-probation-community-service-following-july-2021-arrest-los-angeles) who should not be in the NBA.  I reject any and all suggestions of him spending a single second as a Toronto Raptor and will not be hearing any arguments to the contrary.

*TL;DR - As a result of the Luka trade, L.A.'s draft assets have become significantly unappealing and won't convey for a long time barring even-year swaps.  It would take an overpay to pry away Poeltl from the Lakers and it seems doubtful they're willing to play ball given prior history.*



***Golden State Warriors***



Snap back to reality.  Yeah we're not doing the overpay thing for any other team but the Lakers.

The Warriors both make a lot of sense as a Poeltl destination and simultaneously are one of the most difficult teams to get a deal done.  

They should be a pretty simple team to make a deal with.  They have control of not only their 1st rounders for all but one year (Their 2030 1st is heavily protected anyway) but they have a young player who they've been unwilling to meet their high asking price for an extension in Johnathan ""Kum Bucket"" Kuminga who could be considered the centerpiece in such a deal.  Kuminga isn't having a breakout season by any means - his playmaking is still underdeveloped and he can get some serious tunnel vision - but he's a great defender and while the efficiency has taken a hit, he is posting career highs across all categories.  17 points, 5 rebounds and 2 assists with 1.5 stocks is nothing to sneeze at even if the 3-point shooting leaves a lot to be desired.

He's also out with injury but I digress.  However one wants to structure the deal, there is a one with the Dubs that can be made.

The problem is matching the money within that structure.

Because of the Klay Thomspon trade and them being in the 1st apron, they can't take back more than they're sending back, and no matter which combination of players one would include, no matter whether it's Kuminga coming back with whatever draft capital one would deem necessary or not, at minimum three players would be required to make the salaries match barring them moving Dennis Schroder (which they [technically can do](https://www.reddit.com/r/nba/comments/1hehmz7/charania_and_sources_also_tell_me_golden_state/) on the 5th) as part of a much larger deal a la Jimmy Butler, Paul George or most recent of all, Kevin Durant.  

Not only is that a problem for a Golden State team that already struggles with depth, it's also a problem for the Raptors who can only currently do a 2:1 without waiving one of the received players or one of their own.  In theory, a player like Gary Payton II or Kevon Looney could be re-routed elsewhere instead of merely waived to potentially increase the return of such a deal but that only further complicates an already difficult affair.

I'm not saying a deal with Golden State is impossible - Vucevic is a name that's frequently come up for the Warriors and he's similarly tricky to match salaries for - but their viability is slightly exaggerated due to how many players they'd need to include to comply with the rules regarding the hard cap and salary matching.  They likely need to get a 3rd team involved in some capacity since it's unlikely they'll move Dennis after all they gave up for him.  If Schroder is aggregated then this becomes a different story but it's hard to see the Warriors so quickly dish out Dennis after they acquired him...although it would be amusing to see him temporarily become a Raptor again before being traded elsewhere.  

One final note:  The Warriors gave up a lottery-protected 1st the year prior (It was part of a trade years ago to dump Iggy on the Grizzlies) to the Blazers  (Later traded to the Wizards) so regardless of the year, it's hard to see Golden State not protecting any 1st round capital they might give up.  How light or heavy one wants to argue they should be, they probably won't be Top 6 given the purported strength of this draft class and the Warriors not even being a play-in team at the moment; it would looks pretty egregious if their FO gave up the pick that became, say, Nolan Traore or Kon Knueppel.

...actually let's come back to this in a few months and see where they end up getting drafted.  It's always fun to see how different the mocks months away look from the actual when all lotto picks are drawn and done.

  
*TL;DR Golden State makes sense on paper but the logistics of such a deal make it unlikely to work as a simple 2 team deal.  Either a 3rd team needs to be involved directly or a Poeltl deal needs to be put into a larger trade like the Jimmy Butler/Paul George/KD trades they're supposedly seeking to pull off.*



***Memphis Grizzlies***



Real talk:  I don't think the Grizzlies make as much sense for a Jakob Poeltl destination as it's often suggested.  No, you're not getting Zach Edey in any deal, yes Zach is part of the reason why they're not so surefire despite his relative inexperience and Jakob being the clear cut superior player for the time being.  

 The other reason they don't make a ton of sense?  Part of why the Grizzlies are so good right now is they're an incredibly deep team despite their youth so it's hard to see them be willing to part with any of their young players.  Turning Jakob Poeltl into GG Jackson sounds like a steal because, well it would be if it were remotely possible.  But it's not and with the way Marcus Smart has been playing, he can be best described as ""the obvious salary filler for this trade or Jimmy Butler if he stops hating Memphis as a destination"".

***The Poeltl Paradox***

This is where we run into the issue with trading Jakob Poeltl that we've avoided up until now:  If you're trading Jakob Poeltl, you either need to make a subsequent trade to get someone in at the 5 or you need to draft someone this year or next at the latest to fill in the gaping 5-shaped hole you just opened up.  

Mogbo is looking like a steal but he's undersized for the position and despite the positive progress Ulrich Chomche has made in the G League, his offense is too raw to really consider him for a backup role right now, much less start.  

It's easy to say we should trade Jakob to fully reset the timeline around Scottie but the reality is that if you're getting a pick from a team like the Grizzlies for Poeltl, you're fishing for a starter-level center in the bottom half of the first round of the draft, potentially the bottom 5 with how solid Memphis is right now and where they could end up in the standings.  And if you're trying to trade that pick for a starting-caliber big man, well it's not exactly an enticing offer to get the 26th pick in the draft...

...and did I mention how terrible Marcus Smart has been?  While there are some other combinations that could work like Brandon Clarke plus Luke Kennard (Luke has a NTC due to him being on a 1-year deal), Smart is the most obvious 1:1 option because his money perfectly matches Poeltl and he's having one of the worst seasons of his career.  His shot selection is just as bad as ever, his defense has taken a step back and he's really struggled to stay on the court; as of this writing, Smart has played 38 games for the Grizzlies over the past 2 seasons.

https://preview.redd.it/t73gpbnnf3he1.png?width=1299&format=png&auto=webp&s=755407b8a1953d6287e39df440d876b9d4602035

In the off-chance Memphis is willing to opt for a player over a pick, there is one candidate that makes sense:  Pending RFA Santi Aldama.  Whether one considers him more of a 4 than a 5, he has played both (Albeit significantly moreso at the 4 than the 5) and he's a capable stretch big regardless of where one wants to place him.  The Grizzilies have a couple key decisions to make in the offseason and whether or not they can afford Aldama may be one of them with Jaren Jackson Jr. looking at a sizeable extension in the offseason, among other potential extensions for players like Jake LaRavia.

Incidentally, this is why the Grizzlies have no issues trading for Jimmy Butler as a rental unlike some other teams:  Getting Clarke and Smart off the books (Both of whom are required to make the salaries balance out for ol' Jimmy Buckets) let's them keep together their core without any risk of flight...which brings me to the other reason I don't think the Grizzlies are ultimately a great suitor for Jakob Poeltl:  His disdain for Tennessee aside, Jimmy Butler as a rental just makes more sense for the Grizzlies as a consolidation trade if they are planning to go all in over Jakob Poeltl...assuming Jimmy doesn't just pull a Vince Carter and tank his in-game performance/bring the entire team down around him.  The Marcus Smart contract looks like an albatross, but it's an albatross for only 1 more season and can be used to match the salary of a star player like Jimmy would be.  

So yeah, the Grizzlies.  Great team, not so great spot for Poeltl since Zach is off the table and it's not clear if Aldama would be either in such a scenario.

  
*TL;DR The Grizzlies could...maybe use a better rebounding 5 but the need isn't urgent with how well Zach Edey has played.  Unless you can snag Santi Aldama as your future stretch big, you're not looking at an easy means of replacing him with what the Grizzlies will give up.*



***Other notes***

* There was a baffling suggestion the other day that the [Celtics might trade Jrue Holiday for Jakob Poeltl](https://www.si.com/nba/celtics/news/celtics-predicted-to-part-ways-with-jrue-holiday-for-78m-star-center-01jj09286qp9).  I'm only bringing this up to mention that the Celtics and Raptors, in their shared 30 years of history, have made 2 trades with each other.  2.  It's not happening and especially not for the ludicrous lowball that was suggested.
* The Magic have..had a lot of centers that could have made them ideal for a 3-team trade but alas, the injury bug has struck many of them including Mo Wagner.  That and Wendell Carter Jr.'s (very late) extension makes him ineligible to be traded until draft night.
* I almost didn't even want to mention the Mavericks but there's been some recent rumblings about [Dereck Lively's availability](https://www.espn.com/nba/insider/story/_/id/43664553/league-reaction-potential-fallout-massive-luka-doncic-anthony-davis-trade).  Given the catastrophic blowback from the Luka Doncic trade, it's hard to see them moving yet another piece from that championship team, not to mention Davis and Poeltl would be an awkward fit.
* I briefly brought up Ayton a few times and while i'm not fully out on him as a rehabilitation project, that's a pretty worrying way to describe someone heading into the final year of their lucrative contract and in need of an extension.  Still, he has been playing better of late and is part of why the Blazers have been doing so well.  Either way, an Ayton-Raptors trade only makes sense as a 3-teamer or as straight up salary relief for the Blazers who are approaching luxury tax territory next season.
* The Pelicans would have warranted a mention if not for the injuries and Yves Missi seeming to be their center of the future.  As of right now...who even knows what that future looks like?

# Conclusion

In case it hasn't been clear, i'm mostly against trading Jakob Poeltl and looking through the trade partners, it's not hard to see why.  Outside of the Hawks, you're risk running into the same issues the team did post-Baynes, pre-Poeltl where you're lacking that big body to grab boards and do the dirty work at the rim.  

This obviously changes if a team is fielding an overpay or it's a 3-team trade where a 3rd team sends a young center in lieu of draft capital that we'd reroute to them but as far as a 1:1 deal with most of the likely suitors?  It's a lot less clean to pull off with the current list of likely suitors."
70,It has been rumored well for a while now but should the Raptors do it?,"Considering the names that have come up a lot in trade talks with the Raptors specifically are Brandon Ingram of the New Orleans Pelicans and Andrew Wiggins of the Golden State Warriors, should the Raptors trade for one of these players? I would definitely say yes they should and here is why: first off it not only would make the Raptors a somewhat better basketball team but it would put them right back into East contention to really tell you the truth. Yeah you would have to give up draft picks sure and probably give up Bruce Brown & Jakob Poeltl but at the end of the day wouldn't it be worth it at least? Especially if MLSE, Masai Ujiri and Bobby Webster are not only trying to put a competitive team out there but then you also don't want to waste the prime years of RJ Barrett, Immanuel Quickley and especially Scottie Barnes who is supposed to be the franchise player."
71,I would give back all the picks from the pacers,"If they included Nembhard instead. This kid is an absolute two way stud, and a perfect fit with our roster. I can’t believe we didn’t push for him 

Edit: I don’t understand the comments. I am absolutely aware that the Pacers didn’t want to give us Nembhard, otherwise he’d be on our team.

But a player of Siakam’s caliber should have gotten  us Nembhard. How we handled Siakam’s situation put us in the spot where we ended up with the weak package we got.

We can criticize the FO without being in the meetings with them. You don’t have to Bobby Webster to understand that the Poeltl trade was a bad idea."
72,A Speedrunner's Guide to the 2024/25 Season - And Why Tanking Won't Be on the Menu for the Toronto Raptors,"The 2024/25 Toronto Raptors season is going to be an interesting one to watch.

Between a frequently teased rebrand ahead of what will be their 30th season and the team retooling round their now uncontested face of the franchise in Scottie Barnes with both established talent (RJ Barrett, Davion Mitchell and Immanuel Quickley) and rookies looking to prove their own (Ja'Kobe Walter, Branden Carlson, Jamal Shead), the Raptors have a lot of moving parts going in to what will be a historic year for the franchise.

# To Tank, or Not to Tank:  Looking at the Rest of the League

One of the more highly debated topics of late is whether the Raptors should tank in the 2024/25 season, usually in conjunction with trading Jakob Poeltl to make the team worse.

To be sure, adding one of Cooper Flagg, Ace Bailey, Khaman Maluach or even brother of Raptors Legend Ron Harper Jr. in Dylan Harper, among whomever else ends up being a projected top pick in the 2025 draft would be a positive for the team.  Talent is talent and having a cost-controlled rookie with high upside only further raises the ceiling for a team mired in the midst of a rebuild, retool, whatever you want to call the team's current status.

Ignoring that there is no guarantee the Raptors will get a Top 4-5 pick in this draft should they somehow end up with a bottom 4-5 record come season end, that Masai Ujiri-run teams generally avoid tanking to start the season (Trading Rudy Gay and shutting things down in the Tampa Tank that landed Scottie were mid-to-late decisions informed by a bad losing streak for both - and the former ended up making a turning point for the team as the 2013/14 Raptors ended up making the playoffs), or that Masai Ujiri's own contract is coming up for renewal as it expires in 2026 will incentivize him and Bobby Webster to put forward a competitive team that makes the play-in or playoffs outright sooner than anticipated (which should serve to inform why the Raptors went with known talent in the O.G. trade over picks via Quickley and RJ)...the proposition fails to answer a simple question.

Barring another season-ending injury or some other unforeseen turmoil that changes the season early on like a tough opener that leads to an unexpectedly poor record like going 3-12 in the first 15 games, how exactly are the Raptors going to out-tank the bottom feeders in the East?  There's 15 teams in the conference and only 5 of them miss out on the postseason outright, albeit only 8 will make the playoffs outright.  In order words, of the teams who don't appear to be a lock for the playoffs, 4 of them have to make the 7/8 and 9/10 play-in tournament, regardless of their record.

In other words, of the Pistons, Wizards, Hornets, Raptors, Hawks, Bulls and Nets, two of those teams have to make the 9/10 play-in game, regardless of whether they're a 0.500 team or if there's an enormous gap between them as the 9/10 seed and whomever is the 8th seed.  So let's forget whatever Vegas says the odds are for Toronto's over/under and take a brief look at the rest of the bottom half of the Eastern Conference's landscape to see what the Raptors are going up against:

*Detroit Pistons*

* As much as one can criticize the **Detroit Pistons** for overpaying a player who went 0/2 in the 76ers elimination game, acquiring him is a talent upgrade
   * This should speak for itself as to the level of talent of Detroit so don't expect them to be in the running for a play-in spot when the 5th pick in the draft has their name written on it.  They aren't going to be very good though they should be better than the franchise-worst record they ended with
   * Additionally, it worth noting that while LaMelo Ball has been highlighted for his inability to stay on the floor, Cade Cunningham has had similar bouts with his health in trying to stay on the court, most notably with him missing the vast majority of his sophomore season following a rookie season that started slow due to him recovering from a preseason injury to his lower body
   * It is possible one of the Pistons young players like Jalen Duren have a breakout year but expecting all of them to improve is unrealistic given Detroit's recent history with struggling to develop their lottery talent

*Washington Wizards*

* The **Washington Wizards** are still going to be awful, arguably they'll be even worse than they were last year with Kyle Kuzma potentially being on the trade bloc and Tyus Jones return not being guaranteed
   * The latter is important because that means the ball will likely be in Jordan Poole's hands far more than one would like
* The addition of several new rookies like Bub Carrington and Alex Sarr - the latter of whom has been getting...a lot of criticism for his play in Summer League (because he's been really bad) - are similarly unlikely to make a positive impact though both were selected for their long-term upside and not expect to make meaningful contributions to winning basketball in their debut season

*Charlotte Hornets*

* The **Charlotte Hornets** have been good enough to make the play-in as a 9/10 seed in prior seasons when LaMelo has remained healthy...
* ...the problem is both Ball and Mark Williams have been struggling to stay on the court

*Chicago Bulls & Brooklyn Nets*

* I'm wrapping these two up together because their status is similar and straightforward:  Both the **Chicago Bulls** and **Brooklyn Nets** have gotten significantly worse after trading their best players in DeMar DeRozan and Mikal Bridges respectively, and both either barely made or missed out on the play-in's 9/10 matchup in their most recent season
* The Bulls didn't make the playoffs for those who weren't aware, though they did manage to beat the Hawks in the 9/10 matchup and the Nets straight up fell out of the race in the final stretch of the season despite trying to win due to not owning their 2024 pick at the time
   * Chicago in particular is going to be incentivized to tank so as to keep their pick as it's currently owned by the Spurs; it's Top 10 protected for the season and while the protections do get weaker in 2025/26, they're manageable for the 2024/25 season at minimum
   * Additionally, the Nets are open to trading more of their players like Cameron Johnson and thus could very easily become worse than they're already expect to be
      * An aside but I think there's a good argument that the Nets will be the absolute worst team in the league next year even if they do hold on to valuable roleplayers like Dorian Finney-Smith or the questionably available (due to injury, not in terms of if he's on the trade bloc) Cameron Johnson.  Anyone who watched the Raptors last year should be able to attest that a team where Dennis Schroder is leading your team in shot attempts is probably going to lose those games where he's the leader in attempts

*Atlanta Hawks*

* The **Atlanta Hawks** have been consistently in the running for the play-in in 3 years straight and are returning mostly the same core along with newly acquired 3 and D wing/1st overall pick in Zachary Risacher
   * While the fit was not ideal, losing Dejounte Murray for Dyson Daniels is a straight up talent downgrade; part of the reason the Hawks were in the play-in running this year was because Murray was able to keep them afloat while Trae Young was out due to injury.  It is hard to see new additions like Zachary Risacher or 3rd year Dyson Daniels making a similar impact
   * It's worth mentioning that Clint Capela has been in severe decline despite what the statline shows, and with the team's apparent apprehension to start Onyeka Okongwu as the team's starting center, it's an open question as to how their defense will hold up with Clint being the presumed starter at the 5.
   * At the same time, it is also worth noting that the Hawks are reportedly ""not done making moves"" and with the two firsts they acquired from the Murray trade and tradeable (Note:  I said tradeable, not good) contracts in De'Andre Hunter and Clint Capela, it is not out of the realm of possibility for Atlanta to put together a more well-rounded roster - and given they have no pick control barring a Nets-like trade with the Spurs to get their picks back, they have zero incentive to be bad for a top pick

This is without us even mentioning the Western Conference.  While there's likely to be a bloodbath with teams vying for a spot that, should they not make the playoffs as the 7th/8th seed, teams like the Portland Trail Blazers are likely to be near the bottom of the conference with a similar sub-30 win record to the Wizards or Pistons and while the San Antonio Spurs have a generational talent in Victor Wembanyama, that's all they really have going for them at the moment aside from an ancient Chris Paul - and it's not like they won more games with Wemby than they did the prior season.  The Utah Jazz are similarly poised to potentially post a poor record in this race to the bottom should a trade for Lauri Markkanen come to fruition or they shut him down due to an injury (It's worth noting Lauri hasn't played 70 games in a season at any point in his career and he's only played more than 60 games 3 times).

Additionally, there's always a ""lottery wildcard"", that one team that should be in the playoff picture but underperforms relative to expectations due to injuries, an impactful suspension, chemistry issues, etc.

* In 2021/22 that was the Kawhi-less Clippers going out in the play-in (That lottery pick went to the Thunder who selected Jalen Williams, for the record)
* In 2022/23 that would be the Mavericks whose midseason acquisition backfired and the team ultimately intentionally lost the last game of their season to keep their pick (albeit it lead to them getting 10th in the draft and that led to them trading down to dump Davis Bertans contract while also acquiring the impactful rookie Dereck Lively).
* In 2023/24, that was the Grizzlies losing Ja twice, once to stupid brandishing of a firearm pre-season leading to a heavy suspension and once to a season-ending injury that simultaneously finished off the team's chance at a play-in run (They did end up with the 9th pick and selected Zach Edey whose impact on the team is TBD).

Who will be that wildcard in 2024/25?  Who knows!  While it's possible it's the Raptors this year due to an untimely injury a la the 76ers in 2023/24 who wound up underperforming due to Joel Embiid being injured for a prolonged period of time, if the Raptors are healthy, it is very hard to see a world where Toronto isn't in the play-in race along with the Atlanta Hawks for the 9/10 matchup simply due to how bad the rest of the East is. While it is possible the Hornets do eke out a slightly better record if Ball manages to stay healthy alongside Mark Williams and sophomore Brandon Miller, if that is not the case, and Raptors both make the play-in but fail to make the postseason overall, then it is equally hard to not see the Raptors in a similar spot in the 2025 NBA lottery as the Hawks or Bulls were in 2024 i.e. somewhere in the latter half of the lottery from 8 onwards...

...and that's fine, I guess?  At least for where the team currently is.  Talent is important and the Raptors would obviously be better off with Cooper Flagg than without but the best-case scenario for them is a 14% chance of getting him, Bailey or whomever you pin as Scottie's co-star of the future.

Moreover, the Raptors being in a situation where they have those odds being described as ""the best-case"" belies the fact that something has to have gone horribly wrong for them to have those odds in the first place i.e. Scottie having two seasons with injuries bad enough to take him out for a lengthy period of time or several players having a career year in the worst way possible.

That's not to say the Raptors are set up for some future dynasty with a young core at nearly every position a la the OKC Thunder.  This team's roster does still have some major holes.  It's lacking in wing depth, the center rotation is up in the air as the presumed backups are both on two-way contracts (assuming Christian Koloko isn't cleared or doesn't sign with the Raptors, both of which are not out of the realm of possibility) and the number of rookies on the team does make it likely the bench is unlikely to see some serious contributions for the NBA debut of many of Toronto's youngest players - Ja'Kobe Walter is 19 and will be 19 until September, Ulrich Chomche is one of, if not, the youngest player in the NBA, etc. - but that's part of how rebuilding/retooling a team works.

It takes time, talent and some luck in either hitting on a trade or two, not to mention on one's prospects developing, and making the play-in should be seen as part of that all-important development factor.  Sure, it's not the same as playoff experience but it is a similar environment and it shouldn't be seen as negatively when there isn't much of an alternative.  Just look at the timeline of the Raptors from the first season without Chris Bosh until 2018 where they were seen as contenders:

|Season|Major Moves & Notable Accomplishments|Record & Results in the Postseason|Draft Results/Selections|
|:-|:-|:-|:-|
|2010/11|Sign and traded Chris Bosh in the offseason and got their pick back, a Miami first they traded for James Johnson and a giant expectation that Brian Colangelo wasted|22/60 (3rd worst in the NBA)|Dropped from 3rd to 5th, drafted Jonas Valančiūnas|
|2011/12|Lockout season; signed Dwane Casey to be their head coach; the team was mostly the same as last year and they made very few moves after the draft aside from adding former All-Star Jamaal Magloire|23/43 (Tied for 7th worst record in the NBA)|8th pick (^(Lost a coin flip with the Warriors who got 7th)) and drafted Terence Ross|
|2012/13|Traded for Kyle Lowry in the 2012 offseason, Rudy Gay midway thru the season|34-48 (12th worst record in the NBA)|Tried to trade for Giannis but failed to after trading this year's pick to acquire Lowry; they did not own a 1st in this year's draft|
|2013/14|Signed Masai Ujiri to become the general manager for the Toronto Raptors in the 2013 offseason; offseason also involved the infamous Bargnani Knicks pick; traded Rudy Gay midseason for, among other players, Greivis Vásquez who would become the start of a currently ongoing trade tree; Gay's trade would mark a turnaround for the team as they would end up finishing the season strong|48-34 (3rd in the East); lost in 7 to the Nets|Ended up 20th where they infamously selected Bruno Caboclo|
|2014/15|For the team's 20th anniversary, the team overall didn't make many moves during the season but they did give Vince Carter a tribute in honor of the occasion; after a first-round exit they made the aforementioned Vásquez trade that eventually became RJ Barrett, Immanuel Quickley and, most recently, Johnathan Mogbo after several future trades|49-33 (4th in the East); lost in 4 games to the Wizards|Once again ended up at 20 where they selected Delon Wright; traded Greivis Vásquez for the 2nd rounder that was Norman Powell in this draft and a future Clippers first in 2017|
|2015/16|First time the Raptors had 2 All-Stars in a single season since Antonio Davis and Vince Carter back in 2001, a streak that would continue until 2020/21 where no player was selected for the All-Star Game; this was the year they infamously signed DeMarre Carroll who they would end up dumping him with their 2018 1st and several seconds|56-26 (2nd in the East); won in 7 against the Pacers in the 1st round, won in 7 against the Heat in the 2nd round, lost in 6 during their first ever Conference Finals to LeBron James|The pick from the Bargnani trade conveyed at 9; the Raptors made 2 first round selections with Jakob Poeltl at 9 and Pascal Siakam at 27, with Fred VanVleet signing in free agency as an undrafted free agent|
|2016/17|Midway through the season after a lengthy losing streak, the Toronto Raptors would make a trade to acquire Serge Ibaka from the Magic for Terence Ross & a future first; their G League affiliate won the G-League championship & Siakam was named Finals MVP|51-31 (3rd in the East though their record was tied with the Cavs); won in 6 against the Bucks in the 1st round, swept by the Cavaliers|The 1st from the Vásquez trade conveyed at 23rd; the Raptors didn't own their pick due to the Ibaka trade but they used this pick to select O.G. Anunoby|
|2017/18|Franchise-high win record with 59 wins; the Raptors were seen as true contenders due to LeBron James having the worst constructed Cavaliers team during his second tenure|59-33 (1st in the East)|The pick from the Carroll salary dump conveyed and no 1st round selection was made; we all know what happened next|

This is far from a definitive summation that ignores the nuance and general improvements from both the starters and bench over this time period - and it does overlook some of the other, less notable mistakes made along the way - but it should serve to illustrate that whatever you want to call what the Raptors are doing now, becoming a regular playoff team, let alone a contender, takes a long time.

# What about Jakob Poeltl?

Like I said earlier, part of the ""tank/no tank"" discussion has been centered around Jakob Poeltl and whether the Raptors should trade him.  The Raptors themselves have, per Lewenberg, [explored trading him but haven't progressed far](https://www.tsn.ca/nba/video/~2952391) on any talks about him, and it's up in the air if Poeltl is particularly happy being on a team that is probably not going to make the playoffs outright as a Top 6 team.

This really should be given its own deeper dive but to keep the focus on expectations for the 2023/24 season and the Raptors in particular, i'll say this:  While Poeltl absolutely shouldn't be treated as untouchable and while his long-term fit with Scottie is questionable due to his lack of range, his absence is not going to be the difference maker in getting into getting some of the best odds of a Top 4 pick in what may be a historic draft on a team that's likely to be sub-0.500 with or without him.

The Raptors were bad without Poeltl last season but the constant regurgitation of the with/out record ignores that they were also without Scottie Barnes during that same stretch, not to mention both RJ Barrett and Immanuel Quickley were out due to their own respective family tragedies, not to mention RJ was dealing with an knee issue and playing through it at one point.  Poeltl certainly makes the Raptors better, he's a good player and that's what they do, but by how much is not as clear cut as looking at their win/loss record with/out him.

If you're trading Jakob Poeltl, it should be because you got a stupid good offer from a desperate team rather than hoping for slightly improved lottery odds.  Anyone who's seen the Pistons drop down in back-to-back-to-back drafts to 5th can tell you that that the NBA lottery is aptly named:  Sometimes you win it big (Getting number 1 in 2021's lottery and drafting Cade) and sometimes you drop from where you were expected to go in 3 consecutive drafts.

There are no guarantees in the lottery, something the Raptors should be keenly familiar with given they lost out on their own pick in this year's draft due to bad lottery luck while simultaneously jumping up from 7th to 4th in 2021 to draft Scottie Barnes.  Just as the draft itself is a crapshoot, so too is the lottery that determines who gets to draft where.

Hell, if we want to extend this out to look at the Raptors general history with the lottery, they've dropped down far more than they've jumped up.  In terms of major leaps i.e. jumping up more than 1 spot, getting 1st overall in 2006 while having the 5th best odds and 4th overall in 2021 with the 7th represent the exception rather than the rule.

[They stayed put in 2012 and 2013, for those wondering; from 2014-2021 they weren't in the lottery aside from the pick that became Jakob Poeltl; that pick stayed put at 9.  Also worth mentioning their first draft pick was the result of a coin flip for 6th that they lost to the Vancouver Grizzlies.  Also also this graphic messed up the pre-lotto\/results for 2006; they had the 5th best odds and jumped up to 1st from 5th to take Andrea Bargnani.](https://preview.redd.it/ljy9nrh59led1.png?width=1407&format=png&auto=webp&s=99230ab0f13d52d2ea7cc1597d14d71e38b01e3e)

There's also the fact that getting a good pick in the lottery is not a guarantee that the player selected will develop into an impactful player, let alone an All-Star/All-NBA caliber franchise piece.  To be clear, Jakob is not the latter but for all his faults, Jakob Poeltl is a known talent and while his status a ""Top 10 center"" in the league like Masai claimed when making that foolish trade for him instead of blowing up the team at 2023's deadline is debatable, he's valuable for what he brings as a defender, interior presence, screener, pick and roll recipient and an underrated passing big man who's on a perfectly reasonable contract.

He's far from untouchable - if the Knicks offer, like, Mitchell Robinson, 2 firsts and a swap then you take that deal because it's a ""too stupid to not take that deal"" offer (For the record, I don't think this offer would be on the table if we're being realistic) - but he's also not someone you just trade for the sake of making your team worse in his absence for the sake of what can be best described as minimal gain in this year's lottery.

# On Expansion

I feel like it's oft unmentioned that expansion is on the horizon, mostly due to the ongoing media rights negotiation and the recent drama regarding said rights and the opportunity to match any current deals (TL;DR the new TV deal is a mess)...but it's coming and expansion will impact *every* team.  Some of them will be affected more than others - the Timberwolves will likely be moving into the Eastern Conference due to how far they have to travel right now to face off against Western Conference teams - but every team is going to be affected by this.

How will this affect the Raptors?  Well, we're not sure yet beyond the usual ""protect 8, everyone else is up for grabs"" that comes with NBA expansion i.e. one of the Raptors current players could be taken in an expansion draft (One would assume the Raptors would protect their 4 starters from the last season, Ja'Kobe, Dick and Shead; the 8th player is up in the air and i'm not clear on whether Davion could be protected if he's not extended as he'd be a restricted free agent).

What can be said is that, once the dust settles on the media rights, the NBA is rumored to shift its focus on adding two new teams, and beyond the expansion draft, there's the inaugural draft which said teams will be a part of.  Whether or not this will be in 2025 or 2026, consider this a sort of refresher on how these new teams could affect the Raptors standing in the draft should these new teams (or if the Seattle Supersonics return, the old and new) wind up.

The NBA has a pretty lengthy history of expansion, be it brand new teams like the Bulls being introduced in 1966 or through existing teams via the merger of the ABA back in the 70s, with the league most recently adding the Charlotte Bobcats in 2004 to bring the number of teams in both conferences to an even 15 for each.

As far as it relates to the draft, the Top 3 (now Top 4) have not been affected in previous expansions of the league but the teams below that threshold are...a different story.  To keep this simple, let's quickly look at the two most recent times the NBA expanded:  The aforementioned Bobcats in 2004, and the Canadian expansion draft that saw the Toronto Raptors and the Vancouver Grizzlies introduced to the NBA.

2004 - NBA adds the Charlotte Bobcats Bobcats are given the 4th pick in the NBA Draft

* The team(s) that would have drafted 4th-15th dropped one slot from their post-lottery position
* The Bobcats traded up to draft the 2004/05 Rookie of the Year Emeka Okafor 2nd overall

1995 - NBA adds the Toronto Raptors & Vancouver Grizzlies; the two teams flip a coin for the 6th pick & the Grizzlies won 6th

* The Grizzlies drafted All-Rookie 2nd Team Bryant Reeves 6th overall
* The Raptors drafted 1995/96 Rookie of the Year and ""man who led an expansion team to delivering the 96 Bulls one of their 10 losses"" Damon ""Mighty Mouse"" Stoudamire 7th overall
* The team that would have drafted 6th pre-expansion wound up 8th as a result of these two new teams

This is a vast oversimplification of the expansion process since those Canadian teams had a number of franchise-altering stipulations related to the draft such as not being able to win the 1st overall pick (^(For reference:  The Raptors) *^(technically)* ^(won the 1996 lottery.  This would have let them draft Allen Iverson but due to those agreements, they were not able to retain said pick; they ended up with the 2nd overall pick and the Philadelphia 76ers were given the 1st overall pick)) but to keep this as simple as possible:  **If the league does expand next year and those expansion teams are in the 2025 draft, the Raptors could drop down 2 spots from where they'll end up pre/post lottery draws - and this is before one factors in a team below them jumping up in the standings**.

Obviously, if the Raptors end up in the Top 4 or if the new teams are placed after the Raptors and Toronto doesn't end up moving down/if the Raptors move down but not lower than where the expansion teams end up (It's complicated) then none of this matters but the addition of expansion teams can lead to some very wonky results in the lottery depending on ""where"" those expansion teams are assigned their pick in the NBA Draft - and if the league decides that the heavily speculated Supersonics and Las Vegas teams or whichever curveball city gets a team are eligible for a chance at drafting Cooper Flagg/Ace Bailey than this gets even more complicated but that scenario is largely unprecedented as far as expansion teams in the draft are concerned.

Since the league is adding 2 teams, we'll look at the Canada expansion in 1995 for a bit of precedent, along with the 2004 draft with the Bobcats due to more significant movement in the lottery results vs. the records of the teams in said lottery.

In the 1995 NBA lottery, the teams selecting from 8-13 had their picks announced without any movement from their pre-draft position.  During the lottery, then-commissioner of the NBA David Stern announced that the Toronto Raptors and Vancouver Grizzlies would be selecting 6th and 7th, however the order would be determined at a later time.

https://preview.redd.it/tv1zvo1e9led1.png?width=1087&format=png&auto=webp&s=68325be9f42262ad9282baaaaf76d0911b99dfb5

The rest of the lottery draw proceeded, with the Golden State Warriors jumping from 5th to 1st, the Philadelphia 76ers jumping up to 3rd from 4th and the Clippers, Bullets (Later renamed the Wizards) and Timberwolves dropping to 2nd, 4th and 5th respectively.

It is worth noting that there a couple of differences between the lottery then and now.  In addition to flattened odds, the NBA now selects the Top 4 picks in the NBA lottery via lottery balls as opposed to just 3 like they did in 1995.  However, there are some observations that we can make from all of this.  While none of the teams below the Raptors/Grizzlies moved up, if one of them did so then whichever team below them would have dropped would be bumped down to 8th.

This actually happened in 2004 where the teams with the worst 4 records in the NBA that season were the Magic, the Bulls, the Wizards and the Clippers.  The expansion Charlotte Bobcats were given the 4th overall pick.  The Wizards and Bulls dropped from their pre-lottery positions; the Bulls went down from 2nd to 3rd and the Wizards dropped to 5th, below the Bobcats despite having the 3rd worst overall record.

With the flattened lottery odds, a scenario this is more likely to happen than ever before; we saw similarly unlikely outcomes in this year's draft where the Atlanta Hawks and Brooklyn Nets (whose pick ended up going to the Rockets as a result of the James Harden trade) jumped up to 1st and 3rd respectively despite having the 9th and 10th best odds of a Top 4 pick in the lottery.  Even the Spurs saw a slight jump up to 4th from 5th overall.

All of this is to say that the 2025 NBA lottery could make for a very wacky outcome if the Raptors do wind up in the lottery once more, depending on where the NBA decides to place these new teams' picks.

Let's use the below scenario to illustrate this, assuming that the new expansion teams will be given the 5th and 6th pick:

* August 2024:  The NBA announces two new expansion teams:  The Seattle Supersonic and the Montreal Muskox
* April 2025:  The Raptors have another poor season and end up with the 6th worst record in the league once more
* As a result of this, the Raptors have the 6th best overall odds in the lottery
* Lottery Day:  The NBA lottery results are in and **3 teams below the Toronto Raptors** jump in to the Top 4
   * As a result of this, the Raptors should drop to 9th overall in a normal draft, however...
   * The league also announces in the middle of the draft that the Supersonics/Muskox will be assigned the 5th/6th pick in the 2025 NBA Draft; the two teams will partake in a coinflip for the 5th pick at a later date
   * As a result, all the teams that did not jump in to the Top 4 will be arranged from worst to best W/L record starting with the 7th overall pick
      * This means that the Raptors will have the 11th pick out of the 16 lottery picks in the 2025 NBA Draft despite having the 6th worst record

If we want to get technical, we would find out that the Raptors dropped to 11th/three teams jumped up in real-time on the day of the lottery i.e. before we find out where the two expansion teams end up, and there would be 16 teams in the lottery as opposed to 14.  Still, the end result is the same:  The Raptors would end up with a lower pick overall as a result of bad lottery luck and the slotting of two new NBA teams.

Now the above is a very unlikely scenario but stranger things have happened in the NBA.  Besides the risk of expanding into the Canadian economy, part of the reason the Raptors and Grizzlies faced several lottery-related restrictions were due to the Orlando Magic, then a new franchise, winning back-to-back #1 overall picks in consecutive drafts, with the 2nd year being one of the lowest overall chances for a team to win the 1st overall pick being amongst the lowest percentages a team has ever won the top pick in NBA history.  This made them a far better team more quickly than anticipated, and it wasn't long before the Magic made their way to their first ever Finals in 1995 against the Houston Rockets.

All of this is to say that this year's draft could have more reason for excitement - and dread - depending on where the lottery balls end up should the Raptors wind up in it once more."
73,A Missed Trade and the 2024 Playoff Butterfly Effect,"Remember back in the summer all the Dame hype. The surprising best offer was Toronto's bunch of picks and filler. It was looking closer and closer to a Kawhi style heist if Miami was the only other competing offer. You could see Dame's representation get desperate the way they kept name dropping Toronto as a bad destination for him. You could tell it was close. Bobby Webster even said it was the biggest trade offer they've ever made for a player. 

Then Dame finally got Milwaukee to bite on a trade. But what if they didn't?

What if Toronto sent 3 firsts plus swaps, Dick, Precious, Trent out for Dame?

I'm really glad they didn't, but you can see the butterfly effects.

- Siakam, OG, Jrue, Smart, and Brogdon wouldn't have been traded.

- Boston would run it back with the addition of Porzingis. Probably still top seed.

- Milwaukee keeps their roster. They would've been better off.

- Indiana doesn't get Siakam. They're worse off.

- Knicks don't get OG. They're worse off.

- Toronto probably at least gets into the playoff/ins. They would probably bump out Indiana if Hali is still injured and they don't get Siakam.

- Who knows, the way these playoffs shaped up, the Raps could've been out in the Playin or be playing in the conference finals.

But the problem is that Dame is starting to look past the stage of being THAT guy. He's good but not great. The Raps would need to double down on this roster without a lot of ways to improve it. OG and Siakam would get signed, and it would be rolled back for the next 3 or 4 years.

I gotta admit, I much happier with the direction that was chosen, even if the team will be worse for the next few years."
74,I'm ready to watch this masterpiece,
75,Masai and Bobby trying to trade up for Lebo Jawara,
76,Poll: Who should represent the Raptors at the 2024 NBA Lottery?,"As the title asks.  Obviously there's only a max of 6 spots to include in the poll so i've tried to condense some of the options.

[View Poll](https://www.reddit.com/poll/1ckd587)"
77,Which late first rounder from this draft class is most likely to surpass expectations that the Raptors should take a flyer on?,This is Bobby Webster btw
