,Title,Content
0,Should James Jones be Fired after this season?,
1,James Jones contract expires after this season,Gerald Bourguet said on the PHNX Sports Podcast that James Jones contract expires after this season. 
2,"Suns GM James Jones tells @BurnsAndGambo that there is no scenario in which Devin Booker, Kevin Durant and Bradley Beal would be traded this offseason.",
3,Bud and James Jones locked in scouting the draft combine scrimmages.,
4,James Jones Draft Picks Ryan Dunn & Toumani Camara Make Rising Stars,
5,"[Bourguet] Suns GM James Jones declined to touch on the Kevin Durant trade rumors, going with his usual approach of wanting to keep things internal. Said there's a lot of noise around this type of year",
6,James Jones. Whats his letter grade for his performance so far in our FO? ,"I feel like James jones is one of the leagues better execs despite making some blunders in his tenure. 

For me I’d say he gets a B. "
7,Mat Ishbia and James Jones this is the one shot in a lifetime please don’t miss it,
8,Fire James Jones,"I know nobody wants Bradley Beal, and he won’t waive his NTC anyways so you can’t trade him, but you can’t just sit on an aging player like KD, and let his value go to 0 on a team that is 25-25 and going nowhere. 

Go try and trade for Derek Lively+, Evan Mobley or something, at least try to get some young talent to make the future teams better, because there is no helping this years team be able to win."
9,"[Bourguet] James Jones said the Suns wanted to get more athletic and add some size defensively, and they accomplished that with Ryan Dunn, while also adding some extra draft capital for the future",
10,James Jones: “we could benefit from having a point guard”,
11,Kellan Olson (@KellanOlson) on X James Jones says he believes no team has properly maximized Kevin Durant yet and they want to be the first team to do so. Called it a phenomenal offensive season for KD. Reiterated the Suns were not on the same page and ran out of time.,
12,[PHNX Suns] James Jones talks about his confidence in both the returning players and new players. “We’re all in.” ,
13,James Jones and Ishbia why didn’t you take a look at picking up Moses Brown on a minimum,
14,"[Bourguet] James Jones on Ryan Dunn's shooting and his faith the Suns will be able to help him improve in their development program: ""He'll be primed to improve as a shooter, and if he can do that and do it quickly, he'll be a gem.""",
15,Us to James Jones when this Nurkic trade happens,
16,"[Post Game Thread] The Phoenix Suns defeat the Los Angeles Clippers, 119-117.","
||
|:-:|
|[](/LAC) **117 -  119** [](/PHX)|
|**Box Scores: [NBA](http://www.nba.com/game/LAC-vs-PHX-0022400889/box-score) - [Yahoo](https://sports.yahoo.com/nba/scoreboard/)**|

||
|:-:|
|&nbsp;|
|**GAME SUMMARY**|
|**Location:** PHX Arena (17071), **Clock:** Final|
|**Officials:** JB DeRosa, Brian Forte, and Nate Green|

|**Team**|**Q1**|**Q2**|**Q3**|**Q4**|**Total**|
|:---|:--|:--|:--|:--|:--|
|Los Angeles Clippers|24|41|30|22|117|
|Phoenix Suns|30|19|27|43|119|

||
|:-:|
|&nbsp;|
|**TEAM STATS**|

|**Team**|**PTS**|**FG**|**FG%**|**3P**|**3P%**|**FT**|**FT%**|**OREB**|**TREB**|**AST**|**PF**|**STL**|**TO**|**BLK**|
|:--|:--|:--|:--|:--|:--|:--|:--|:--|:--|:--|:--|:--|:--|:--|
|Los Angeles Clippers|117|43-82|52.4%|8-30|26.7%|23-27|85.2%|6|43|29|22|8|6|3|
|Phoenix Suns|119|41-80|51.2%|14-34|41.2%|23-27|85.2%|7|43|31|20|5|11|3|


||
|:-:|
|&nbsp;|
|**PLAYER STATS**|

||||||||||||||||
|:--|:--|:--|:--|:--|:--|:--|:--|:--|:--|:--|:--|:--|:--|:--|
**[](/LAC) Los Angeles Clippers**|**MIN**|**PTS**|**FGM-A**|**3PM-A**|**FTM-A**|**ORB**|**DRB**|**REB**|**AST**|**STL**|**BLK**|**TO**|**PF**|**±**|
|Kawhi Leonard^SF|36:39|21|9-20|1-6|2-2|2|2|4|3|1|1|2|2|4|
|Bogdan Bogdanović^PF|36:54|13|5-7|3-4|0-0|0|4|4|3|0|0|1|5|19|
|Ivica Zubac^C|36:44|35|15-18|0-0|5-6|0|9|9|3|1|1|0|4|22|
|Kris Dunn^SG|31:40|2|1-6|0-5|0-0|0|1|1|3|2|0|0|5|3|
|James Harden^PG|37:36|21|5-14|2-9|9-11|0|6|6|15|2|0|1|1|-5|
|Amir Coffey|22:13|13|5-8|1-2|2-2|0|2|2|0|2|0|0|3|-10|
|Drew Eubanks|11:19|7|1-4|0-0|5-6|2|2|4|0|0|1|0|0|-24|
|Nicolas Batum|16:54|3|1-4|1-4|0-0|2|1|3|2|0|0|1|1|-8|
|Jordan Miller|09:59|2|1-1|0-0|0-0|0|3|3|0|0|0|1|1|-11|
|Kobe Brown|00:00|0|0-0|0-0|0-0|0|0|0|0|0|0|0|0|0|
|Cam Christie|00:00|0|0-0|0-0|0-0|0|0|0|0|0|0|0|0|0|
|Patty Mills|00:00|0|0-0|0-0|0-0|0|0|0|0|0|0|0|0|0|
|Patrick Baldwin Jr.|00:00|0|0-0|0-0|0-0|0|0|0|0|0|0|0|0|0|
|Trentyn Flowers|00:00|0|0-0|0-0|0-0|0|0|0|0|0|0|0|0|0|
|Derrick Jones Jr.|00:00|0|0-0|0-0|0-0|0|0|0|0|0|0|0|0|0|
|Seth Lundy|00:00|0|0-0|0-0|0-0|0|0|0|0|0|0|0|0|0|
|Norman Powell|00:00|0|0-0|0-0|0-0|0|0|0|0|0|0|0|0|0|
|Ben Simmons|00:00|0|0-0|0-0|0-0|0|0|0|0|0|0|0|0|0|
**[](/PHX) Phoenix Suns**|**MIN**|**PTS**|**FGM-A**|**3PM-A**|**FTM-A**|**ORB**|**DRB**|**REB**|**AST**|**STL**|**BLK**|**TO**|**PF**|**±**|
|Kevin Durant^SF|41:08|34|10-22|4-11|10-10|0|7|7|4|1|2|2|2|16|
|Bol Bol^PF|09:05|2|1-5|0-2|0-0|0|1|1|0|0|0|1|2|-16|
|Nick Richards^C|23:25|16|8-10|0-0|0-0|2|5|7|0|0|0|0|2|-16|
|Bradley Beal^SG|14:40|0|0-4|0-1|0-0|1|1|2|2|1|1|2|0|-18|
|Devin Booker^PG|40:59|17|6-11|1-4|4-8|1|4|5|8|0|0|5|4|-9|
|Royce O'Neale|28:47|12|4-9|4-7|0-0|1|2|3|3|0|0|0|2|2|
|Grayson Allen|23:58|8|3-3|2-2|0-0|0|3|3|2|2|0|0|2|16|
|Mason Plumlee|24:32|14|4-7|0-1|6-6|1|5|6|4|0|0|0|4|19|
|Tyus Jones|18:49|6|1-3|1-3|3-3|0|1|1|5|1|0|1|1|-5|
|Collin Gillespie|14:35|10|4-6|2-3|0-0|1|1|2|3|0|0|0|1|21|
|Ryan Dunn|00:00|0|0-0|0-0|0-0|0|0|0|0|0|0|0|0|0|
|Oso Ighodaro|00:00|0|0-0|0-0|0-0|0|0|0|0|0|0|0|0|0|
|Damion Lee|00:00|0|0-0|0-0|0-0|0|0|0|0|0|0|0|0|0|
|Vasilije Micić|00:00|0|0-0|0-0|0-0|0|0|0|0|0|0|0|0|0|
|Monté Morris|00:00|0|0-0|0-0|0-0|0|0|0|0|0|0|0|0|0|
|Jalen Bridges|00:00|0|0-0|0-0|0-0|0|0|0|0|0|0|0|0|0|
|Cody Martin|00:00|0|0-0|0-0|0-0|0|0|0|0|0|0|0|0|0|
|TyTy Washington Jr.|00:00|0|0-0|0-0|0-0|0|0|0|0|0|0|0|0|0|
"
17,"Bye Frank Vogel, bye James Jones, bye half the players on this roster!",What did we do to deserve this to happen four straight years?
18,[TDD] 2/6/25 The NBA Trade Deadline @ 1 pm MT,"Will the Suns shake things up before the trade deadline?

Is there a move that can turn this season around?

Can James Jones pull off a last-minute deal to keep his job?

The team insists Devin Booker is untouchable!

Suns fans, let us pray! 🙏🔥

\#SunsUp

PS: Please post all your trade ideas and discussion here. If it’s not breaking news, mods may remove trade related posts and direct users to this thread to keep the sub free of clutter."
19,Post Game Thread: The Phoenix Suns defeat The Los Angeles Lakers 127-100,"#Los Angeles Lakers at Phoenix Suns

Footprint Center- Phoenix, AZ

[ESPN](https://www.espn.com/nba/game/_/gameId/401703408/lakers-suns)

[TV/Radio](https://reddit.com/r/suns/comments/1h0t8wp/game_thread_los_angeles_lakers_106_at_phoenix/lz6dkvn/)



***

|Time Clock|
|:--:|
|Final|

||Q1|Q2|Q3|Q4|Total|
|:--|--:|--:|--:|--:|--:|
|LAL |25|35|18|22|100|
|PHX |31|31|36|29|127|

###Player Stats

**Los Angeles Lakers**

|Player|MINS|PTS|FGM-A|3PM-A|FTM-A|ORB|DRB|REB|AST|STL|BLK|TO|PF|+/-|
|:--|--:|--:|--:|--:|--:|--:|--:|--:|--:|--:|--:|--:|--:|--:|
|R. Hachimura|23:08|7|3-8|1-4|0-0|0|1|1|1|0|0|0|1|-10
|L. James|34:44|18|7-16|2-7|2-2|1|7|8|10|0|0|5|0|-30
|A. Davis|34:42|25|10-19|0-2|5-7|2|13|15|5|1|4|3|3|-24
|C. Reddish|22:58|0|0-3|0-1|0-0|0|2|2|1|2|0|0|3|1
|A. Reaves|30:36|15|6-12|2-6|1-1|1|2|3|2|2|0|1|0|-16
|D. Russell|28:48|16|5-13|1-6|5-8|0|3|3|4|1|0|1|1|-23
|D. Knecht|19:25|7|2-7|1-4|2-3|1|3|4|0|0|0|0|0|-20
|M. Christie|13:36|2|1-1|0-0|0-0|0|0|0|1|0|1|0|2|-9
|J. Hayes|16:52|7|2-2|0-0|3-4|2|2|4|0|1|0|2|1|-8
|G. Vincent|14:06|3|1-4|1-4|0-0|0|2|2|1|0|1|0|0|4
|C. Koloko|1:03|0|0-0|0-0|0-0|0|0|0|0|0|0|0|0|0


**Phoenix Suns**

|Player|MINS|PTS|FGM-A|3PM-A|FTM-A|ORB|DRB|REB|AST|STL|BLK|TO|PF|+/-|
|:--|--:|--:|--:|--:|--:|--:|--:|--:|--:|--:|--:|--:|--:|--:|
|B. Beal|27:23|23|10-15|3-6|0-0|0|2|2|2|0|1|3|3|8
|K. Durant|29:43|23|9-17|3-6|2-2|1|5|6|2|0|0|0|2|21
|J. Nurkić|27:14|12|5-11|1-4|1-1|1|11|12|3|1|1|0|3|20
|D. Booker|34:08|26|10-17|3-7|3-4|1|1|2|10|1|1|3|0|29
|T. Jones|33:21|8|4-8|0-2|0-0|0|1|1|6|5|0|1|1|23
|R. O'Neale|23:43|9|3-6|3-6|0-0|1|8|9|1|1|0|1|0|13
|G. Allen|22:35|10|4-10|2-6|0-0|1|1|2|2|0|0|0|1|11
|M. Plumlee|6:22|0|0-0|0-0|0-0|0|3|3|0|0|0|1|2|4
|R. Dunn|15:17|5|2-6|1-4|0-0|1|3|4|1|1|0|0|3|8
|O. Ighodaro|13:52|7|3-6|0-0|1-1|2|3|5|3|0|0|0|1|-2
|J. Okogie|3:10|4|1-2|1-1|1-2|0|0|0|0|0|0|0|2|0
|M. Morris|3:10|0|0-1|0-0|0-0|0|0|0|1|0|0|0|0|0
###Team Stats

|Team|FGM-A|3PM-A|FTM-A|AST|PF|STL|TO|BLK|OREB|DREB|REB|
|:--|:--|:--|:--|:--|:--|:--|:--|:--|:--|:--|:--|
|LAL|37-85|8-34|18-25|25|11|7|12|6|7|35|51|
|PHX|51-99|17-42|8-10|31|18|9|9|3|8|38|54|

***

Use [reddit-stream.com](https://reddit-stream.com/comments/auto) to get an autorefreshing version of this page

Note: This data is only as accurate as NBA.com

[Please message u/nba_gdt_bot if you have any suggestions or notice any bugs with the bot](https://www.reddit.com/message/compose?to=nba_gdt_bot&subject=NBA_Bot)"
20,"[Post Game Thread] The Los Angeles Lakers (40-25) defeat the Phoenix Suns (31-36), 107-96.","
||
|:-:|
|[](/PHX) **96 -  107** [](/LAL)|
|**Box Scores: [NBA](http://www.nba.com/game/PHX-vs-LAL-0022400977/box-score) - [Yahoo](https://sports.yahoo.com/nba/scoreboard/)**|

||
|:-:|
|&nbsp;|
|**GAME SUMMARY**|
|**Location:** Crypto.com Arena (18997), **Clock:** Final|
|**Officials:** James Capers, Nick Buchert, and Brandon Adair|

|**Team**|**Q1**|**Q2**|**Q3**|**Q4**|**Total**|
|:---|:--|:--|:--|:--|:--|
|Phoenix Suns|15|22|34|25|96|
|Los Angeles Lakers|31|23|29|24|107|

||
|:-:|
|&nbsp;|
|**TEAM STATS**|

|**Team**|**PTS**|**FG**|**FG%**|**3P**|**3P%**|**FT**|**FT%**|**OREB**|**TREB**|**AST**|**PF**|**STL**|**TO**|**BLK**|
|:--|:--|:--|:--|:--|:--|:--|:--|:--|:--|:--|:--|:--|:--|:--|
|Phoenix Suns|96|35-89|39.3%|9-41|22.0%|17-21|81.0%|13|59|25|27|5|14|4|
|Los Angeles Lakers|107|35-81|43.2%|14-39|35.9%|23-32|71.9%|7|54|22|20|7|9|5|


||
|:-:|
|&nbsp;|
|**PLAYER STATS**|

||||||||||||||||
|:--|:--|:--|:--|:--|:--|:--|:--|:--|:--|:--|:--|:--|:--|:--|
**[](/PHX) Phoenix Suns**|**MIN**|**PTS**|**FGM-A**|**3PM-A**|**FTM-A**|**ORB**|**DRB**|**REB**|**AST**|**STL**|**BLK**|**TO**|**PF**|**±**|
|Ryan Dunn^SF|23:13|13|5-12|2-8|1-2|0|3|3|1|3|2|0|4|1|
|Kevin Durant^PF|36:45|21|6-17|2-7|7-10|0|9|9|2|0|0|5|3|-12|
|Nick Richards^C|19:18|11|5-6|0-0|1-1|4|2|6|0|0|1|1|1|3|
|Bradley Beal^SG|15:12|4|2-6|0-2|0-0|0|2|2|0|0|0|1|1|-12|
|Devin Booker^PG|39:44|19|6-17|0-3|7-7|3|2|5|11|1|0|3|5|-13|
|Mason Plumlee|05:38|0|0-0|0-0|0-0|1|2|3|0|0|0|0|0|-16|
|Royce O'Neale|21:41|10|4-11|2-8|0-0|1|4|5|1|0|0|2|3|-9|
|Collin Gillespie|23:28|3|1-7|1-6|0-0|2|4|6|3|1|0|0|5|-2|
|Tyus Jones|23:31|8|3-7|2-6|0-0|0|0|0|5|0|0|0|0|-1|
|Oso Ighodaro|23:04|4|2-3|0-0|0-0|0|5|5|2|0|0|1|4|2|
|Cody Martin|08:25|3|1-3|0-1|1-1|2|4|6|0|0|1|1|1|4|
|Bol Bol|00:00|0|0-0|0-0|0-0|0|0|0|0|0|0|0|0|0|
|Damion Lee|00:00|0|0-0|0-0|0-0|0|0|0|0|0|0|0|0|0|
|Vasilije Micić|00:00|0|0-0|0-0|0-0|0|0|0|0|0|0|0|0|0|
|TyTy Washington Jr.|00:00|0|0-0|0-0|0-0|0|0|0|0|0|0|0|0|0|
|Grayson Allen|00:00|0|0-0|0-0|0-0|0|0|0|0|0|0|0|0|0|
|Jalen Bridges|00:00|0|0-0|0-0|0-0|0|0|0|0|0|0|0|0|0|
|Monté Morris|00:00|0|0-0|0-0|0-0|0|0|0|0|0|0|0|0|0|
**[](/LAL) Los Angeles Lakers**|**MIN**|**PTS**|**FGM-A**|**3PM-A**|**FTM-A**|**ORB**|**DRB**|**REB**|**AST**|**STL**|**BLK**|**TO**|**PF**|**±**|
|Jordan Goodwin^SF|28:05|2|1-5|0-3|0-0|2|1|3|1|0|2|0|4|-3|
|Dorian Finney-Smith^PF|35:54|10|3-7|2-6|2-4|1|6|7|3|1|1|1|1|16|
|Jaxson Hayes^C|29:20|19|8-10|0-0|3-7|2|4|6|3|1|1|0|4|7|
|Austin Reaves^SG|39:25|28|10-21|4-10|4-5|0|4|4|6|2|1|2|1|14|
|Luka Dončić^PG|39:41|33|8-20|4-11|13-14|1|10|11|8|2|0|4|4|16|
|Gabe Vincent|27:23|9|3-7|3-5|0-0|1|0|1|1|1|0|0|3|15|
|Christian Koloko|14:50|3|1-5|0-0|1-2|0|4|4|0|0|0|1|0|-1|
|Jarred Vanderbilt|09:47|0|0-1|0-1|0-0|0|3|3|0|0|0|0|1|-5|
|Dalton Knecht|15:34|3|1-5|1-3|0-0|0|2|2|0|0|0|1|2|-4|
|Bronny James|00:00|0|0-0|0-0|0-0|0|0|0|0|0|0|0|0|0|
|Alex Len|00:00|0|0-0|0-0|0-0|0|0|0|0|0|0|0|0|0|
|Shake Milton|00:00|0|0-0|0-0|0-0|0|0|0|0|0|0|0|0|0|
|Markieff Morris|00:00|0|0-0|0-0|0-0|0|0|0|0|0|0|0|0|0|
|Cam Reddish|00:00|0|0-0|0-0|0-0|0|0|0|0|0|0|0|0|0|
|Rui Hachimura|00:00|0|0-0|0-0|0-0|0|0|0|0|0|0|0|0|0|
|LeBron James|00:00|0|0-0|0-0|0-0|0|0|0|0|0|0|0|0|0|
|Trey Jemison III|00:00|0|0-0|0-0|0-0|0|0|0|0|0|0|0|0|0|
|Maxi Kleber|00:00|0|0-0|0-0|0-0|0|0|0|0|0|0|0|0|0|"
21,[Bourguet] Can confirm the Suns are done before today's NBA Trade Deadline.,
22,dammit.FO thought this man was just a salary filler. messed up big time.,
23,Blaming Beal does not make sense.,"The Beal trade set this franchise back and ruined our chance to win with Booker and KD. But we could have avoided this situation if Matt Ishbia, James Jones, and Bartelstien had so been so hell-bent on forming a big 3. Everyone knew how bad the Beal contract was the moment he got it with Washington. 50+ million dollars a year with a no-trade clause!? Yet the front office traded for it, knowing that if something went wrong with Beal or the fit wasn't there, you would be stuck with him. And before anyone says oh why would Beal take that contract? Any player in the league takes that deal if offered to him.

Predictably we got in a situation where it was not working out and there seemed to be a way out of it with the Jimmy Butler situation. There was talk of Jimmy to PHX for months and many of us Suns fans thought it would happen. Throughout the saga, there was a lot of hate and blame towards Beal because of his contract. He is not the reason though we are stuck with him. He did not owe Phoenix anything and should not have to move his family if he did not want to. Also, the reason we could not get a deal done with Jimmy was that no team wanted Beal and his contract.

Some of you Suns fans act so entitled when it comes to Beal and his NTC. ""He is ruining the franchise if he does not waive it"" ""Fuck Beal because he only cares about himself"". Beal has been a professional with the Suns taking the bench role seriously and while his on-court performance has been lackluster he at least seems like a great teammate.  It would be one thing if Beal was single and basketball was the only priority in his life. But he has a family and he loves the Phoenix area. Why would he go and move his family away from a stable environment? Moving and trades come with the job but he is in a situation where he has the ability to choose and I don't blame him for choosing. This does not matter though since no team even wanted to take him on and he never got a chance to waive the NTC.

There are no reports about Beal being asked to waive his NTC or anything close to it(if something comes out later I apologize for being wrong). I am sure James Jones and the FO looked for a team that would take Beal's contract for draft capital but there was not a team dumb enough to do so. The NTC is not the reason why Jimmy is not in PHX. It's the 50+ million dollar deal for an above-average SG.

We are in our current situation because the FO has fumbled the chance to build a complete team around Booker and Durant. I believe the duo could have worked, but Ishbia thought throwing money at everything would equal success."
24,A scathing rebuke of the Suns Organization,"[https://www.cbssports.com/nba/news/nba-front-office-rankings-celtics-okc-at-the-top-mavericks-sink-after-luka-trade-but-theyre-not-no-30/](https://www.cbssports.com/nba/news/nba-front-office-rankings-celtics-okc-at-the-top-mavericks-sink-after-luka-trade-but-theyre-not-no-30/)

Ranked 3rd worst front office in the NBA:

# 28. [Phoenix Suns](https://www.cbssports.com/nba/teams/PHO/phoenix-suns/)

No organization in the NBA operates with less foresight than the Suns. That's true in a macro sense, obviously. [ESPN's Kevin Arnovitz](https://www.espn.com/nba/insider/story/_/id/34126111/how-phoenix-suns-plan-nail-nba-draft-mostly-ignoring-it) wrote a lengthy feature about how little stock general manager [James Jones](https://www.cbssports.com/nba/players/400555/james-jones/) puts into the draft. But it's evident on a micro level as well. They are the impulse shoppers of the NBA.

They went after Bradley Beal as a pure talent play, but didn't stop to think that maybe uniting three players on max contracts that do not generate consistent rim pressure might yield diminishing offensive returns and hamstring their ability to field a decent defense. They traded one very valuable unprotected 2031 first-round pick to the Jazz for three very weak picks. At the time, it seemed as though the move was a precursor to a Jimmy Butler trade. It turned out, however, they had no follow-up move lined up. They just sacrificed a very valuable asset for... the theoretical flexibility to trade three worse assets separately? They didn't even think to keep Kevin Durant informed when they discussed trading him at this deadline. That is a very basic star relationship fumble.

It doesn't seem as though decisions are made with a three-year plan in mind, or even a three-month plan for that matter. One minute they're aiming for a big three of Durant, [Devin Booker](https://www.cbssports.com/nba/players/2152529/devin-booker/) and Jimmy Butler. The next, they're prepared to give up Durant, the best player in that trio, to secure Butler? They're currently on their third coach in three years with no signs of improvement. They control none of their own picks between now and 2031. [Ryan Dunn](https://www.cbssports.com/nba/players/28954070/ryan-dunn/) is the only notable young player on the roster, but they somehow managed to give up [Toumani Camara](https://www.cbssports.com/nba/players/3141429/toumani-camara/), who would eventually grow into the perfect young role player for this roster, as a throw-in when they shipped [Deandre Ayton](https://www.cbssports.com/nba/players/2891991/deandre-ayton/) to Portland. It's one thing to ruin your future by going all-in on the present. It's another to botch the *present* by going all-in on the present. The Suns have done so, and that inspires little trust in their leadership moving forward."
25,Does anyone agree with me that Durant’s trade value will only go down between now and the offseason?,"We REALLY botched the Durant non-trade. So now we take the risk that he gets injured and then his trade value plummets. Based on the way the Suns have been playing I honestly think that it would be better for them not to make the playoffs because if KD makes the play-in game or gets punted out of the first round again and looks old and slow then teams are going to start questioning whether they should spend max money on this guy. I’m not saying he’s an awful player, I’m just saying that every player gets looked at through the lens of their salary and their age. KD is old and his salary is astronomical. He’s not a culture-builder on a young team and he’s not going to mentor anyone at all, so if he doesn’t elevate the Suns this year in the playoffs when it matters most then who would someone commit $120M over two years for him? If I’m a GM I absolutely wouldn’t do that. 

Oh and the Suns have now pissed him off because in his mind any team would be foolish to consider trading a 60M dollar 37 year old right? So now they have to repair a relationship that was okay a week ago. Good move James Jones. "
26,We should have never parted ways with Deandre Ayton.,I am ready for everyone to disagree with me. Our front office should have kept Deandre Ayton and Toumani Camara once we had moved on from Monty Williams and gave Frank Vogel a chance with him. I am tired of watching this team get bullied by guys 8 years younger than them. What did Jusuf Nurkic get us?
27,I like Ishbia,I really do think he’s a competent owner. This experiment has just completely failed and it isn’t uncommon for teams to fail like this. I appreciate his efforts to make us a contender even if it didn’t work. it’s a breath of fresh air compared to other arizona sports teams (or the old suns). If this experiment had worked we would all be praising him. And it’s not like it’s all over yet if we can force a trade for jimmy butler.
28,"Remember when we let go/got rid of Torrey Craig, Jock Landale, and Cam Payne for no reason?","Torrey Craig shot 39% from 3 this year, better percentage than Eric Gordon! His defense and rebounding would've been pretty nice to have too.

Cam Payne was also solid from 3 and has at least decent passing and defensive ability, he would've been our best guard off the bench.

Jock Landale.... He really sucked at the beginning not going to lie but he got better. Plus he had great chemistry with KD and Booker. No way he could've possibly been worse than eubanks.

All this to say, I don't exactly trust James Jones on the margins. He has repeatedly shown he isn't good at filling out the roster and I'm concerned that he's still untouchable in the org."
29,Beal really hasn’t played a full season in 6 years ,Ishbia and James Jones check this?
30,"Seriously, how have we not traded Nurk yet?","Clearly he isn’t getting on the court anytime soon, and we really need another forward that can play defense that has some size. We have three first rounders and a second to use in a trade. His value isn’t getting any better if we play him or don’t play him. We can’t stand pat either. The next question would be, will Bud play said new guy? If we are going to make a push, the dead weight needs to be dropped and new energy needs to be injected."
31,[Gambo] on KD Trade,
32,😣,
33,"Go ahead optimists, convince me",
34,Who is next on the Phoenix Suns mediocre head coach carousel?,
35,Bradley Beal is playing the best defense of his life [OC analysis],"\[This was originally intended for the broader NBA audience at r/nba, so forgive any ""no-duh"" stuff for Suns fans\]

Have you ever thought about how rechargeable batteries work?

Like most people, I assume, I never gave them much thought. You plug one into an outlet, and portable electricity just sort of piles up inside, like filling up a champagne flute with Miller High Life, right?

That, of course, isn’t quite accurate. As you use a battery, electrons flow from the negative end to the positive end. When equilibrium is established, flow ceases, and the battery dies. To charge the battery, you have to put in energy to reverse the flow and force electrons back to the negative side.

Apologies to any engineers out there for the gross oversimplification, but I was thinking about the flow of electrons from one end to the other when considering Bradley Beal’s career arc. Few players have had as many ups (relatively) and downs (absolutely) as Beal. He’s had multiple seasons with a [Defensive Estimated Plus/Minus ](https://dunksandthrees.com/player/203078)in the bottom decile!

*\[I've collected a bunch of clips and graphs to illustrate my points. They* [can be viewed in one place in-context here](https://www.basketballpoetry.com/p/bradley-beal-is-playing-the-best)*. Thanks for reading!\]*

Of course, in each of those years, Beal was an elite offensive player, generally making up for his porous defense. However, since his trade to Phoenix last season, Beal has understood his assignment better than most. By almost any measure, he’s playing at or near career-best defensive levels, forcing electrons from one side of his battery to the other.

To wit, here is a chart I made with his D-EPM percentiles by year: \[[chart here](https://www.basketballpoetry.com/p/bradley-beal-is-playing-the-best)\]

Most players don’t have the peaks and valleys we see above, and it’s even rarer to see someone reach new heights in their 13th season. To further my case, here is his Defensive DARKO chart, another all-in-one defensive metric: \[[chart here](https://www.basketballpoetry.com/p/bradley-beal-is-playing-the-best)\]

You and I don’t need to know exactly what goes into those models to understand what they’re saying: the defensive battery is fully recharged!

If you’re not into alphabet soups, Beal’s newfound defensive prowess is borne out in more easily digestible ways, too. Beal is averaging the most steals and blocks of his career so far (which, naturally, means he sports [the highest Defensive Box Plus/Minus](https://www.basketball-reference.com/players/b/bealbr01.html) of his life by a mile). Phoenix lineups with Beal [only give up 111.3 points per 100 possessions](https://cleaningtheglass.com/stats/player/231/lineups#tab-four_factors), a well above-average mark.

NBA players do not usually see a massive defensive upswing in their 30s; defense is a younger man’s game, reliant upon quick-twitch athleticism and endurance. But Beal’s defense is far from a numbers-driven narrative. Coach Mike Budenholzer has deployed him as the starters’ point-of-attack pitbull. [NBA.com](https://www.nba.com/stats/player/203078/head-to-head) says his primary defensive matchups have included Tyrese Maxey, Anfernee Simons, and LeBron James (perhaps somewhat of James’ choosing, but they haven’t been eaten up in those minutes!), and BBall-Index says that Beal has had the toughest defensive assignments of any Suns starter by a mile.

Now, he’s hardly perfect. I’m not trying to pull an [Anna Sorokin](https://en.wikipedia.org/wiki/Anna_Sorokin) here; Beal won’t be making anybody’s All-Defensive teams. As a small-ish guard, he can only do so much against bigger players. He occasionally gets caught going under screens when he should go over, and bizarrely, at least twice, I’ve seen him tying his shoe in the middle of the defensive action: \[[video here](https://www.basketballpoetry.com/p/bradley-beal-is-playing-the-best)\]

But shoelace issues aside, the effort level is consistently there. He’s putting in the energy to reverse the flow. How often have we seen a player go from max-contract, first-option status to grit-and-grinder almost overnight? How many undersized former 30-point scorers add the ability late in their career to destroy a 3-on-1 fastbreak like a miniature Draymond Green? \[[video here](https://www.basketballpoetry.com/p/bradley-beal-is-playing-the-best)\]

Although he’s been around seemingly forever, Beal is just 31 years old, and he still has excellent lateral agility and a 6’7” wingspan. He has some good (though not great) physical tools, and as the charts above show, he’s unleashed them in a way we haven’t seen in years. He’s playing hard, like when he fights through two screens to contest a Tyrese Maxey triple here: \[[video here](https://www.basketballpoetry.com/p/bradley-beal-is-playing-the-best)\]

Or here, where he effortlessly flits past two more screens again and harasses Tyler Herro into a slip: \[[video here](https://www.basketballpoetry.com/p/bradley-beal-is-playing-the-best)\]

I hear you harrumphing. Rock-solid screen navigation, but not precisely highlight-worthy, right? That’s sort of the point. This is what Beal looks like all the time: *workmanlike*. You can go pretty far with a coherent defensive scheme and effort in the NBA.

“I’m very excited about taking on the task of guarding guys,” [Beal said a few days ago.](https://arizonasports.com/story/3563061/suns-defense-bradley-beal-improve/) “I just think that’s another level I can tap into.”

And that’s a level that the entire Suns *team* has tapped into. It’s true that Phoenix has faced a slate of opposing offenses more crippled than me after my forthcoming meniscus repair — two games against the Clippers without Kawhi plus a match against an Embiid-less 76ers team — but they’ve maintained a level of focus and intensity we haven’t seen from the Durant-era Suns in the past.

The Suns switch less than they used to, and Budenholzer has challenged his players to get over screens and stay attached to the ballhandler’s hip. Coach Bud’s teams are almost always elite defensively, and he has a strict ethos passed down from his days on Spurs coach Gregg Popovich’s staff: [never, ever foul](https://www.basketballpoetry.com/p/which-new-nba-head-coach-is-best).

For a guy oft-criticized in the past for being too rigid, Budenholzer has changed his defensive philosophy in important ways (besides the no-fouls mandate). For example, his old Bucks teams used to allow opposing teams to shoot as many threes as they wanted, as long as those shots came from suboptimal shooters. Teams have gotten so good at shooting over the last few seasons, however, that this strategy is no longer tenable. His final Milwaukee season [saw the Bucks rank fourth in three-point attempt rate](https://thef5.substack.com/p/pushing-buttons) allowed after being bottom-five in the previous four seasons. So far, the Suns have[ been top-10 in disallowing threes](https://cleaningtheglass.com/stats/team/24/team#tab-shooting_defense_frequency) (including third in preventing corner threes) and 11th in opposing free-throw rate (a number I expect to improve over time with fewer games against the freebie-tastic Lakers).

The Suns rarely force turnovers (another Bud trademark), preferring to stay disciplined in their approach, but they clean the defensive glass at an elite mark. Add it all up, and you have a defensive identity that is both clear and (so far, at least) effective.

It’s tempting to say Phoenix’s defense is more than the sum of its parts, but that’s doing the parts a discourtesy. Jusuf Nurkic is an excellent drop defender with surprisingly quick hands, even if he can struggle with more mobile matchups (see his benching against AD). He doesn’t get nearly the love he deserves for his long-time defensive prowess.

Royce O’Neale is the consummate 3-and-D professional (and a vastly underrated playmaker, but I digress) who has been a change-of-pace small-ball five throughout the season. Rookie Ryan Dunn is already the best defender on the team, a grizzly bear mirroring footsteps like a particularly toothy shadow. He’s the situational break-glass player for when the Suns need some bigger perimeter help. Devin Booker has been his customary solid self, and Kevin Durant has been more than solid. Grayson Allen, Mason Plumlee, and Tyus Jones are not gifted individual defenders, but they know the gameplan, and they execute.

When it all comes together, Phoenix can string together some gorgeous sequences: \[[video here](https://www.basketballpoetry.com/p/bradley-beal-is-playing-the-best)\]

It’s a long season. A lot can go wrong for both the injury-prone Beal (already nursing an elbow injury) and his squad. The Suns are a rickety bunch at the best of times, and we don’t know how they will hold up when they go against more dangerous offenses.

But it’s hard to point to what the Suns should be doing better, given their competition so far, and it starts with their third-wheel star embracing his new role as a high-energy stopper. Beal’s battery is full, and if it can keep a charge through the playoffs, Phoenix’s 7-1 start will prove no fluke."
36,Ayton has more lob dunks than the entire Suns roster,"For the last two seasons, in 95 games as a Blazer Deandre Ayton has 57 lob dunks. In that same period, in 149 games the entire Suns roster has only 36 lob dunks. That’s every Suns player‘s lob dunks added up, last year and this year. That is crazy! James Jones really built the most unathletic Suns team of all time."
37,"Hypothetically speaking… if “winning fixes everything” how would you feel if the current FO stays intact, regardless of the moves they make (players/coaches) this offseason?","I know a lot of fans are frustrated with Mat Ishbia too, but realistically, he’s not going anywhere until he accomplishes the goal he set for himself as an owner. So if next season results in a championship or even a strong playoff run, would that be enough for you to be okay with Josh Bartelstein and James Jones still being around to steer this ship?

To be clear, I’m not trying to insinuate anything about what the suns front office/ownership/players/coaches may or may not do—just genuinely curious, not trying to bait anyone into a narrative here."
38,Lakers got Finney-Smith for peanuts,"All the Lakers gave up was three 2nd round picks and D-Lo. 

Why couldn’t the Suns get him? 

Suns get: Finney Smith, filler

Nets get: Grayson Allen and 1st round pick top 5 protected 

Finney-Smith is the ideal player the Suns need. A big forward who can guard and can shoot decently from the corner. I’d like to get a center but there was no one available.

James Jones continues to screw things up with signing 15 small guards.

Nets would definitely take the Suns deal with the 1st round pick and a very affordable Grayson contract.

Suns starters after the trade:

Jones, Book, KD, Finney Smith, Nurk

Bench: Beal, Royce, Josh, Dunn

Suns go from a small team to a team with good size and big scoring off the bench 

What a terrible mistake 

We can all dream about getting a center but it isn’t happening. Even with a 1st round pick attached the Suns can’t get a center that will make a big difference.

Finney-Smith would make a HUGE DIFFERENCE. He can even play small ball center. With Dunn, Josh and Finney-Smith the Suns would have great point of attack defense. 

Losing Grayson won’t be much of a hit because the Suns have 15 small guards. "
39,Enough with these casual hindsight takes 🤦‍♂️,"Everyone who's saying we shouldn't have made the Durant trade are the same people who rooted for it nonstop. People saying we tore a championship team down for Durant completely forget we just lost a 2-0 lead to the mavs the year before and we're hanging around .500 before trading for Durant. Everyone acts as if we went to the finals and made the Durant trade a week later lmao. It didn't work, so what? We traded our first round picks which will all be in the 20s and do you know what that equates to? NOTHING. Please go look at who the nets took last year with our pick, he played 2 games because he couldn't get on the court. Look at every draft from the last decade and tell me how many names you even recognize after 20. Cam and Allen are a wash. So essentially we lost Bridges (who is 28) for Durant. 

Would everyone be more happy if we stayed where we were and lost in the second round w cam and mikal year after year, or risked it all on a top 10 player in the history of basketball??? I swear, all these people with their dumbass takes started watching the suns in 2021 and have no idea what it takes to win a chip. We went for it and lost, but im happy we actually put our all chips in the middle and went all out because that's how championships are won 95% of the time. 

And holy shit, if I hear one more time that IT is the puppet master behind this team i'm going to lose it. As if IT is controlling Ishbia and by proxy forcing James Jones to make moves....when Jones had been working on the Durant deal before Sarver was ever forced to sell the team. Every IT rumor has been debunked, they are close friends and he sucks, but stop trying to find a scapegoat. 

STOP WITH THESE RIDICULOUS TAKES! If I hear one more post 2020 suns fan, who never cared about the suns or payed attention before we got good, I will lose my mind. BE PATIENT. These posts about trading beal durant and booker and unbelievable. Hell ya, I can't wait to go back to drafting Alex Lens and Josh Jackson's in perpetuity. Another full year with this team meshed together could do wonders and it's really our only option. Even the most delusional fanbase (Lakers) weren't trying to trade AD and Lebron after their string of postseason failures because there is no getting better than that, same with Durant and Booker.  

"
40,What if it was all a dream?,
41,Who are some prove it players the Suns might try to target?,There are a couple teams that have a large enough cap space to take a lot of these names off the list. My personal opinion is targeting a Nerlens Noel but honestly I have no clue where dude has been
42,"Despite the rough season, give KD and Booker at least another half season","I know this sounds crazy given how disappointing this season has been, but I would not trade KD this summer and give the KD-Booker at least the start of next season together. 

Look, despite all the constant complaining on this sub about how KD looks washed at times or Booker is inconsistent or not clutch or whatever, objectively they're not the problem. Durant has been extremely consistent and is still averaging 27/6/4 on 64% true shooting. Some of you might yell *EMPTY STATS*, but they're not empty. Durant, including last game against the Clippers, has probably won this awful team 10 (more than a third of the team's win this season) on his own. He might be 36 years old and a bit injury prone, but he (and LeBron and CP3) have shown that age doesn't really matter anymore. Stop bitching about KD's age and minutes. He's still better than all but maybe 10 players in the league.   
  
Booker has been inconsistent and inefficient compared to his previous seasons, but he's still 28 and averaging 26/4/7. Again, he could show more effort on the defensive end (and so could KD especially in transition), but we have two players combining for over 50 a game. They're not the problem overall.   
  
The issue is the front office has built a roster around Durant and Booker that doesn't fit at all. A Booker-KD led team CAN win games. Durant's first 8 regular season games with the Suns were all wins. Even in the first playoff run, after barely playing together, a Durant/Booker led team were the only ones to even challenge the defending champions in a series. That team was able to win games because they had an experienced floor general in CP3 running the offense; and despite how much this sub shits on Ayton, he's way better than any center currently on this roster and could actually grab rebounds and play defense. 

That summer after the 2023 playoff run, rather than building on top of that team and adding defense, James Jones literally decided to just go for the flashiest players without even thinking of what holes needed to be filled in the team. The Bradley Beal trade was ridiculously stupid, as Beal literally does the exact same things as Booker and KD, just not as good. Then, he trades away Ayton for another offensive-minded player in Nurkic. While Nurkic was a decent passing center, he could not play defense at all. Then, he trades for even 3 and no D shooting guards like Grayson Allen. 

Even this last summer, while we needed a point guard and we had limited options, we sign a guy that again while being a decent offense player, plays absolutely no defense in Tyus Jones. 

So what are we left with? We're left with KD and Booker, and then a bunch of small guards in Jones, Beal, and Allen that can shoot (all our shooting 40% from three) but offer almost nothing on the defensive end. This team didn't need a ton of shooters around KD and Book. KD and Book already provide a lot of shooting and scorer. The team needed actual defensive players, big bodies that grab a rebound and do the small things outside of scoring. 

I don't see the point of trading KD or even Booker when the front office hasn't even actually built a suitable team around them, and instead over the last few years has just been going after the best available offensive player in the market. 

We shouldn't trade KD this summer. Get off the Beal contract and then actually work on building a solid team of defenders around the 2 stars. "
43,Suns are gonna win the lottery and miss out on Cooper Flagg,"Would be a total suns moves to miss the playoffs, make the lottery and get the first pick just for us to not own it and miss out on a generational player..."
44,"[Woj] Free agent G TyTy Washington Jr., has agreed on a two-way contract with the Phoenix Suns, Kevin Bradbury of @LiftSportsMNGMT tells ESPN. ",
45,I am optimistic. And I think this roster will fail.,"I've been a Suns fan since about '07 and the team has been through some amazing and some shitty times in those 20ish years. I withstood the Desert of Perpetual Letdown during the decade of missing the playoffs and having my hope dashed to pieces by draft picks that didn't work out and coaches that couldn't make a difference. During this period I had very little faith in the organization to raise the floor and function competently. If they became good, it was because they lucked out by getting a generational player. This started to change when we acquired Mikal, Cam Johnson, Baynes, Rubio, and some other competent, if not astounding players. The team seemed to be building a philosophy and had some kind of plan. While that hasn't taken the Suns to the promised land, I feel reassured by the fact that there has been a philosophy guiding these choices.

Enter Ishbia, who is the embodiment of ""scared money don't make money."" Love him or hate him, the dude is committed to investing in this team. Not just in splashy trades, but in a bottom-up redefinition of the organization. Could he just be an idiot nepo-billionaire who doesn't know the value of money and has a new flashy toy? Sure. But my sense is he's treating the Suns and the NBA like a market that he has some innovative theories about. They are risky and they may be wrong, but I appreciate the systematic approach. 

The KD trade, the Beal trade, and if it happens, the Jimmy trade are going to be failures when it comes down to results. But the process reveals that Ishbia doesn't buy into the ""assets"" philosophy that the NBA and fanbases have bought into in recent years. Why this is the case, I'm not sure, but his investment in players and contracts rather than picks seems intentional and systematic. This isn't the same kind of \*Russian voice\* ""Win me championship,"" situation as the Prokhorov Nets. I think Ishbia and James Jones have recognized a few things. 

First, no contract is truly untradeable. People throw this around all the time only for the contract to get traded. Beal was untradeable and then he got traded. And now he might get traded again. 

Second, by definition, almost zero teams who hoard draft assets end up winning it all, ever, let alone in the near future. The Thunder, Jazz, Celtics, Sixers, Spurs, Rockets, Cavs, and Pelicans are the teams I can think of that have had a period of having and accumulating tons of picks recently. Some have been very successful. One has won a championship (which, by the way, was only after two trades for massive contract star players).

Third, you have more control over players and contracts than you do over pick results, so they have invested their capital in what they can more accurately appraise. Ishbia and Jones also view their players and contracts as trade chips as much as championship pieces. You think the guys who trade picks for a bunch of players don't also realize they can turn around and do the opposite when they need to? There's not really a point of doing that now when you have Book, who is the most popular Sun since Nash. They aren't going to cash in for some stupid kids who may suck once they get to the NBA anyways. If the Suns flame out this year or next, they have Book, KD, Grayson, O'Neale, maybe Jimmy, Richards, Dunn, and Oso on deals that are all desirable to the right team. Denver and the Rockets would sell all their future and their young guys for KD right now or next year. Detroit would give good young guys and picks for Book whenever we called. If we cashed in all these guys at some point, we'd be talked about like a team loaded with ""assets"" and young players. The Nets and Rockets very recently did just this. I think Ishbia thinks of these players like they're a future investment that also pays for itself, at least adequately, right now and gives us a chance. He also has way more control over how much contract value (payroll) he accumulates than he does over how many picks and prospects he accumulates. So he racks up a payroll that can be converted to those higher-risk assets when needed.

Fourth, Phoenix seems to be a place where people want to play and live. They know they will get paid here and will get treated well here. Players don't care about the assets and trade grades of a team, they care about going to places they think they can win, get paid, and have a good life. Phoenix checks those boxes and Ishbia makes sure of that. This is what LA has done forever and it's generally worked well for them.

  
In conclusion, while I believe this team iteration isn't going anywhere in the playoffs, I'm not worried about that long-term because Ishbia seems to be trying out some well-thought-out shit that looks irresponsible but is actually just a different investment strategy. Even that could fail, but so could any approach to things. Luck is always the most important factor when it comes to a franchise winning it all, and right now, Ishbia is choosing not to mess around too much with luck.

FTL"
46,Gambo: Rules out Dayton F/C DaRon Holmes II for the Suns at No. 22. Marquette PG Tyler Kolek is a player the Suns are interested in at No. 22.,
47,Traded away a promising potential dynasty.. I would be exhausted if I was Book too. ,"The new owner wants to be a fun celebrity and didn’t think twice about the team as a franchise. He seems like an egoist. Even the James Jones said he was against giving up Bridges and Johnson. And then Cam Payne too eventually? Londale had so much promise. 

Not saying anything against KD. It would not and still doesn’t make sense to trade what we did for KD. Like just KD and Book are gonna put up numbers? That was last season. 

And we lost so much so you couldn’t even get the praise Book deserved. Game after game 30+ points repeatedly. I wouldn’t be doing the same this year. 

No one else is hungry. Greyson Allen???? I understood why Book did it tho. Someone else needs to step up can’t just be him. Allen should never be first option ever. That miss in the Jazz game with less than a minute to go gollllllly how many times to witness that moment over and over is frustrating. SMH. 

I don’t care if it’s ten years from now every loss will have me missing 21-22-23 roster. 23 onwards just why Ishiba why. 

Johnson and Bridges are doing so well! Painful. lol "
48,Who is responsible for current situation?,"It's hard to tell but... we see roster is tragic, no synergy, no chemistry, no faith in success, so it's JJ, coach and owner fault. Players have no effort to success, it's their fault. They don't known what to do in the game. I think someone (maybe Ishbia) have too much ego and tries build a team like in NBA2K career or some amateur way. I think coach and James Jones wont opt, because they don't want to oppose the owner. And comming to the details which don't work: Book is not a leader (he is great player and great scorer), KD is great player and elite scorer but not a leader, he didn't make other players better. Beal is working hard slasher but not a leader, he i just ok player good scorer and nothing above that. Tyus, maybe his role is too small, maybe he is just one-third of Trae Young. Our centers are weak, Nurkic is completely lost in Budz system, Plumlee is journeyman.

  
What is your opinion?"
49,"Suns are too small, weak, short and unskilled ","Thats the basic problem for the Suns. Literally their physical limitations. Basketball is still a game about being tall.

Starting 3 guards is an absolute disaster. You can’t be a serious team starting three guys 6’4” and under. 

Even the bench is too small. More guard sized players in Josh, Royce, Grayson and Morris.

KD is our starting power forward. Which is okay but he is much weaker than the average power forward. Pair him with 3 small guards and its no wonder the Suns get dominated on the boards.

What about backup forwards and wings? Royce is 6’4” and Grayson is 6’3”. Ryan Dunn is the only forward/wings that has good size and strength. So again you are going to physically dominated at forward.

Center is an absolute disaster. Nurk may have size but he is ridiculously slow. On offense he is so unskilled he can’t even make layups consistently. Oso is too weak and unskilled at this point. Plumlee is barely hanging on as an NBA player.

The Suns main problem is they literally don’t have the physical profile of an NBA team. They literally look more like a college team.

The Suns rotation is:

7 Guards: Book, Beal, Jones, Royce, Grayson, Josh and Morris. All under 6’6”

3 centers: All physically challenged. Either too slow or too weak 

2 forwards: KD has height but is weak. Dunn has size but is unskilled on offense 

We literally look like a college team that is mostly undersized players and just 1 or 2 guys who are actually NBA size for their position. A ton of college teams have starting small forwards bigger than Book. Thats how bad it is. 


Teams can beat the Suns by basically brutalizing them. Just keep pushing them around. By the 4th quarter the Suns are physically exhausted.

James Jones is such an idiot thinking that such a small and weak team could contend. He learned absolutely nothing from the Minnesota series where the Suns got brutalized. 

Instead of getting bigger Jones listened to the media that said the Suns needed a point guard. So he got Jones and Morris. Instead of getting bigger he kept Grayson and Royce. I know some of these small guys are quality players. But you can’t have a roster where teams can just physically dominate you the entire game"
50,So many BAD moves after the KD trade,"KD move was good IMO. He is still a top 15 player and Book needed a legit scorer with him. 

The problem were the moves after that. 

Traded Dario for nothing. Would have been great to have Dario as a stretch back up center instead of Eubanks.

Getting rid of Cam Payne for nothing. Would have been great to have a backup point guard. 

Trading for Nurk. Big mistake. As bad as Ayton was at least he was decent at guarding pick and roll and could actually finish at the rim. Nurk is bad at both. There must have been a better trade out there. Nurk simply isn’t a playoff center when teams will pick on him the entire game. 

Trading for Beal. Dumb move. If nothing better was available then just keep CP3. Beal’s contract is a total nightmare and trading 1st round swaps is brutal 

Not signing a single point guard. Come on

"
51,Suns release halftime message ,
52,What could have been,"Right now we could have Trae Young and Book or Doncic and Book. Obviously Doncic is the more talented player but I feel like Trae would be a great pairing with Book too. 

Instead we drafted the man-baby who’s happy winning 20-30 games a year and collecting a paycheck. 

Why is James Jones still employed in Phoenix again?"
53,We haven't had a capable GM since Bryan Colangelo,"Steve Kerr was awful. Did the Shaq trade, hired Terry Porter.

Lance Blanks (RIP) was an embarrassment. 

Ryan McDonough was absolutely clueless.

James Jones is not cut out for the job. "
54,Love this guy.,
55,DEVELOP. YOUR. YOUNG. TALENT,"Get that through James Jones' thick fucking skull. championship rosters aren't built from getting good players from several different teams and putting them together Frankenstein style 

Look at Boston, Denver, okc, even wolves. They underwent several years of mediocrity while developing talent they either drafted naturally or got pretty close to their rookie years and nurtured them over several years of playing under the same system. 

The path forward is getting YOUNG talent. Trade KD to a win now team, get some first round picks back and let them develop with booker and Beal. Yes, this means we'll be bottom feeders for the next 2-3 years but booker will still be at his peak after that. That's the only way to salvage our future. 



"
56,First thing Suns and Ishbia Need to Do to Turn Things Around- Address the Front Office Dysfunction ,"A major factor in the current Suns dysfunction is the mess in the front office.  They have to get an experienced GM or team president and let them make all basketball decisions.  There are simply too many people making moves in the front office since Ishbia took over with Jones, Ishbia, Bartelstein, and even Isiah Thomas involved in personnel decisions.  Even though Jones is the official GM we know Ishbia was behind the KD trade and Bartelstein was the architect of the Beal and DA deals.  Jones hasn't been the best talent evaluator himself and his draft record alone in '20 and '21, along with his comments on how he views the draft,  warrants a new and completely new front office.  I don't feel confident with any of the guys there now as the team navigates some very tough decisions the next few months and over the remainder of the decade.  Ishbia needs his Bob Myers, Sam Presti or Jerry West.  He has the money and just needs a smart basketball mind to complement his aggressiveness and pocket book.  I'm glad Ishbia owns the team and he has done a ton for fans and the community, but turning this mess around starts up top with the people he surrounds himself with.   

  
Sources

[Ishbia led Suns Trade for KD](https://arizonasports.com/story/3491735/owner-ishbia-suns-deal-kevin-durant-backup-john-collins-trade/)

  
[Bartelstein led Ayton Trade Talks ](https://www.espn.com/nba/insider/insider/story/_/id/38527348/inside-damian-lillard-trade-how-bucks-blazers-suns-got-finish-line)

  
[Bradley Beal's agent is the father of Suns CEO](https://www.nytimes.com/athletic/4619015/2023/06/17/bradley-beal-trade-wizards-suns-heat/)

  
[Jones would have passed on Booker in the draft](https://www.si.com/nba/suns/news/phoenix-suns-james-jones-devin-booker-espn)"
57,Ishbia needs to decide if the coach or roster should be changed,
58,"Contrary to popular belief of some doomers (and maybe some other fans), the team is probably designed PERFECTLY the way it is... (Hear me out before you downvote, 😂)","The Suns have proven they can beat the teams they should as long as both Book and KD are healthy (13-2, an 87% WIN RECORD). 

That's all there is to it. If one of them goes down, then every game is going to be a struggle coz multiple guys end up trying to compensate either for the loss of KD (and his clutch shooting, defense, playmaking, rebounding and insane length to guard PGs to Centers) or eventually, if he succumbs to injury this season, for the loss of Book (especially the fact that Point Book is the best as he''s ever been with 6.4apg vs only 2.3 TOs, the least he's had since his rookie season). 

You can't just say ""well put more effort and play harder then!"" Or ""You got two MAX guys on the team outside of KD (Beal and Booker), they should be able to figure it out!"" as a solution when one of their key guys goes down coz it's NEVER as simple as that coz there's such a thing as roster construction and defined roles for every single roster spot, of which we have seen has been immaculate with how well EVERYONE including our bench performs dramatically better when all the major pieces are available to play. 

That's why I find it comical how guys say the team is ""flawed"" coz it can't win without KD (1-9) when in fact, that actually shows the team was designed perfectly for the purpose the architects (James Jones, Coach Bud and Mat Ishbia) intended the team to function as coz if you take out one of the major pieces, the team really will struggle but if they're put together and are able to play, you get a 13-2 record (an 87% win record).  

It's not an exaggeration to believe that the team may even be the first seed now if KD wasn't injured since we had only ONE blowout over 20+ points (Sacramento), and all the other losses were mostly below 10 points or decided by a single possession and our 10+ losses were under 16pts AT MOST which definitely could have been averted with KD healthy.

We just need some faith in the team coz if we don't, we may end up blowing up an awesome team (that works well together) unnecessarily only coz we want to find the next best trade that looks shiny on paper (e.g. Jimmy Butler) all because we are impatient with the team (when we were experiencing the 1-9 slide).  

You can't make decisions on what ifs in this league (like, what if KD gets injured again, or saying Book has always been injury prone, even if he hasn't missed a game this year).  As fans though, we can make decisions to support the team and cheer for them and I just urge everyone, especially the more negative fellow fans we have, to have patience coz the Team was built PERFECTLY the way it is and we just need all the pieces to play together for as many games as possible. If we are patient enough, we may have a championship contender and one of the best teams we have assembled since 2019, which is saying a lot coz we went to the finals in 2021-22 :-)

KEEP THE FAITH SUNS FANS!!! GO SUNS!!!"
59,Mixed feelings on Ishbia,"On one hand, the guy is a MASSIVE step up from S*rver. And he’s done good things for the fans/community. From the perspective of “what should an owner control/spend his time doing” he’s been a solid A. 

On the other hand, the “new owner syndrome” hit him hard. He mortgaged our future and essentially Book’s career for Bradly Beal because Beal’s agent is the Suns’ CEO’s dad. Beal trade was a net negative 10/10 times and it has crippled this team. I know there are a group of people who think the KD trade is dicey as well (not sure I agree with them) but it’s just so painful that the on court product is so mediocre AGAIN. We just lived through a decade of mediocrity/suck and when we had a shot Ishbia blew it. 

Just so exhausting being a sports fan in this state. Heads you win, tails I lose."
60,How to fix the Suns,"I've been thinking a lot about how to fix our team and I've developed this plan that I know will work.

**1. Get a new coach**
We need a new coach that can get along with the players, Frank Vogel obviously lost the dressing room. I propose we go after Monty Williams, he has history with Devin Booker and coached him to the final. Additionally, after a lot of down years, he will be cheap to get. He's not the most tactical coach, so perhaps we bring in an offensive guru on the bench, I heard Kevin Young from BYU is meant to be the real deal.

**2. Get a real Point Guard**
We need someone who can run our offense, no more Booker/KD isolations. We need the Point God, the hall of fame point guard, Chris Paul. This guy is an offense mastermind, yes, he's a bit old, but that means he's experienced. I know he breaks down in the later rounds of the playoffs, but I'll happy to even get to the later rounds. He's also on a huge expiring contract, we should trade Beal for him and get rid of his contract. 

**3. Trade KD for some younger players**
Kevin Durant is too old, we need some young blood in the team. I propose we trade him for some young wings, the Brooklyn Nets want to contend, I think trading KD for Bridges/Cam Johnson + picks makes sense for both teams. 

**4. Get rid of Nurkic**
Nurkic is a great regular season player but is always injured and doesn't hold up in the playoffs. I propose we trade him for a younger center who will match up well with Jokic. A player I've liked is Deandre Ayton, a young do-it-all center from Portland. He's rumored to have attitude and motor problems, but I think the ""dog"" in Booker will be a good influence on him. 

**5. Get some good role players**
Obviously we're over the cap, so getting good role players is hard. We can swap Grayson Allen for Landry Shamet, who can do everything Allen can do for less. Some good free agents min guys include J Crowder, Cam Payne and Frank the Tank.

I think this all makes sense, I hope to see it soon."
61,Actual plan to fix the suns,"Suns have a leadership void, since CP left.

Suns have a backup PG void.

Suns have a dubious Head Coach.

**Solve all 3 problems by hiring CP3 as player-coach. **

CP coaches the team, and then subs himself in for backup PG and the close out games with middies.

Gets his suit back on for post-game presser. 

CP doesn't play when Scott Foster refs.

We sign Bronny and Bron for depth.

Play 5-out banana boat style to close games with Bron/KD in the front court, and Book, Beal, CP in the backcourt. 

Bron is head assistant in this scenario.

Someone make sure Ishbia is taking notes.

James Jones can round out the bench."
62,"The Phoenix Suns are closing in on hiring Brooklyn Nets executive Matt Tellem in franchise’s front office, sources tell ESPN.",
63,Only 28 days til the deadline…,
64,"We are 7-0 when Eubanks doesnt play, winning the games by a margin of 14.85 PPG","&#x200B;

&#x200B;

[https://www.reddit.com/r/suns/comments/18vo4q0/we\_are\_40\_when\_eubanks\_doesnt\_play\_winning\_the\_4/](https://www.reddit.com/r/suns/comments/18vo4q0/we_are_40_when_eubanks_doesnt_play_winning_the_4/)

&#x200B;

Made this thread 3 1/2 months ago and there were still some Eubanks supporters (lol)

&#x200B;

Eubanks has a +/- of -108 on the season. The only Suns rotation player in the minus let alone in 100s our other guys who were minuses we traded in the Royce trade. Vogel and Eubanks love affair has cost us literally many games this season. I think someone from the FO told him he is fired if Eubanks sees minutes. This dumb fuck hopefully finally has him out of the rotation.

&#x200B;

Also he started Royce over Grayson which for playoff ball is the way to go. "
65,With the Announcement of the new G-League team and the fact that they will be playing right in Tempe its Just another piece that falls into place for Bronny getting drafted and Bringing Lebron in to follow,"From a money standpoint Bronny Will have the G-league games packed and because of the location Bronny will still be with the main team all the time and with his dad all the team. On the other side Lebron can watch Bronny play because the G-league games are just 20 minutes away.

This is already our team is Built perfectly if you just put everything around lebron running Point forward. James Jones connections, KD connections, Book and KD recruiting at the Olympics. Close proximity to LA, Hating on Dan Gilbert with Ishbia CP3 potentially following after the warriors cut him. it all fits."
66,Suns had turnover problems last season?,"Suns had turnover problems?

They just signed the two best assist to turnover ratio players in the league.

Tyus Jones had 7.3 AST to 1 TO last season.

Monte Morris was 9.9 AST to 1 TO.

Suns got their point guard(s).

Take a bow, James Jones."
67,Congrats book but we have work to do.,"First congrats to the suns goat. I, unfortunately, don’t get to watch a lot of suns games but the few I have seen our offense is so stagnant. There is no chemistry in this iso ball. If book, Durant, Beal aren’t shooting lights out then we just look downright bad. We need something to change. Maybe it’s time for James jones to go because in my opinion trading one aging star (Beal) for another(butler) isnt a great move when we are this bad."
68,Who do we need who you want ,The way james jones was talking its a high possibility that we trade our two picks come draft night who do we get we need a center and a 3nd dont see them adding a PG 
69,"40th overall draft pick Oso Ighodaro says he wasn't allowed to play basketball until he was 14: ""It was different for sure. My parents pushed me to get my academics down. I'm super grateful for that, just makes me a well-rounded person I think""",
70,Official order of people to blame ,"1. VOGEL for his god awful rotations
2. JAMES JONES for not trading for a point guard and spending most of our salary cap on the big 3

...(huge gap) 

3. Booker for disappearing in the playoffs and iso balling to kill the team momentum

4. Kevin young for his god awful offensive schemes

5. Durant for being a regular season merchant and disappearing in the playoffs 

6. Eric Gordon, Royce, Grayson, eubanks and other role players for the brick fest they showed us over the last 3 games"
71,No one should be safe ,"Hey everyone,

First post here but have been on the sub for a few seasons now. I’ve been a Suns fan all my life, and I’m not sure I’ve ever felt this down. The Beal contract cannot be restructured, and he has a no trade clause (don’t think any team is trading for him anyway). We all know the cap situation this has created. So with Brad staying, that means we have four options: 

1. Run the same “Big 3” back, clear out the bench, and basically hope to find some bench players that are competent (huge if because of cap space issue). Maybe miraculously find some PG who could play 20+ minutes that can elevate the team (don’t see how this happens considering cap space issue). 

2. Trade Book- Most valuable asset we have. Would get a good NBA player, maybe a role player, and probably a few first rounders. Miami kinda comes to mind since Butler is there leader and book doesn’t have to take that role since he’s incapable of doing it here. I’m a huge booker fan, absolutely hooper, hence why he has the most trade value. Reason for trading him besides that is it’s clearly not worked here, and Book hasn’t exactly been a leader in the locker room and I think the criticism that he’s soft is unfortunately warranted. 

3. Trade Durant- Once again, love him, absolute assassin. Still has good trade value. Can put a team like OKC over the edge. Could get a few nice players and maybe a draft pick or two. He is still playing at an elite level, so his trade value shouldn’t be much lower than what we gave for him. This way you keep the hometown star in Book, can maybe get a few good players around him, but you still don’t win a title with that team. 

4. Trade both- drastic, and admits complete failure which I’m not sure Ishbia is ready to do despite this disaster. Would get all the draft picks we lost back basically, a few decent to good players, trade them, and once again Beal is on a team tanking for picks. This sounds horrific, but after big bad Steve Cohen did a similar thing that Ishbia did and utterly failed, the Mets swallowed the bullet and did this with Scherzer (Bealish), DeGrom (Durant-ish), Verlander (book), and got significant prospects in return. I get it’s a different, but maybe the same logic could be used. Should Ishbia just bite the bullet, and blow up the ship? 

Finally- Vogel being fired is a given, but James Jones should also be given a pink slip. It won’t happen because Ishbia loves him too much, but he has been HORRIFIC the past few years, in critical years. Will never forgive not drafting Haliburton (I think he was in draft before 21’, and if so would’ve won in 21 if we had him). Not to mention, the Beal contract is so horrendous, it’s worth being fired over. 

Sorry everyone, this is a horrible time, and I hope we can all look back on this one day and laugh. Go Suns "
72,my 2 std deviation best case scenario,"that means of all the non-fringe cases, something that is barely plausible but never the less plausible-

Cp3/ beal / bronny

Book / allen / dlee

KD / royce / okogie / little

Bron / bol / klove / roddy (2way)

Nurk / goga / 2rp (2way)

the path-

+June 30- Sign royce for 2/50M with 2nd year team option

+June 26- Trade 22 to utah for 29 and 32 (similar draft value, but could also do indiana etc)

+June 26- Draft Bronny at 29 (frp status)

+June 26-trade back from 32 for 2 second rd picks

+june 30-Sign lebron for min (he declines his player option)

+june 30-Sign cp3 for min (warriors decline his team option)

+june 30-Sign goga for min

+june 30-Sign klove for min (he declines his player option given bron bat signal)

+june 30-Cut eric gordon, eubanks

+in feb: little+2rp for corey kispert

+In feb: Trade royce +2031 frp for brook lopez/myles turner/clint capela

Playoff rotation

Cp3 (24) / beal (36)

Book (36) / allen (20)

KD (34) / okogie (situational)

Bron (32) / klove (10)

Capela (30) / Nurk (18)

This team has 5 hall of famers still able to perform (6 total).  Will always have bron or cp3 on the court. 5% chance best case, but not 0.00001% imo. obv the most unlikely is lebron, but if it happens all bets are off - cp3 and klove are sort of obvious then - bron has to know this and know that he could get cp3 there as a package deal and get to play with an all-star cast close to home.  

also will leave this here as lebron keeps going out of his way to call james jones 'MY guy' - https://www.youtube.com/watch?v=TNiNRri09_w"
73,"Mat Ishbia said he’s not going to get into the status of Frank Vogel.   “I have not had one discussion about my GM, my coach or trading players, now supposedly in the media. Not one discussion is being had.”",
74,Donavan Clingan,What are the chances Clingan is available in the draft?
75,Should have kept this man,"We should have kept Cam Payne. As much of a liability he could be at times, he would have been so great on this team. The Suns offense would be so good if we can just play fast break basketball but we can’t go over 3 straight games without having 20 TO.

Cam’s name is literally turbo, just let him gun it to half court and attack the D before they could get set. The last time he played with a smart big (Saric) he was being mentioned for a 6th man of the year award. He was a reason we were still competitive with Denver last year and would have given us another player that could put pressure on the rim besides for the Big 3. Instead we traded him for a roster spot for Bol Bol (who’s been amazing btw) and don’t even play him in the playoffs. James Jones really fumbled on this one.

"
76,Excerpts from the latest post by The Athletic on the Suns being swept and what happens next:,"> Sources briefed on the situation told The Athletic that Phoenix will take a hard look at making a full coaching change or, at the very least, discuss adjustments to Vogel's staff.  General manager James Jones, however, is expected to continue overseeing team-building for the Suns, those sources said

&#x200B;

> For his part, Vogel said before Game 4 that he is confident he will return next season, adding that he has the 'full support' of team owner Mat Ishbia

&#x200B;

>Across the season, (Kevin) Young was in charge of the Suns' game plans on the offensive end, which featured a heavy dose of pick-and-rolls for Booker and Beal. But Phoenix's players questioned the coaching staff's inability to structure the offense and maximize the output of a lineup featuring three of the game's best scorers, per team sources.

&#x200B;

>Sources briefed on the matter told The Athletic that Durant never felt comfortable with his role in Phoenix's offense alongside Booker and Beal this season... Durant had persistent issues with the offense, feeling that he was being relegated to the corner far too often and not having the proper designs to play his strengths as the offense was built around pick-and-rolls.

&#x200B;

>After head-scratching losses, it was easy to wonder if the Suns had enough leadership inside the locker room to help them navigate adversity. Durant said this week that while every Phoenix player had a voice - the freedom to bounce ideas and be heard - ""the coach is the leader.""

&#x200B;

>The Suns now enter the summer planning to build around their top six players in Booker, Durant, Beal, Allen Nurkic and Royce O'Neale... Phoenix officials hope to retain O'Neale as a free agent this season.  
>  
>  
>  
>The Suns could also look to bring in additional locker room presence, which was filled late in the season by Isaiah Thomas and Thaddeus Young.

&#x200B;

Link to The Athletic's article in comments.

&#x200B;"
77,Suns pick ,The suns workouts so far have all been second round picks my guess it we move the 2 first rounds we have to get some good players and get a second round and try and take bronny?
78,2024 Draft option - Oso Igahdoro ,"Now that the Lakers have their 2024 draft pick, we can move on from the Bronny drama and look at some other draft options. This sub hasn't been the cheeriest of late but with the draft coming up, it should be fun. Chances are your favourite Suns player was probably drafted by Phoenix. At # 22 for you consideration I give you Oso Ighadoro. The Senior Center out of Marquette. Ighadoro has two elite skills - passing and perimeter defence. When Nurk can't stay on the floor, Oghadoro can. It's on the offensive end however, where Ighadoro can make the biggest difference to our team. James Jones talked about the challenge of getting the best out of KD and what is the best basketball situation for him. Well KD in my opinion played his best basketball in Golden State with Draymond Green alongside him.  Draymond Green's biggest strength - perimeter defence and passing. So whyy wouldnt we prioritise a passing big who can anchor our defence?  Kevin O'Connor from ringer gives him a comp to Al Horford and ESPN has him in a sleeper tier. Most conclude he has the skills to stick in the NBA. Sort of a nice pick up for us, right?  In the half court we could give the ball to Igahdoro in the paint and surround him with Beal, Allen , Booker and KD. Ighadoro could be a pseduo point for us with elite scorers cutting and moving into open spots for Igahdoro to find them. Hell I went down a rabbit hole recently with Bill Walton (RIP) and his time with the Celtics. Walton and Bird were an incredible pair. Walton would just find Bird in these spots where it was automatic. To the point it felt a like little cheating.  Now Igahdoro isn't close to Bill Walton but he's a modern big who has great vision. Watch that video and imagine KD and Book on the receiving end. Honestly watching the 86 Celtics was like poetry and by taking Oso Igahdoro we have a chance to emulate one of the greatest offensive in NBA history. "
79,Should James Jones be Fired after this season?,
80,James Jones contract expires after this season,Gerald Bourguet said on the PHNX Sports Podcast that James Jones contract expires after this season. 
81,"Suns GM James Jones tells @BurnsAndGambo that there is no scenario in which Devin Booker, Kevin Durant and Bradley Beal would be traded this offseason.",
82,Bud and James Jones locked in scouting the draft combine scrimmages.,
83,James Jones Draft Picks Ryan Dunn & Toumani Camara Make Rising Stars,
84,"[Bourguet] Suns GM James Jones declined to touch on the Kevin Durant trade rumors, going with his usual approach of wanting to keep things internal. Said there's a lot of noise around this type of year",
85,James Jones. Whats his letter grade for his performance so far in our FO? ,"I feel like James jones is one of the leagues better execs despite making some blunders in his tenure. 

For me I’d say he gets a B. "
86,Mat Ishbia and James Jones this is the one shot in a lifetime please don’t miss it,
87,Fire James Jones,"I know nobody wants Bradley Beal, and he won’t waive his NTC anyways so you can’t trade him, but you can’t just sit on an aging player like KD, and let his value go to 0 on a team that is 25-25 and going nowhere. 

Go try and trade for Derek Lively+, Evan Mobley or something, at least try to get some young talent to make the future teams better, because there is no helping this years team be able to win."
88,"[Bourguet] James Jones said the Suns wanted to get more athletic and add some size defensively, and they accomplished that with Ryan Dunn, while also adding some extra draft capital for the future",
89,James Jones: “we could benefit from having a point guard”,
90,Kellan Olson (@KellanOlson) on X James Jones says he believes no team has properly maximized Kevin Durant yet and they want to be the first team to do so. Called it a phenomenal offensive season for KD. Reiterated the Suns were not on the same page and ran out of time.,
91,[PHNX Suns] James Jones talks about his confidence in both the returning players and new players. “We’re all in.” ,
92,James Jones and Ishbia why didn’t you take a look at picking up Moses Brown on a minimum,
93,"[Bourguet] James Jones on Ryan Dunn's shooting and his faith the Suns will be able to help him improve in their development program: ""He'll be primed to improve as a shooter, and if he can do that and do it quickly, he'll be a gem.""",
94,Us to James Jones when this Nurkic trade happens,
95,"[Post Game Thread] The Phoenix Suns defeat the Los Angeles Clippers, 119-117.","
||
|:-:|
|[](/LAC) **117 -  119** [](/PHX)|
|**Box Scores: [NBA](http://www.nba.com/game/LAC-vs-PHX-0022400889/box-score) - [Yahoo](https://sports.yahoo.com/nba/scoreboard/)**|

||
|:-:|
|&nbsp;|
|**GAME SUMMARY**|
|**Location:** PHX Arena (17071), **Clock:** Final|
|**Officials:** JB DeRosa, Brian Forte, and Nate Green|

|**Team**|**Q1**|**Q2**|**Q3**|**Q4**|**Total**|
|:---|:--|:--|:--|:--|:--|
|Los Angeles Clippers|24|41|30|22|117|
|Phoenix Suns|30|19|27|43|119|

||
|:-:|
|&nbsp;|
|**TEAM STATS**|

|**Team**|**PTS**|**FG**|**FG%**|**3P**|**3P%**|**FT**|**FT%**|**OREB**|**TREB**|**AST**|**PF**|**STL**|**TO**|**BLK**|
|:--|:--|:--|:--|:--|:--|:--|:--|:--|:--|:--|:--|:--|:--|:--|
|Los Angeles Clippers|117|43-82|52.4%|8-30|26.7%|23-27|85.2%|6|43|29|22|8|6|3|
|Phoenix Suns|119|41-80|51.2%|14-34|41.2%|23-27|85.2%|7|43|31|20|5|11|3|


||
|:-:|
|&nbsp;|
|**PLAYER STATS**|

||||||||||||||||
|:--|:--|:--|:--|:--|:--|:--|:--|:--|:--|:--|:--|:--|:--|:--|
**[](/LAC) Los Angeles Clippers**|**MIN**|**PTS**|**FGM-A**|**3PM-A**|**FTM-A**|**ORB**|**DRB**|**REB**|**AST**|**STL**|**BLK**|**TO**|**PF**|**±**|
|Kawhi Leonard^SF|36:39|21|9-20|1-6|2-2|2|2|4|3|1|1|2|2|4|
|Bogdan Bogdanović^PF|36:54|13|5-7|3-4|0-0|0|4|4|3|0|0|1|5|19|
|Ivica Zubac^C|36:44|35|15-18|0-0|5-6|0|9|9|3|1|1|0|4|22|
|Kris Dunn^SG|31:40|2|1-6|0-5|0-0|0|1|1|3|2|0|0|5|3|
|James Harden^PG|37:36|21|5-14|2-9|9-11|0|6|6|15|2|0|1|1|-5|
|Amir Coffey|22:13|13|5-8|1-2|2-2|0|2|2|0|2|0|0|3|-10|
|Drew Eubanks|11:19|7|1-4|0-0|5-6|2|2|4|0|0|1|0|0|-24|
|Nicolas Batum|16:54|3|1-4|1-4|0-0|2|1|3|2|0|0|1|1|-8|
|Jordan Miller|09:59|2|1-1|0-0|0-0|0|3|3|0|0|0|1|1|-11|
|Kobe Brown|00:00|0|0-0|0-0|0-0|0|0|0|0|0|0|0|0|0|
|Cam Christie|00:00|0|0-0|0-0|0-0|0|0|0|0|0|0|0|0|0|
|Patty Mills|00:00|0|0-0|0-0|0-0|0|0|0|0|0|0|0|0|0|
|Patrick Baldwin Jr.|00:00|0|0-0|0-0|0-0|0|0|0|0|0|0|0|0|0|
|Trentyn Flowers|00:00|0|0-0|0-0|0-0|0|0|0|0|0|0|0|0|0|
|Derrick Jones Jr.|00:00|0|0-0|0-0|0-0|0|0|0|0|0|0|0|0|0|
|Seth Lundy|00:00|0|0-0|0-0|0-0|0|0|0|0|0|0|0|0|0|
|Norman Powell|00:00|0|0-0|0-0|0-0|0|0|0|0|0|0|0|0|0|
|Ben Simmons|00:00|0|0-0|0-0|0-0|0|0|0|0|0|0|0|0|0|
**[](/PHX) Phoenix Suns**|**MIN**|**PTS**|**FGM-A**|**3PM-A**|**FTM-A**|**ORB**|**DRB**|**REB**|**AST**|**STL**|**BLK**|**TO**|**PF**|**±**|
|Kevin Durant^SF|41:08|34|10-22|4-11|10-10|0|7|7|4|1|2|2|2|16|
|Bol Bol^PF|09:05|2|1-5|0-2|0-0|0|1|1|0|0|0|1|2|-16|
|Nick Richards^C|23:25|16|8-10|0-0|0-0|2|5|7|0|0|0|0|2|-16|
|Bradley Beal^SG|14:40|0|0-4|0-1|0-0|1|1|2|2|1|1|2|0|-18|
|Devin Booker^PG|40:59|17|6-11|1-4|4-8|1|4|5|8|0|0|5|4|-9|
|Royce O'Neale|28:47|12|4-9|4-7|0-0|1|2|3|3|0|0|0|2|2|
|Grayson Allen|23:58|8|3-3|2-2|0-0|0|3|3|2|2|0|0|2|16|
|Mason Plumlee|24:32|14|4-7|0-1|6-6|1|5|6|4|0|0|0|4|19|
|Tyus Jones|18:49|6|1-3|1-3|3-3|0|1|1|5|1|0|1|1|-5|
|Collin Gillespie|14:35|10|4-6|2-3|0-0|1|1|2|3|0|0|0|1|21|
|Ryan Dunn|00:00|0|0-0|0-0|0-0|0|0|0|0|0|0|0|0|0|
|Oso Ighodaro|00:00|0|0-0|0-0|0-0|0|0|0|0|0|0|0|0|0|
|Damion Lee|00:00|0|0-0|0-0|0-0|0|0|0|0|0|0|0|0|0|
|Vasilije Micić|00:00|0|0-0|0-0|0-0|0|0|0|0|0|0|0|0|0|
|Monté Morris|00:00|0|0-0|0-0|0-0|0|0|0|0|0|0|0|0|0|
|Jalen Bridges|00:00|0|0-0|0-0|0-0|0|0|0|0|0|0|0|0|0|
|Cody Martin|00:00|0|0-0|0-0|0-0|0|0|0|0|0|0|0|0|0|
|TyTy Washington Jr.|00:00|0|0-0|0-0|0-0|0|0|0|0|0|0|0|0|0|
"
96,"Bye Frank Vogel, bye James Jones, bye half the players on this roster!",What did we do to deserve this to happen four straight years?
97,[TDD] 2/6/25 The NBA Trade Deadline @ 1 pm MT,"Will the Suns shake things up before the trade deadline?

Is there a move that can turn this season around?

Can James Jones pull off a last-minute deal to keep his job?

The team insists Devin Booker is untouchable!

Suns fans, let us pray! 🙏🔥

\#SunsUp

PS: Please post all your trade ideas and discussion here. If it’s not breaking news, mods may remove trade related posts and direct users to this thread to keep the sub free of clutter."
98,Post Game Thread: The Phoenix Suns defeat The Los Angeles Lakers 127-100,"#Los Angeles Lakers at Phoenix Suns

Footprint Center- Phoenix, AZ

[ESPN](https://www.espn.com/nba/game/_/gameId/401703408/lakers-suns)

[TV/Radio](https://reddit.com/r/suns/comments/1h0t8wp/game_thread_los_angeles_lakers_106_at_phoenix/lz6dkvn/)



***

|Time Clock|
|:--:|
|Final|

||Q1|Q2|Q3|Q4|Total|
|:--|--:|--:|--:|--:|--:|
|LAL |25|35|18|22|100|
|PHX |31|31|36|29|127|

###Player Stats

**Los Angeles Lakers**

|Player|MINS|PTS|FGM-A|3PM-A|FTM-A|ORB|DRB|REB|AST|STL|BLK|TO|PF|+/-|
|:--|--:|--:|--:|--:|--:|--:|--:|--:|--:|--:|--:|--:|--:|--:|
|R. Hachimura|23:08|7|3-8|1-4|0-0|0|1|1|1|0|0|0|1|-10
|L. James|34:44|18|7-16|2-7|2-2|1|7|8|10|0|0|5|0|-30
|A. Davis|34:42|25|10-19|0-2|5-7|2|13|15|5|1|4|3|3|-24
|C. Reddish|22:58|0|0-3|0-1|0-0|0|2|2|1|2|0|0|3|1
|A. Reaves|30:36|15|6-12|2-6|1-1|1|2|3|2|2|0|1|0|-16
|D. Russell|28:48|16|5-13|1-6|5-8|0|3|3|4|1|0|1|1|-23
|D. Knecht|19:25|7|2-7|1-4|2-3|1|3|4|0|0|0|0|0|-20
|M. Christie|13:36|2|1-1|0-0|0-0|0|0|0|1|0|1|0|2|-9
|J. Hayes|16:52|7|2-2|0-0|3-4|2|2|4|0|1|0|2|1|-8
|G. Vincent|14:06|3|1-4|1-4|0-0|0|2|2|1|0|1|0|0|4
|C. Koloko|1:03|0|0-0|0-0|0-0|0|0|0|0|0|0|0|0|0


**Phoenix Suns**

|Player|MINS|PTS|FGM-A|3PM-A|FTM-A|ORB|DRB|REB|AST|STL|BLK|TO|PF|+/-|
|:--|--:|--:|--:|--:|--:|--:|--:|--:|--:|--:|--:|--:|--:|--:|
|B. Beal|27:23|23|10-15|3-6|0-0|0|2|2|2|0|1|3|3|8
|K. Durant|29:43|23|9-17|3-6|2-2|1|5|6|2|0|0|0|2|21
|J. Nurkić|27:14|12|5-11|1-4|1-1|1|11|12|3|1|1|0|3|20
|D. Booker|34:08|26|10-17|3-7|3-4|1|1|2|10|1|1|3|0|29
|T. Jones|33:21|8|4-8|0-2|0-0|0|1|1|6|5|0|1|1|23
|R. O'Neale|23:43|9|3-6|3-6|0-0|1|8|9|1|1|0|1|0|13
|G. Allen|22:35|10|4-10|2-6|0-0|1|1|2|2|0|0|0|1|11
|M. Plumlee|6:22|0|0-0|0-0|0-0|0|3|3|0|0|0|1|2|4
|R. Dunn|15:17|5|2-6|1-4|0-0|1|3|4|1|1|0|0|3|8
|O. Ighodaro|13:52|7|3-6|0-0|1-1|2|3|5|3|0|0|0|1|-2
|J. Okogie|3:10|4|1-2|1-1|1-2|0|0|0|0|0|0|0|2|0
|M. Morris|3:10|0|0-1|0-0|0-0|0|0|0|1|0|0|0|0|0
###Team Stats

|Team|FGM-A|3PM-A|FTM-A|AST|PF|STL|TO|BLK|OREB|DREB|REB|
|:--|:--|:--|:--|:--|:--|:--|:--|:--|:--|:--|:--|
|LAL|37-85|8-34|18-25|25|11|7|12|6|7|35|51|
|PHX|51-99|17-42|8-10|31|18|9|9|3|8|38|54|

***

Use [reddit-stream.com](https://reddit-stream.com/comments/auto) to get an autorefreshing version of this page

Note: This data is only as accurate as NBA.com

[Please message u/nba_gdt_bot if you have any suggestions or notice any bugs with the bot](https://www.reddit.com/message/compose?to=nba_gdt_bot&subject=NBA_Bot)"
99,"[Post Game Thread] The Los Angeles Lakers (40-25) defeat the Phoenix Suns (31-36), 107-96.","
||
|:-:|
|[](/PHX) **96 -  107** [](/LAL)|
|**Box Scores: [NBA](http://www.nba.com/game/PHX-vs-LAL-0022400977/box-score) - [Yahoo](https://sports.yahoo.com/nba/scoreboard/)**|

||
|:-:|
|&nbsp;|
|**GAME SUMMARY**|
|**Location:** Crypto.com Arena (18997), **Clock:** Final|
|**Officials:** James Capers, Nick Buchert, and Brandon Adair|

|**Team**|**Q1**|**Q2**|**Q3**|**Q4**|**Total**|
|:---|:--|:--|:--|:--|:--|
|Phoenix Suns|15|22|34|25|96|
|Los Angeles Lakers|31|23|29|24|107|

||
|:-:|
|&nbsp;|
|**TEAM STATS**|

|**Team**|**PTS**|**FG**|**FG%**|**3P**|**3P%**|**FT**|**FT%**|**OREB**|**TREB**|**AST**|**PF**|**STL**|**TO**|**BLK**|
|:--|:--|:--|:--|:--|:--|:--|:--|:--|:--|:--|:--|:--|:--|:--|
|Phoenix Suns|96|35-89|39.3%|9-41|22.0%|17-21|81.0%|13|59|25|27|5|14|4|
|Los Angeles Lakers|107|35-81|43.2%|14-39|35.9%|23-32|71.9%|7|54|22|20|7|9|5|


||
|:-:|
|&nbsp;|
|**PLAYER STATS**|

||||||||||||||||
|:--|:--|:--|:--|:--|:--|:--|:--|:--|:--|:--|:--|:--|:--|:--|
**[](/PHX) Phoenix Suns**|**MIN**|**PTS**|**FGM-A**|**3PM-A**|**FTM-A**|**ORB**|**DRB**|**REB**|**AST**|**STL**|**BLK**|**TO**|**PF**|**±**|
|Ryan Dunn^SF|23:13|13|5-12|2-8|1-2|0|3|3|1|3|2|0|4|1|
|Kevin Durant^PF|36:45|21|6-17|2-7|7-10|0|9|9|2|0|0|5|3|-12|
|Nick Richards^C|19:18|11|5-6|0-0|1-1|4|2|6|0|0|1|1|1|3|
|Bradley Beal^SG|15:12|4|2-6|0-2|0-0|0|2|2|0|0|0|1|1|-12|
|Devin Booker^PG|39:44|19|6-17|0-3|7-7|3|2|5|11|1|0|3|5|-13|
|Mason Plumlee|05:38|0|0-0|0-0|0-0|1|2|3|0|0|0|0|0|-16|
|Royce O'Neale|21:41|10|4-11|2-8|0-0|1|4|5|1|0|0|2|3|-9|
|Collin Gillespie|23:28|3|1-7|1-6|0-0|2|4|6|3|1|0|0|5|-2|
|Tyus Jones|23:31|8|3-7|2-6|0-0|0|0|0|5|0|0|0|0|-1|
|Oso Ighodaro|23:04|4|2-3|0-0|0-0|0|5|5|2|0|0|1|4|2|
|Cody Martin|08:25|3|1-3|0-1|1-1|2|4|6|0|0|1|1|1|4|
|Bol Bol|00:00|0|0-0|0-0|0-0|0|0|0|0|0|0|0|0|0|
|Damion Lee|00:00|0|0-0|0-0|0-0|0|0|0|0|0|0|0|0|0|
|Vasilije Micić|00:00|0|0-0|0-0|0-0|0|0|0|0|0|0|0|0|0|
|TyTy Washington Jr.|00:00|0|0-0|0-0|0-0|0|0|0|0|0|0|0|0|0|
|Grayson Allen|00:00|0|0-0|0-0|0-0|0|0|0|0|0|0|0|0|0|
|Jalen Bridges|00:00|0|0-0|0-0|0-0|0|0|0|0|0|0|0|0|0|
|Monté Morris|00:00|0|0-0|0-0|0-0|0|0|0|0|0|0|0|0|0|
**[](/LAL) Los Angeles Lakers**|**MIN**|**PTS**|**FGM-A**|**3PM-A**|**FTM-A**|**ORB**|**DRB**|**REB**|**AST**|**STL**|**BLK**|**TO**|**PF**|**±**|
|Jordan Goodwin^SF|28:05|2|1-5|0-3|0-0|2|1|3|1|0|2|0|4|-3|
|Dorian Finney-Smith^PF|35:54|10|3-7|2-6|2-4|1|6|7|3|1|1|1|1|16|
|Jaxson Hayes^C|29:20|19|8-10|0-0|3-7|2|4|6|3|1|1|0|4|7|
|Austin Reaves^SG|39:25|28|10-21|4-10|4-5|0|4|4|6|2|1|2|1|14|
|Luka Dončić^PG|39:41|33|8-20|4-11|13-14|1|10|11|8|2|0|4|4|16|
|Gabe Vincent|27:23|9|3-7|3-5|0-0|1|0|1|1|1|0|0|3|15|
|Christian Koloko|14:50|3|1-5|0-0|1-2|0|4|4|0|0|0|1|0|-1|
|Jarred Vanderbilt|09:47|0|0-1|0-1|0-0|0|3|3|0|0|0|0|1|-5|
|Dalton Knecht|15:34|3|1-5|1-3|0-0|0|2|2|0|0|0|1|2|-4|
|Bronny James|00:00|0|0-0|0-0|0-0|0|0|0|0|0|0|0|0|0|
|Alex Len|00:00|0|0-0|0-0|0-0|0|0|0|0|0|0|0|0|0|
|Shake Milton|00:00|0|0-0|0-0|0-0|0|0|0|0|0|0|0|0|0|
|Markieff Morris|00:00|0|0-0|0-0|0-0|0|0|0|0|0|0|0|0|0|
|Cam Reddish|00:00|0|0-0|0-0|0-0|0|0|0|0|0|0|0|0|0|
|Rui Hachimura|00:00|0|0-0|0-0|0-0|0|0|0|0|0|0|0|0|0|
|LeBron James|00:00|0|0-0|0-0|0-0|0|0|0|0|0|0|0|0|0|
|Trey Jemison III|00:00|0|0-0|0-0|0-0|0|0|0|0|0|0|0|0|0|
|Maxi Kleber|00:00|0|0-0|0-0|0-0|0|0|0|0|0|0|0|0|0|"
100,[Bourguet] Can confirm the Suns are done before today's NBA Trade Deadline.,
101,dammit.FO thought this man was just a salary filler. messed up big time.,
102,Blaming Beal does not make sense.,"The Beal trade set this franchise back and ruined our chance to win with Booker and KD. But we could have avoided this situation if Matt Ishbia, James Jones, and Bartelstien had so been so hell-bent on forming a big 3. Everyone knew how bad the Beal contract was the moment he got it with Washington. 50+ million dollars a year with a no-trade clause!? Yet the front office traded for it, knowing that if something went wrong with Beal or the fit wasn't there, you would be stuck with him. And before anyone says oh why would Beal take that contract? Any player in the league takes that deal if offered to him.

Predictably we got in a situation where it was not working out and there seemed to be a way out of it with the Jimmy Butler situation. There was talk of Jimmy to PHX for months and many of us Suns fans thought it would happen. Throughout the saga, there was a lot of hate and blame towards Beal because of his contract. He is not the reason though we are stuck with him. He did not owe Phoenix anything and should not have to move his family if he did not want to. Also, the reason we could not get a deal done with Jimmy was that no team wanted Beal and his contract.

Some of you Suns fans act so entitled when it comes to Beal and his NTC. ""He is ruining the franchise if he does not waive it"" ""Fuck Beal because he only cares about himself"". Beal has been a professional with the Suns taking the bench role seriously and while his on-court performance has been lackluster he at least seems like a great teammate.  It would be one thing if Beal was single and basketball was the only priority in his life. But he has a family and he loves the Phoenix area. Why would he go and move his family away from a stable environment? Moving and trades come with the job but he is in a situation where he has the ability to choose and I don't blame him for choosing. This does not matter though since no team even wanted to take him on and he never got a chance to waive the NTC.

There are no reports about Beal being asked to waive his NTC or anything close to it(if something comes out later I apologize for being wrong). I am sure James Jones and the FO looked for a team that would take Beal's contract for draft capital but there was not a team dumb enough to do so. The NTC is not the reason why Jimmy is not in PHX. It's the 50+ million dollar deal for an above-average SG.

We are in our current situation because the FO has fumbled the chance to build a complete team around Booker and Durant. I believe the duo could have worked, but Ishbia thought throwing money at everything would equal success."
103,A scathing rebuke of the Suns Organization,"[https://www.cbssports.com/nba/news/nba-front-office-rankings-celtics-okc-at-the-top-mavericks-sink-after-luka-trade-but-theyre-not-no-30/](https://www.cbssports.com/nba/news/nba-front-office-rankings-celtics-okc-at-the-top-mavericks-sink-after-luka-trade-but-theyre-not-no-30/)

Ranked 3rd worst front office in the NBA:

# 28. [Phoenix Suns](https://www.cbssports.com/nba/teams/PHO/phoenix-suns/)

No organization in the NBA operates with less foresight than the Suns. That's true in a macro sense, obviously. [ESPN's Kevin Arnovitz](https://www.espn.com/nba/insider/story/_/id/34126111/how-phoenix-suns-plan-nail-nba-draft-mostly-ignoring-it) wrote a lengthy feature about how little stock general manager [James Jones](https://www.cbssports.com/nba/players/400555/james-jones/) puts into the draft. But it's evident on a micro level as well. They are the impulse shoppers of the NBA.

They went after Bradley Beal as a pure talent play, but didn't stop to think that maybe uniting three players on max contracts that do not generate consistent rim pressure might yield diminishing offensive returns and hamstring their ability to field a decent defense. They traded one very valuable unprotected 2031 first-round pick to the Jazz for three very weak picks. At the time, it seemed as though the move was a precursor to a Jimmy Butler trade. It turned out, however, they had no follow-up move lined up. They just sacrificed a very valuable asset for... the theoretical flexibility to trade three worse assets separately? They didn't even think to keep Kevin Durant informed when they discussed trading him at this deadline. That is a very basic star relationship fumble.

It doesn't seem as though decisions are made with a three-year plan in mind, or even a three-month plan for that matter. One minute they're aiming for a big three of Durant, [Devin Booker](https://www.cbssports.com/nba/players/2152529/devin-booker/) and Jimmy Butler. The next, they're prepared to give up Durant, the best player in that trio, to secure Butler? They're currently on their third coach in three years with no signs of improvement. They control none of their own picks between now and 2031. [Ryan Dunn](https://www.cbssports.com/nba/players/28954070/ryan-dunn/) is the only notable young player on the roster, but they somehow managed to give up [Toumani Camara](https://www.cbssports.com/nba/players/3141429/toumani-camara/), who would eventually grow into the perfect young role player for this roster, as a throw-in when they shipped [Deandre Ayton](https://www.cbssports.com/nba/players/2891991/deandre-ayton/) to Portland. It's one thing to ruin your future by going all-in on the present. It's another to botch the *present* by going all-in on the present. The Suns have done so, and that inspires little trust in their leadership moving forward."
104,Does anyone agree with me that Durant’s trade value will only go down between now and the offseason?,"We REALLY botched the Durant non-trade. So now we take the risk that he gets injured and then his trade value plummets. Based on the way the Suns have been playing I honestly think that it would be better for them not to make the playoffs because if KD makes the play-in game or gets punted out of the first round again and looks old and slow then teams are going to start questioning whether they should spend max money on this guy. I’m not saying he’s an awful player, I’m just saying that every player gets looked at through the lens of their salary and their age. KD is old and his salary is astronomical. He’s not a culture-builder on a young team and he’s not going to mentor anyone at all, so if he doesn’t elevate the Suns this year in the playoffs when it matters most then who would someone commit $120M over two years for him? If I’m a GM I absolutely wouldn’t do that. 

Oh and the Suns have now pissed him off because in his mind any team would be foolish to consider trading a 60M dollar 37 year old right? So now they have to repair a relationship that was okay a week ago. Good move James Jones. "
105,We should have never parted ways with Deandre Ayton.,I am ready for everyone to disagree with me. Our front office should have kept Deandre Ayton and Toumani Camara once we had moved on from Monty Williams and gave Frank Vogel a chance with him. I am tired of watching this team get bullied by guys 8 years younger than them. What did Jusuf Nurkic get us?
106,I like Ishbia,I really do think he’s a competent owner. This experiment has just completely failed and it isn’t uncommon for teams to fail like this. I appreciate his efforts to make us a contender even if it didn’t work. it’s a breath of fresh air compared to other arizona sports teams (or the old suns). If this experiment had worked we would all be praising him. And it’s not like it’s all over yet if we can force a trade for jimmy butler.
107,"Remember when we let go/got rid of Torrey Craig, Jock Landale, and Cam Payne for no reason?","Torrey Craig shot 39% from 3 this year, better percentage than Eric Gordon! His defense and rebounding would've been pretty nice to have too.

Cam Payne was also solid from 3 and has at least decent passing and defensive ability, he would've been our best guard off the bench.

Jock Landale.... He really sucked at the beginning not going to lie but he got better. Plus he had great chemistry with KD and Booker. No way he could've possibly been worse than eubanks.

All this to say, I don't exactly trust James Jones on the margins. He has repeatedly shown he isn't good at filling out the roster and I'm concerned that he's still untouchable in the org."
108,Beal really hasn’t played a full season in 6 years ,Ishbia and James Jones check this?
109,"Seriously, how have we not traded Nurk yet?","Clearly he isn’t getting on the court anytime soon, and we really need another forward that can play defense that has some size. We have three first rounders and a second to use in a trade. His value isn’t getting any better if we play him or don’t play him. We can’t stand pat either. The next question would be, will Bud play said new guy? If we are going to make a push, the dead weight needs to be dropped and new energy needs to be injected."
110,[Gambo] on KD Trade,
111,😣,
112,"Go ahead optimists, convince me",
113,Who is next on the Phoenix Suns mediocre head coach carousel?,
114,Bradley Beal is playing the best defense of his life [OC analysis],"\[This was originally intended for the broader NBA audience at r/nba, so forgive any ""no-duh"" stuff for Suns fans\]

Have you ever thought about how rechargeable batteries work?

Like most people, I assume, I never gave them much thought. You plug one into an outlet, and portable electricity just sort of piles up inside, like filling up a champagne flute with Miller High Life, right?

That, of course, isn’t quite accurate. As you use a battery, electrons flow from the negative end to the positive end. When equilibrium is established, flow ceases, and the battery dies. To charge the battery, you have to put in energy to reverse the flow and force electrons back to the negative side.

Apologies to any engineers out there for the gross oversimplification, but I was thinking about the flow of electrons from one end to the other when considering Bradley Beal’s career arc. Few players have had as many ups (relatively) and downs (absolutely) as Beal. He’s had multiple seasons with a [Defensive Estimated Plus/Minus ](https://dunksandthrees.com/player/203078)in the bottom decile!

*\[I've collected a bunch of clips and graphs to illustrate my points. They* [can be viewed in one place in-context here](https://www.basketballpoetry.com/p/bradley-beal-is-playing-the-best)*. Thanks for reading!\]*

Of course, in each of those years, Beal was an elite offensive player, generally making up for his porous defense. However, since his trade to Phoenix last season, Beal has understood his assignment better than most. By almost any measure, he’s playing at or near career-best defensive levels, forcing electrons from one side of his battery to the other.

To wit, here is a chart I made with his D-EPM percentiles by year: \[[chart here](https://www.basketballpoetry.com/p/bradley-beal-is-playing-the-best)\]

Most players don’t have the peaks and valleys we see above, and it’s even rarer to see someone reach new heights in their 13th season. To further my case, here is his Defensive DARKO chart, another all-in-one defensive metric: \[[chart here](https://www.basketballpoetry.com/p/bradley-beal-is-playing-the-best)\]

You and I don’t need to know exactly what goes into those models to understand what they’re saying: the defensive battery is fully recharged!

If you’re not into alphabet soups, Beal’s newfound defensive prowess is borne out in more easily digestible ways, too. Beal is averaging the most steals and blocks of his career so far (which, naturally, means he sports [the highest Defensive Box Plus/Minus](https://www.basketball-reference.com/players/b/bealbr01.html) of his life by a mile). Phoenix lineups with Beal [only give up 111.3 points per 100 possessions](https://cleaningtheglass.com/stats/player/231/lineups#tab-four_factors), a well above-average mark.

NBA players do not usually see a massive defensive upswing in their 30s; defense is a younger man’s game, reliant upon quick-twitch athleticism and endurance. But Beal’s defense is far from a numbers-driven narrative. Coach Mike Budenholzer has deployed him as the starters’ point-of-attack pitbull. [NBA.com](https://www.nba.com/stats/player/203078/head-to-head) says his primary defensive matchups have included Tyrese Maxey, Anfernee Simons, and LeBron James (perhaps somewhat of James’ choosing, but they haven’t been eaten up in those minutes!), and BBall-Index says that Beal has had the toughest defensive assignments of any Suns starter by a mile.

Now, he’s hardly perfect. I’m not trying to pull an [Anna Sorokin](https://en.wikipedia.org/wiki/Anna_Sorokin) here; Beal won’t be making anybody’s All-Defensive teams. As a small-ish guard, he can only do so much against bigger players. He occasionally gets caught going under screens when he should go over, and bizarrely, at least twice, I’ve seen him tying his shoe in the middle of the defensive action: \[[video here](https://www.basketballpoetry.com/p/bradley-beal-is-playing-the-best)\]

But shoelace issues aside, the effort level is consistently there. He’s putting in the energy to reverse the flow. How often have we seen a player go from max-contract, first-option status to grit-and-grinder almost overnight? How many undersized former 30-point scorers add the ability late in their career to destroy a 3-on-1 fastbreak like a miniature Draymond Green? \[[video here](https://www.basketballpoetry.com/p/bradley-beal-is-playing-the-best)\]

Although he’s been around seemingly forever, Beal is just 31 years old, and he still has excellent lateral agility and a 6’7” wingspan. He has some good (though not great) physical tools, and as the charts above show, he’s unleashed them in a way we haven’t seen in years. He’s playing hard, like when he fights through two screens to contest a Tyrese Maxey triple here: \[[video here](https://www.basketballpoetry.com/p/bradley-beal-is-playing-the-best)\]

Or here, where he effortlessly flits past two more screens again and harasses Tyler Herro into a slip: \[[video here](https://www.basketballpoetry.com/p/bradley-beal-is-playing-the-best)\]

I hear you harrumphing. Rock-solid screen navigation, but not precisely highlight-worthy, right? That’s sort of the point. This is what Beal looks like all the time: *workmanlike*. You can go pretty far with a coherent defensive scheme and effort in the NBA.

“I’m very excited about taking on the task of guarding guys,” [Beal said a few days ago.](https://arizonasports.com/story/3563061/suns-defense-bradley-beal-improve/) “I just think that’s another level I can tap into.”

And that’s a level that the entire Suns *team* has tapped into. It’s true that Phoenix has faced a slate of opposing offenses more crippled than me after my forthcoming meniscus repair — two games against the Clippers without Kawhi plus a match against an Embiid-less 76ers team — but they’ve maintained a level of focus and intensity we haven’t seen from the Durant-era Suns in the past.

The Suns switch less than they used to, and Budenholzer has challenged his players to get over screens and stay attached to the ballhandler’s hip. Coach Bud’s teams are almost always elite defensively, and he has a strict ethos passed down from his days on Spurs coach Gregg Popovich’s staff: [never, ever foul](https://www.basketballpoetry.com/p/which-new-nba-head-coach-is-best).

For a guy oft-criticized in the past for being too rigid, Budenholzer has changed his defensive philosophy in important ways (besides the no-fouls mandate). For example, his old Bucks teams used to allow opposing teams to shoot as many threes as they wanted, as long as those shots came from suboptimal shooters. Teams have gotten so good at shooting over the last few seasons, however, that this strategy is no longer tenable. His final Milwaukee season [saw the Bucks rank fourth in three-point attempt rate](https://thef5.substack.com/p/pushing-buttons) allowed after being bottom-five in the previous four seasons. So far, the Suns have[ been top-10 in disallowing threes](https://cleaningtheglass.com/stats/team/24/team#tab-shooting_defense_frequency) (including third in preventing corner threes) and 11th in opposing free-throw rate (a number I expect to improve over time with fewer games against the freebie-tastic Lakers).

The Suns rarely force turnovers (another Bud trademark), preferring to stay disciplined in their approach, but they clean the defensive glass at an elite mark. Add it all up, and you have a defensive identity that is both clear and (so far, at least) effective.

It’s tempting to say Phoenix’s defense is more than the sum of its parts, but that’s doing the parts a discourtesy. Jusuf Nurkic is an excellent drop defender with surprisingly quick hands, even if he can struggle with more mobile matchups (see his benching against AD). He doesn’t get nearly the love he deserves for his long-time defensive prowess.

Royce O’Neale is the consummate 3-and-D professional (and a vastly underrated playmaker, but I digress) who has been a change-of-pace small-ball five throughout the season. Rookie Ryan Dunn is already the best defender on the team, a grizzly bear mirroring footsteps like a particularly toothy shadow. He’s the situational break-glass player for when the Suns need some bigger perimeter help. Devin Booker has been his customary solid self, and Kevin Durant has been more than solid. Grayson Allen, Mason Plumlee, and Tyus Jones are not gifted individual defenders, but they know the gameplan, and they execute.

When it all comes together, Phoenix can string together some gorgeous sequences: \[[video here](https://www.basketballpoetry.com/p/bradley-beal-is-playing-the-best)\]

It’s a long season. A lot can go wrong for both the injury-prone Beal (already nursing an elbow injury) and his squad. The Suns are a rickety bunch at the best of times, and we don’t know how they will hold up when they go against more dangerous offenses.

But it’s hard to point to what the Suns should be doing better, given their competition so far, and it starts with their third-wheel star embracing his new role as a high-energy stopper. Beal’s battery is full, and if it can keep a charge through the playoffs, Phoenix’s 7-1 start will prove no fluke."
115,Ayton has more lob dunks than the entire Suns roster,"For the last two seasons, in 95 games as a Blazer Deandre Ayton has 57 lob dunks. In that same period, in 149 games the entire Suns roster has only 36 lob dunks. That’s every Suns player‘s lob dunks added up, last year and this year. That is crazy! James Jones really built the most unathletic Suns team of all time."
116,"Hypothetically speaking… if “winning fixes everything” how would you feel if the current FO stays intact, regardless of the moves they make (players/coaches) this offseason?","I know a lot of fans are frustrated with Mat Ishbia too, but realistically, he’s not going anywhere until he accomplishes the goal he set for himself as an owner. So if next season results in a championship or even a strong playoff run, would that be enough for you to be okay with Josh Bartelstein and James Jones still being around to steer this ship?

To be clear, I’m not trying to insinuate anything about what the suns front office/ownership/players/coaches may or may not do—just genuinely curious, not trying to bait anyone into a narrative here."
117,Lakers got Finney-Smith for peanuts,"All the Lakers gave up was three 2nd round picks and D-Lo. 

Why couldn’t the Suns get him? 

Suns get: Finney Smith, filler

Nets get: Grayson Allen and 1st round pick top 5 protected 

Finney-Smith is the ideal player the Suns need. A big forward who can guard and can shoot decently from the corner. I’d like to get a center but there was no one available.

James Jones continues to screw things up with signing 15 small guards.

Nets would definitely take the Suns deal with the 1st round pick and a very affordable Grayson contract.

Suns starters after the trade:

Jones, Book, KD, Finney Smith, Nurk

Bench: Beal, Royce, Josh, Dunn

Suns go from a small team to a team with good size and big scoring off the bench 

What a terrible mistake 

We can all dream about getting a center but it isn’t happening. Even with a 1st round pick attached the Suns can’t get a center that will make a big difference.

Finney-Smith would make a HUGE DIFFERENCE. He can even play small ball center. With Dunn, Josh and Finney-Smith the Suns would have great point of attack defense. 

Losing Grayson won’t be much of a hit because the Suns have 15 small guards. "
118,Enough with these casual hindsight takes 🤦‍♂️,"Everyone who's saying we shouldn't have made the Durant trade are the same people who rooted for it nonstop. People saying we tore a championship team down for Durant completely forget we just lost a 2-0 lead to the mavs the year before and we're hanging around .500 before trading for Durant. Everyone acts as if we went to the finals and made the Durant trade a week later lmao. It didn't work, so what? We traded our first round picks which will all be in the 20s and do you know what that equates to? NOTHING. Please go look at who the nets took last year with our pick, he played 2 games because he couldn't get on the court. Look at every draft from the last decade and tell me how many names you even recognize after 20. Cam and Allen are a wash. So essentially we lost Bridges (who is 28) for Durant. 

Would everyone be more happy if we stayed where we were and lost in the second round w cam and mikal year after year, or risked it all on a top 10 player in the history of basketball??? I swear, all these people with their dumbass takes started watching the suns in 2021 and have no idea what it takes to win a chip. We went for it and lost, but im happy we actually put our all chips in the middle and went all out because that's how championships are won 95% of the time. 

And holy shit, if I hear one more time that IT is the puppet master behind this team i'm going to lose it. As if IT is controlling Ishbia and by proxy forcing James Jones to make moves....when Jones had been working on the Durant deal before Sarver was ever forced to sell the team. Every IT rumor has been debunked, they are close friends and he sucks, but stop trying to find a scapegoat. 

STOP WITH THESE RIDICULOUS TAKES! If I hear one more post 2020 suns fan, who never cared about the suns or payed attention before we got good, I will lose my mind. BE PATIENT. These posts about trading beal durant and booker and unbelievable. Hell ya, I can't wait to go back to drafting Alex Lens and Josh Jackson's in perpetuity. Another full year with this team meshed together could do wonders and it's really our only option. Even the most delusional fanbase (Lakers) weren't trying to trade AD and Lebron after their string of postseason failures because there is no getting better than that, same with Durant and Booker.  

"
119,What if it was all a dream?,
120,Who are some prove it players the Suns might try to target?,There are a couple teams that have a large enough cap space to take a lot of these names off the list. My personal opinion is targeting a Nerlens Noel but honestly I have no clue where dude has been
121,"Despite the rough season, give KD and Booker at least another half season","I know this sounds crazy given how disappointing this season has been, but I would not trade KD this summer and give the KD-Booker at least the start of next season together. 

Look, despite all the constant complaining on this sub about how KD looks washed at times or Booker is inconsistent or not clutch or whatever, objectively they're not the problem. Durant has been extremely consistent and is still averaging 27/6/4 on 64% true shooting. Some of you might yell *EMPTY STATS*, but they're not empty. Durant, including last game against the Clippers, has probably won this awful team 10 (more than a third of the team's win this season) on his own. He might be 36 years old and a bit injury prone, but he (and LeBron and CP3) have shown that age doesn't really matter anymore. Stop bitching about KD's age and minutes. He's still better than all but maybe 10 players in the league.   
  
Booker has been inconsistent and inefficient compared to his previous seasons, but he's still 28 and averaging 26/4/7. Again, he could show more effort on the defensive end (and so could KD especially in transition), but we have two players combining for over 50 a game. They're not the problem overall.   
  
The issue is the front office has built a roster around Durant and Booker that doesn't fit at all. A Booker-KD led team CAN win games. Durant's first 8 regular season games with the Suns were all wins. Even in the first playoff run, after barely playing together, a Durant/Booker led team were the only ones to even challenge the defending champions in a series. That team was able to win games because they had an experienced floor general in CP3 running the offense; and despite how much this sub shits on Ayton, he's way better than any center currently on this roster and could actually grab rebounds and play defense. 

That summer after the 2023 playoff run, rather than building on top of that team and adding defense, James Jones literally decided to just go for the flashiest players without even thinking of what holes needed to be filled in the team. The Bradley Beal trade was ridiculously stupid, as Beal literally does the exact same things as Booker and KD, just not as good. Then, he trades away Ayton for another offensive-minded player in Nurkic. While Nurkic was a decent passing center, he could not play defense at all. Then, he trades for even 3 and no D shooting guards like Grayson Allen. 

Even this last summer, while we needed a point guard and we had limited options, we sign a guy that again while being a decent offense player, plays absolutely no defense in Tyus Jones. 

So what are we left with? We're left with KD and Booker, and then a bunch of small guards in Jones, Beal, and Allen that can shoot (all our shooting 40% from three) but offer almost nothing on the defensive end. This team didn't need a ton of shooters around KD and Book. KD and Book already provide a lot of shooting and scorer. The team needed actual defensive players, big bodies that grab a rebound and do the small things outside of scoring. 

I don't see the point of trading KD or even Booker when the front office hasn't even actually built a suitable team around them, and instead over the last few years has just been going after the best available offensive player in the market. 

We shouldn't trade KD this summer. Get off the Beal contract and then actually work on building a solid team of defenders around the 2 stars. "
122,Suns are gonna win the lottery and miss out on Cooper Flagg,"Would be a total suns moves to miss the playoffs, make the lottery and get the first pick just for us to not own it and miss out on a generational player..."
123,"[Woj] Free agent G TyTy Washington Jr., has agreed on a two-way contract with the Phoenix Suns, Kevin Bradbury of @LiftSportsMNGMT tells ESPN. ",
124,I am optimistic. And I think this roster will fail.,"I've been a Suns fan since about '07 and the team has been through some amazing and some shitty times in those 20ish years. I withstood the Desert of Perpetual Letdown during the decade of missing the playoffs and having my hope dashed to pieces by draft picks that didn't work out and coaches that couldn't make a difference. During this period I had very little faith in the organization to raise the floor and function competently. If they became good, it was because they lucked out by getting a generational player. This started to change when we acquired Mikal, Cam Johnson, Baynes, Rubio, and some other competent, if not astounding players. The team seemed to be building a philosophy and had some kind of plan. While that hasn't taken the Suns to the promised land, I feel reassured by the fact that there has been a philosophy guiding these choices.

Enter Ishbia, who is the embodiment of ""scared money don't make money."" Love him or hate him, the dude is committed to investing in this team. Not just in splashy trades, but in a bottom-up redefinition of the organization. Could he just be an idiot nepo-billionaire who doesn't know the value of money and has a new flashy toy? Sure. But my sense is he's treating the Suns and the NBA like a market that he has some innovative theories about. They are risky and they may be wrong, but I appreciate the systematic approach. 

The KD trade, the Beal trade, and if it happens, the Jimmy trade are going to be failures when it comes down to results. But the process reveals that Ishbia doesn't buy into the ""assets"" philosophy that the NBA and fanbases have bought into in recent years. Why this is the case, I'm not sure, but his investment in players and contracts rather than picks seems intentional and systematic. This isn't the same kind of \*Russian voice\* ""Win me championship,"" situation as the Prokhorov Nets. I think Ishbia and James Jones have recognized a few things. 

First, no contract is truly untradeable. People throw this around all the time only for the contract to get traded. Beal was untradeable and then he got traded. And now he might get traded again. 

Second, by definition, almost zero teams who hoard draft assets end up winning it all, ever, let alone in the near future. The Thunder, Jazz, Celtics, Sixers, Spurs, Rockets, Cavs, and Pelicans are the teams I can think of that have had a period of having and accumulating tons of picks recently. Some have been very successful. One has won a championship (which, by the way, was only after two trades for massive contract star players).

Third, you have more control over players and contracts than you do over pick results, so they have invested their capital in what they can more accurately appraise. Ishbia and Jones also view their players and contracts as trade chips as much as championship pieces. You think the guys who trade picks for a bunch of players don't also realize they can turn around and do the opposite when they need to? There's not really a point of doing that now when you have Book, who is the most popular Sun since Nash. They aren't going to cash in for some stupid kids who may suck once they get to the NBA anyways. If the Suns flame out this year or next, they have Book, KD, Grayson, O'Neale, maybe Jimmy, Richards, Dunn, and Oso on deals that are all desirable to the right team. Denver and the Rockets would sell all their future and their young guys for KD right now or next year. Detroit would give good young guys and picks for Book whenever we called. If we cashed in all these guys at some point, we'd be talked about like a team loaded with ""assets"" and young players. The Nets and Rockets very recently did just this. I think Ishbia thinks of these players like they're a future investment that also pays for itself, at least adequately, right now and gives us a chance. He also has way more control over how much contract value (payroll) he accumulates than he does over how many picks and prospects he accumulates. So he racks up a payroll that can be converted to those higher-risk assets when needed.

Fourth, Phoenix seems to be a place where people want to play and live. They know they will get paid here and will get treated well here. Players don't care about the assets and trade grades of a team, they care about going to places they think they can win, get paid, and have a good life. Phoenix checks those boxes and Ishbia makes sure of that. This is what LA has done forever and it's generally worked well for them.

  
In conclusion, while I believe this team iteration isn't going anywhere in the playoffs, I'm not worried about that long-term because Ishbia seems to be trying out some well-thought-out shit that looks irresponsible but is actually just a different investment strategy. Even that could fail, but so could any approach to things. Luck is always the most important factor when it comes to a franchise winning it all, and right now, Ishbia is choosing not to mess around too much with luck.

FTL"
125,Gambo: Rules out Dayton F/C DaRon Holmes II for the Suns at No. 22. Marquette PG Tyler Kolek is a player the Suns are interested in at No. 22.,
126,Traded away a promising potential dynasty.. I would be exhausted if I was Book too. ,"The new owner wants to be a fun celebrity and didn’t think twice about the team as a franchise. He seems like an egoist. Even the James Jones said he was against giving up Bridges and Johnson. And then Cam Payne too eventually? Londale had so much promise. 

Not saying anything against KD. It would not and still doesn’t make sense to trade what we did for KD. Like just KD and Book are gonna put up numbers? That was last season. 

And we lost so much so you couldn’t even get the praise Book deserved. Game after game 30+ points repeatedly. I wouldn’t be doing the same this year. 

No one else is hungry. Greyson Allen???? I understood why Book did it tho. Someone else needs to step up can’t just be him. Allen should never be first option ever. That miss in the Jazz game with less than a minute to go gollllllly how many times to witness that moment over and over is frustrating. SMH. 

I don’t care if it’s ten years from now every loss will have me missing 21-22-23 roster. 23 onwards just why Ishiba why. 

Johnson and Bridges are doing so well! Painful. lol "
127,Who is responsible for current situation?,"It's hard to tell but... we see roster is tragic, no synergy, no chemistry, no faith in success, so it's JJ, coach and owner fault. Players have no effort to success, it's their fault. They don't known what to do in the game. I think someone (maybe Ishbia) have too much ego and tries build a team like in NBA2K career or some amateur way. I think coach and James Jones wont opt, because they don't want to oppose the owner. And comming to the details which don't work: Book is not a leader (he is great player and great scorer), KD is great player and elite scorer but not a leader, he didn't make other players better. Beal is working hard slasher but not a leader, he i just ok player good scorer and nothing above that. Tyus, maybe his role is too small, maybe he is just one-third of Trae Young. Our centers are weak, Nurkic is completely lost in Budz system, Plumlee is journeyman.

  
What is your opinion?"
128,"Suns are too small, weak, short and unskilled ","Thats the basic problem for the Suns. Literally their physical limitations. Basketball is still a game about being tall.

Starting 3 guards is an absolute disaster. You can’t be a serious team starting three guys 6’4” and under. 

Even the bench is too small. More guard sized players in Josh, Royce, Grayson and Morris.

KD is our starting power forward. Which is okay but he is much weaker than the average power forward. Pair him with 3 small guards and its no wonder the Suns get dominated on the boards.

What about backup forwards and wings? Royce is 6’4” and Grayson is 6’3”. Ryan Dunn is the only forward/wings that has good size and strength. So again you are going to physically dominated at forward.

Center is an absolute disaster. Nurk may have size but he is ridiculously slow. On offense he is so unskilled he can’t even make layups consistently. Oso is too weak and unskilled at this point. Plumlee is barely hanging on as an NBA player.

The Suns main problem is they literally don’t have the physical profile of an NBA team. They literally look more like a college team.

The Suns rotation is:

7 Guards: Book, Beal, Jones, Royce, Grayson, Josh and Morris. All under 6’6”

3 centers: All physically challenged. Either too slow or too weak 

2 forwards: KD has height but is weak. Dunn has size but is unskilled on offense 

We literally look like a college team that is mostly undersized players and just 1 or 2 guys who are actually NBA size for their position. A ton of college teams have starting small forwards bigger than Book. Thats how bad it is. 


Teams can beat the Suns by basically brutalizing them. Just keep pushing them around. By the 4th quarter the Suns are physically exhausted.

James Jones is such an idiot thinking that such a small and weak team could contend. He learned absolutely nothing from the Minnesota series where the Suns got brutalized. 

Instead of getting bigger Jones listened to the media that said the Suns needed a point guard. So he got Jones and Morris. Instead of getting bigger he kept Grayson and Royce. I know some of these small guys are quality players. But you can’t have a roster where teams can just physically dominate you the entire game"
129,So many BAD moves after the KD trade,"KD move was good IMO. He is still a top 15 player and Book needed a legit scorer with him. 

The problem were the moves after that. 

Traded Dario for nothing. Would have been great to have Dario as a stretch back up center instead of Eubanks.

Getting rid of Cam Payne for nothing. Would have been great to have a backup point guard. 

Trading for Nurk. Big mistake. As bad as Ayton was at least he was decent at guarding pick and roll and could actually finish at the rim. Nurk is bad at both. There must have been a better trade out there. Nurk simply isn’t a playoff center when teams will pick on him the entire game. 

Trading for Beal. Dumb move. If nothing better was available then just keep CP3. Beal’s contract is a total nightmare and trading 1st round swaps is brutal 

Not signing a single point guard. Come on

"
130,Suns release halftime message ,
131,What could have been,"Right now we could have Trae Young and Book or Doncic and Book. Obviously Doncic is the more talented player but I feel like Trae would be a great pairing with Book too. 

Instead we drafted the man-baby who’s happy winning 20-30 games a year and collecting a paycheck. 

Why is James Jones still employed in Phoenix again?"
132,We haven't had a capable GM since Bryan Colangelo,"Steve Kerr was awful. Did the Shaq trade, hired Terry Porter.

Lance Blanks (RIP) was an embarrassment. 

Ryan McDonough was absolutely clueless.

James Jones is not cut out for the job. "
133,Love this guy.,
134,DEVELOP. YOUR. YOUNG. TALENT,"Get that through James Jones' thick fucking skull. championship rosters aren't built from getting good players from several different teams and putting them together Frankenstein style 

Look at Boston, Denver, okc, even wolves. They underwent several years of mediocrity while developing talent they either drafted naturally or got pretty close to their rookie years and nurtured them over several years of playing under the same system. 

The path forward is getting YOUNG talent. Trade KD to a win now team, get some first round picks back and let them develop with booker and Beal. Yes, this means we'll be bottom feeders for the next 2-3 years but booker will still be at his peak after that. That's the only way to salvage our future. 



"
135,First thing Suns and Ishbia Need to Do to Turn Things Around- Address the Front Office Dysfunction ,"A major factor in the current Suns dysfunction is the mess in the front office.  They have to get an experienced GM or team president and let them make all basketball decisions.  There are simply too many people making moves in the front office since Ishbia took over with Jones, Ishbia, Bartelstein, and even Isiah Thomas involved in personnel decisions.  Even though Jones is the official GM we know Ishbia was behind the KD trade and Bartelstein was the architect of the Beal and DA deals.  Jones hasn't been the best talent evaluator himself and his draft record alone in '20 and '21, along with his comments on how he views the draft,  warrants a new and completely new front office.  I don't feel confident with any of the guys there now as the team navigates some very tough decisions the next few months and over the remainder of the decade.  Ishbia needs his Bob Myers, Sam Presti or Jerry West.  He has the money and just needs a smart basketball mind to complement his aggressiveness and pocket book.  I'm glad Ishbia owns the team and he has done a ton for fans and the community, but turning this mess around starts up top with the people he surrounds himself with.   

  
Sources

[Ishbia led Suns Trade for KD](https://arizonasports.com/story/3491735/owner-ishbia-suns-deal-kevin-durant-backup-john-collins-trade/)

  
[Bartelstein led Ayton Trade Talks ](https://www.espn.com/nba/insider/insider/story/_/id/38527348/inside-damian-lillard-trade-how-bucks-blazers-suns-got-finish-line)

  
[Bradley Beal's agent is the father of Suns CEO](https://www.nytimes.com/athletic/4619015/2023/06/17/bradley-beal-trade-wizards-suns-heat/)

  
[Jones would have passed on Booker in the draft](https://www.si.com/nba/suns/news/phoenix-suns-james-jones-devin-booker-espn)"
136,Ishbia needs to decide if the coach or roster should be changed,
137,"Contrary to popular belief of some doomers (and maybe some other fans), the team is probably designed PERFECTLY the way it is... (Hear me out before you downvote, 😂)","The Suns have proven they can beat the teams they should as long as both Book and KD are healthy (13-2, an 87% WIN RECORD). 

That's all there is to it. If one of them goes down, then every game is going to be a struggle coz multiple guys end up trying to compensate either for the loss of KD (and his clutch shooting, defense, playmaking, rebounding and insane length to guard PGs to Centers) or eventually, if he succumbs to injury this season, for the loss of Book (especially the fact that Point Book is the best as he''s ever been with 6.4apg vs only 2.3 TOs, the least he's had since his rookie season). 

You can't just say ""well put more effort and play harder then!"" Or ""You got two MAX guys on the team outside of KD (Beal and Booker), they should be able to figure it out!"" as a solution when one of their key guys goes down coz it's NEVER as simple as that coz there's such a thing as roster construction and defined roles for every single roster spot, of which we have seen has been immaculate with how well EVERYONE including our bench performs dramatically better when all the major pieces are available to play. 

That's why I find it comical how guys say the team is ""flawed"" coz it can't win without KD (1-9) when in fact, that actually shows the team was designed perfectly for the purpose the architects (James Jones, Coach Bud and Mat Ishbia) intended the team to function as coz if you take out one of the major pieces, the team really will struggle but if they're put together and are able to play, you get a 13-2 record (an 87% win record).  

It's not an exaggeration to believe that the team may even be the first seed now if KD wasn't injured since we had only ONE blowout over 20+ points (Sacramento), and all the other losses were mostly below 10 points or decided by a single possession and our 10+ losses were under 16pts AT MOST which definitely could have been averted with KD healthy.

We just need some faith in the team coz if we don't, we may end up blowing up an awesome team (that works well together) unnecessarily only coz we want to find the next best trade that looks shiny on paper (e.g. Jimmy Butler) all because we are impatient with the team (when we were experiencing the 1-9 slide).  

You can't make decisions on what ifs in this league (like, what if KD gets injured again, or saying Book has always been injury prone, even if he hasn't missed a game this year).  As fans though, we can make decisions to support the team and cheer for them and I just urge everyone, especially the more negative fellow fans we have, to have patience coz the Team was built PERFECTLY the way it is and we just need all the pieces to play together for as many games as possible. If we are patient enough, we may have a championship contender and one of the best teams we have assembled since 2019, which is saying a lot coz we went to the finals in 2021-22 :-)

KEEP THE FAITH SUNS FANS!!! GO SUNS!!!"
138,Mixed feelings on Ishbia,"On one hand, the guy is a MASSIVE step up from S*rver. And he’s done good things for the fans/community. From the perspective of “what should an owner control/spend his time doing” he’s been a solid A. 

On the other hand, the “new owner syndrome” hit him hard. He mortgaged our future and essentially Book’s career for Bradly Beal because Beal’s agent is the Suns’ CEO’s dad. Beal trade was a net negative 10/10 times and it has crippled this team. I know there are a group of people who think the KD trade is dicey as well (not sure I agree with them) but it’s just so painful that the on court product is so mediocre AGAIN. We just lived through a decade of mediocrity/suck and when we had a shot Ishbia blew it. 

Just so exhausting being a sports fan in this state. Heads you win, tails I lose."
139,How to fix the Suns,"I've been thinking a lot about how to fix our team and I've developed this plan that I know will work.

**1. Get a new coach**
We need a new coach that can get along with the players, Frank Vogel obviously lost the dressing room. I propose we go after Monty Williams, he has history with Devin Booker and coached him to the final. Additionally, after a lot of down years, he will be cheap to get. He's not the most tactical coach, so perhaps we bring in an offensive guru on the bench, I heard Kevin Young from BYU is meant to be the real deal.

**2. Get a real Point Guard**
We need someone who can run our offense, no more Booker/KD isolations. We need the Point God, the hall of fame point guard, Chris Paul. This guy is an offense mastermind, yes, he's a bit old, but that means he's experienced. I know he breaks down in the later rounds of the playoffs, but I'll happy to even get to the later rounds. He's also on a huge expiring contract, we should trade Beal for him and get rid of his contract. 

**3. Trade KD for some younger players**
Kevin Durant is too old, we need some young blood in the team. I propose we trade him for some young wings, the Brooklyn Nets want to contend, I think trading KD for Bridges/Cam Johnson + picks makes sense for both teams. 

**4. Get rid of Nurkic**
Nurkic is a great regular season player but is always injured and doesn't hold up in the playoffs. I propose we trade him for a younger center who will match up well with Jokic. A player I've liked is Deandre Ayton, a young do-it-all center from Portland. He's rumored to have attitude and motor problems, but I think the ""dog"" in Booker will be a good influence on him. 

**5. Get some good role players**
Obviously we're over the cap, so getting good role players is hard. We can swap Grayson Allen for Landry Shamet, who can do everything Allen can do for less. Some good free agents min guys include J Crowder, Cam Payne and Frank the Tank.

I think this all makes sense, I hope to see it soon."
140,Actual plan to fix the suns,"Suns have a leadership void, since CP left.

Suns have a backup PG void.

Suns have a dubious Head Coach.

**Solve all 3 problems by hiring CP3 as player-coach. **

CP coaches the team, and then subs himself in for backup PG and the close out games with middies.

Gets his suit back on for post-game presser. 

CP doesn't play when Scott Foster refs.

We sign Bronny and Bron for depth.

Play 5-out banana boat style to close games with Bron/KD in the front court, and Book, Beal, CP in the backcourt. 

Bron is head assistant in this scenario.

Someone make sure Ishbia is taking notes.

James Jones can round out the bench."
141,"The Phoenix Suns are closing in on hiring Brooklyn Nets executive Matt Tellem in franchise’s front office, sources tell ESPN.",
142,Only 28 days til the deadline…,
143,"We are 7-0 when Eubanks doesnt play, winning the games by a margin of 14.85 PPG","&#x200B;

&#x200B;

[https://www.reddit.com/r/suns/comments/18vo4q0/we\_are\_40\_when\_eubanks\_doesnt\_play\_winning\_the\_4/](https://www.reddit.com/r/suns/comments/18vo4q0/we_are_40_when_eubanks_doesnt_play_winning_the_4/)

&#x200B;

Made this thread 3 1/2 months ago and there were still some Eubanks supporters (lol)

&#x200B;

Eubanks has a +/- of -108 on the season. The only Suns rotation player in the minus let alone in 100s our other guys who were minuses we traded in the Royce trade. Vogel and Eubanks love affair has cost us literally many games this season. I think someone from the FO told him he is fired if Eubanks sees minutes. This dumb fuck hopefully finally has him out of the rotation.

&#x200B;

Also he started Royce over Grayson which for playoff ball is the way to go. "
144,With the Announcement of the new G-League team and the fact that they will be playing right in Tempe its Just another piece that falls into place for Bronny getting drafted and Bringing Lebron in to follow,"From a money standpoint Bronny Will have the G-league games packed and because of the location Bronny will still be with the main team all the time and with his dad all the team. On the other side Lebron can watch Bronny play because the G-league games are just 20 minutes away.

This is already our team is Built perfectly if you just put everything around lebron running Point forward. James Jones connections, KD connections, Book and KD recruiting at the Olympics. Close proximity to LA, Hating on Dan Gilbert with Ishbia CP3 potentially following after the warriors cut him. it all fits."
145,Suns had turnover problems last season?,"Suns had turnover problems?

They just signed the two best assist to turnover ratio players in the league.

Tyus Jones had 7.3 AST to 1 TO last season.

Monte Morris was 9.9 AST to 1 TO.

Suns got their point guard(s).

Take a bow, James Jones."
146,Congrats book but we have work to do.,"First congrats to the suns goat. I, unfortunately, don’t get to watch a lot of suns games but the few I have seen our offense is so stagnant. There is no chemistry in this iso ball. If book, Durant, Beal aren’t shooting lights out then we just look downright bad. We need something to change. Maybe it’s time for James jones to go because in my opinion trading one aging star (Beal) for another(butler) isnt a great move when we are this bad."
147,Who do we need who you want ,The way james jones was talking its a high possibility that we trade our two picks come draft night who do we get we need a center and a 3nd dont see them adding a PG 
148,"40th overall draft pick Oso Ighodaro says he wasn't allowed to play basketball until he was 14: ""It was different for sure. My parents pushed me to get my academics down. I'm super grateful for that, just makes me a well-rounded person I think""",
149,Official order of people to blame ,"1. VOGEL for his god awful rotations
2. JAMES JONES for not trading for a point guard and spending most of our salary cap on the big 3

...(huge gap) 

3. Booker for disappearing in the playoffs and iso balling to kill the team momentum

4. Kevin young for his god awful offensive schemes

5. Durant for being a regular season merchant and disappearing in the playoffs 

6. Eric Gordon, Royce, Grayson, eubanks and other role players for the brick fest they showed us over the last 3 games"
150,No one should be safe ,"Hey everyone,

First post here but have been on the sub for a few seasons now. I’ve been a Suns fan all my life, and I’m not sure I’ve ever felt this down. The Beal contract cannot be restructured, and he has a no trade clause (don’t think any team is trading for him anyway). We all know the cap situation this has created. So with Brad staying, that means we have four options: 

1. Run the same “Big 3” back, clear out the bench, and basically hope to find some bench players that are competent (huge if because of cap space issue). Maybe miraculously find some PG who could play 20+ minutes that can elevate the team (don’t see how this happens considering cap space issue). 

2. Trade Book- Most valuable asset we have. Would get a good NBA player, maybe a role player, and probably a few first rounders. Miami kinda comes to mind since Butler is there leader and book doesn’t have to take that role since he’s incapable of doing it here. I’m a huge booker fan, absolutely hooper, hence why he has the most trade value. Reason for trading him besides that is it’s clearly not worked here, and Book hasn’t exactly been a leader in the locker room and I think the criticism that he’s soft is unfortunately warranted. 

3. Trade Durant- Once again, love him, absolute assassin. Still has good trade value. Can put a team like OKC over the edge. Could get a few nice players and maybe a draft pick or two. He is still playing at an elite level, so his trade value shouldn’t be much lower than what we gave for him. This way you keep the hometown star in Book, can maybe get a few good players around him, but you still don’t win a title with that team. 

4. Trade both- drastic, and admits complete failure which I’m not sure Ishbia is ready to do despite this disaster. Would get all the draft picks we lost back basically, a few decent to good players, trade them, and once again Beal is on a team tanking for picks. This sounds horrific, but after big bad Steve Cohen did a similar thing that Ishbia did and utterly failed, the Mets swallowed the bullet and did this with Scherzer (Bealish), DeGrom (Durant-ish), Verlander (book), and got significant prospects in return. I get it’s a different, but maybe the same logic could be used. Should Ishbia just bite the bullet, and blow up the ship? 

Finally- Vogel being fired is a given, but James Jones should also be given a pink slip. It won’t happen because Ishbia loves him too much, but he has been HORRIFIC the past few years, in critical years. Will never forgive not drafting Haliburton (I think he was in draft before 21’, and if so would’ve won in 21 if we had him). Not to mention, the Beal contract is so horrendous, it’s worth being fired over. 

Sorry everyone, this is a horrible time, and I hope we can all look back on this one day and laugh. Go Suns "
151,my 2 std deviation best case scenario,"that means of all the non-fringe cases, something that is barely plausible but never the less plausible-

Cp3/ beal / bronny

Book / allen / dlee

KD / royce / okogie / little

Bron / bol / klove / roddy (2way)

Nurk / goga / 2rp (2way)

the path-

+June 30- Sign royce for 2/50M with 2nd year team option

+June 26- Trade 22 to utah for 29 and 32 (similar draft value, but could also do indiana etc)

+June 26- Draft Bronny at 29 (frp status)

+June 26-trade back from 32 for 2 second rd picks

+june 30-Sign lebron for min (he declines his player option)

+june 30-Sign cp3 for min (warriors decline his team option)

+june 30-Sign goga for min

+june 30-Sign klove for min (he declines his player option given bron bat signal)

+june 30-Cut eric gordon, eubanks

+in feb: little+2rp for corey kispert

+In feb: Trade royce +2031 frp for brook lopez/myles turner/clint capela

Playoff rotation

Cp3 (24) / beal (36)

Book (36) / allen (20)

KD (34) / okogie (situational)

Bron (32) / klove (10)

Capela (30) / Nurk (18)

This team has 5 hall of famers still able to perform (6 total).  Will always have bron or cp3 on the court. 5% chance best case, but not 0.00001% imo. obv the most unlikely is lebron, but if it happens all bets are off - cp3 and klove are sort of obvious then - bron has to know this and know that he could get cp3 there as a package deal and get to play with an all-star cast close to home.  

also will leave this here as lebron keeps going out of his way to call james jones 'MY guy' - https://www.youtube.com/watch?v=TNiNRri09_w"
152,"Mat Ishbia said he’s not going to get into the status of Frank Vogel.   “I have not had one discussion about my GM, my coach or trading players, now supposedly in the media. Not one discussion is being had.”",
153,Donavan Clingan,What are the chances Clingan is available in the draft?
154,Should have kept this man,"We should have kept Cam Payne. As much of a liability he could be at times, he would have been so great on this team. The Suns offense would be so good if we can just play fast break basketball but we can’t go over 3 straight games without having 20 TO.

Cam’s name is literally turbo, just let him gun it to half court and attack the D before they could get set. The last time he played with a smart big (Saric) he was being mentioned for a 6th man of the year award. He was a reason we were still competitive with Denver last year and would have given us another player that could put pressure on the rim besides for the Big 3. Instead we traded him for a roster spot for Bol Bol (who’s been amazing btw) and don’t even play him in the playoffs. James Jones really fumbled on this one.

"
155,Excerpts from the latest post by The Athletic on the Suns being swept and what happens next:,"> Sources briefed on the situation told The Athletic that Phoenix will take a hard look at making a full coaching change or, at the very least, discuss adjustments to Vogel's staff.  General manager James Jones, however, is expected to continue overseeing team-building for the Suns, those sources said

&#x200B;

> For his part, Vogel said before Game 4 that he is confident he will return next season, adding that he has the 'full support' of team owner Mat Ishbia

&#x200B;

>Across the season, (Kevin) Young was in charge of the Suns' game plans on the offensive end, which featured a heavy dose of pick-and-rolls for Booker and Beal. But Phoenix's players questioned the coaching staff's inability to structure the offense and maximize the output of a lineup featuring three of the game's best scorers, per team sources.

&#x200B;

>Sources briefed on the matter told The Athletic that Durant never felt comfortable with his role in Phoenix's offense alongside Booker and Beal this season... Durant had persistent issues with the offense, feeling that he was being relegated to the corner far too often and not having the proper designs to play his strengths as the offense was built around pick-and-rolls.

&#x200B;

>After head-scratching losses, it was easy to wonder if the Suns had enough leadership inside the locker room to help them navigate adversity. Durant said this week that while every Phoenix player had a voice - the freedom to bounce ideas and be heard - ""the coach is the leader.""

&#x200B;

>The Suns now enter the summer planning to build around their top six players in Booker, Durant, Beal, Allen Nurkic and Royce O'Neale... Phoenix officials hope to retain O'Neale as a free agent this season.  
>  
>  
>  
>The Suns could also look to bring in additional locker room presence, which was filled late in the season by Isaiah Thomas and Thaddeus Young.

&#x200B;

Link to The Athletic's article in comments.

&#x200B;"
156,Suns pick ,The suns workouts so far have all been second round picks my guess it we move the 2 first rounds we have to get some good players and get a second round and try and take bronny?
157,2024 Draft option - Oso Igahdoro ,"Now that the Lakers have their 2024 draft pick, we can move on from the Bronny drama and look at some other draft options. This sub hasn't been the cheeriest of late but with the draft coming up, it should be fun. Chances are your favourite Suns player was probably drafted by Phoenix. At # 22 for you consideration I give you Oso Ighadoro. The Senior Center out of Marquette. Ighadoro has two elite skills - passing and perimeter defence. When Nurk can't stay on the floor, Oghadoro can. It's on the offensive end however, where Ighadoro can make the biggest difference to our team. James Jones talked about the challenge of getting the best out of KD and what is the best basketball situation for him. Well KD in my opinion played his best basketball in Golden State with Draymond Green alongside him.  Draymond Green's biggest strength - perimeter defence and passing. So whyy wouldnt we prioritise a passing big who can anchor our defence?  Kevin O'Connor from ringer gives him a comp to Al Horford and ESPN has him in a sleeper tier. Most conclude he has the skills to stick in the NBA. Sort of a nice pick up for us, right?  In the half court we could give the ball to Igahdoro in the paint and surround him with Beal, Allen , Booker and KD. Ighadoro could be a pseduo point for us with elite scorers cutting and moving into open spots for Igahdoro to find them. Hell I went down a rabbit hole recently with Bill Walton (RIP) and his time with the Celtics. Walton and Bird were an incredible pair. Walton would just find Bird in these spots where it was automatic. To the point it felt a like little cheating.  Now Igahdoro isn't close to Bill Walton but he's a modern big who has great vision. Watch that video and imagine KD and Book on the receiving end. Honestly watching the 86 Celtics was like poetry and by taking Oso Igahdoro we have a chance to emulate one of the greatest offensive in NBA history. "
