,Title,Content
0,"[Charania] After converting Jaylen Clark, the Minnesota Timberwolves plan to sign free agent guard Bones Hyland to a two-way NBA deal, agent Austin Walton told ESPN. Hyland will be reunited with Wolves president Tim Connelly, who drafted him in Denver where he was a two-time Rising Star.",
1,"[Sidery] Tim Connelly is expected to stay with the Timberwolves long-term on a restructured contract, per @ShamsCharania on @RunItBackFDTV.  Connelly could make upwards of $15 million per year in Minnesota moving forward as the architect of their roster.",
2,[Charlie Walton] Tim Connelly when @DanBarreiroKFAN asked him if he stays in contact with Chris Finch and the coaching staff while making trades...,"Tim Connelly when @DanBarreiroKFAN asked him if he stays in contact with Chris Finch and the coaching staff while making trades:

""I'll give Finchy a salary book and [tell him to] cross out the guys you really dislike, heart the guys you really like, and in between, we will have conversations. Julius is a guy he has always loved. He coached him in New Orleans, so there was built-in familiarity ... there probably isn't a bigger Julius Randle fan in the NBA than Finchy. Every move is going to be lock-step with Finchy."""
3,Tim Connelly dresses as Anthony Edwards ,
4,"[Jon Krawczynski] The Wolves see their championship window as open. Right now. The best way for them to add top flight talent was through trade. For Tim Connelly to get a player that fits so many of their needs without giving up this year's 1st or any of their rotation players, pretty impressive",
5,"[Charania] Two top seeds in West have Minnesota President Tim Connelly’s fingerprints: He helped build Nuggets into champions and has revived the Timberwolves.   Amid ownership turmoil in Minnesota, sources say Connelly has an opt-out in his contract after the season. ",
6,"[Krawczynski] Tim Connelly says the belief internally is the Timberwolves can win a championship this season. He says it is not title or bust, but the trophy is in discussion in Minnesota",
7,[Noujaim] Tim Connelly brought in Kwesi Odofo-Mensah & Derek Falvey to pick their brains on doing a multi day draft. Falvey just told us it was his first time sitting in a draft room for another sport. Says it was wild to see how fast Tim’s brain was working during the draft.,
8,Hate to see it. But major respect to Tim Connelly at least.,
9,"[Jon Krawczynski] After a run to the Western Conference Finals, the Timberwolves and President Tim Connelly have agreed in principle on a restructured contract, locking him in for the 2024-25 season, sources tell me and @ShamsCharania. Connelly's opt-out has been moved to next year.",
10,Tim Connelly plotting in the background,"I hope everything works out with the ownership and this man signs an extension. 

I’ve been watching the wolves for ten years and don’t remember being this excited for a group of young players. He has drafted really well, locked down team friendly contracts, and raised the ceiling of this team for the next 5-7 years (at least) while being in playoff contention.

"
11,Tim Connelly has a vision for this team...I see it now. 🙏,
12,"Tim Connelly, Guru GM",
13,[Moore] Tim Connelly when asked about the decision to believe in continuity of the roster this season and if he thinks that is the best plan still going forward:,
14,[Charania] Pistons to make a run at Tim Connelly - likely to opt out of his final year (but also likely to re-sign). $15m annually *could* pry him away,
15,Tim Connelly’s Reason for Getting Rob Dillingham Onboard for Timberwolves ,
16,"[Moore] Tim Connelly when asked if Rob Dillingham is more of point guard or combo guard: ""He's a 1. He's a 1 who is a bucket.""
",
17,[Moore] Tim Connelly says he hopes to be back next season as president of basketball operations for the Wolves.,
18,I imagine Tim Connelly is fuming about this Luka trade.,"Mavs gm doesn't even shop around the league and instead goes to the Lakers and only the Lakers to discuss terms.


Apparently they wanted a defensive big but I Imagine Connelly would have given up almost anything to pair Ant up with Luka wtf 😆. Trade was Ad and one first that's crazy lol."
19,"[Dane Moore] Wolves assistant GM Matt Lloyd, unprompted, said he estimates Tim Connelly slept 16 minutes over the last four days. Lloyd repeatedly referenced the beautiful mind meme to describe Connelly these last few days -- saying he was absolutely ""savage"" in his information gathering a deal-maki",
20,An Evaluation of Tim Connelly,"There has been a lot of frustration this year that has ranged from Finch and the starting lineup, Randle’s play,  Jaden’s lack of progression, Rob and TSJ's lack of minutes etc. However one thing I haven’t seen much is a true evaluation of Tim Connelly’s performance over the last 2.5 years. Most of the Timberwolves media members and podcasters speak very highly of his performance up to this point, so I thought to myself, is that really the case? Here is my effort to summarize his major decisions and give my opinion on the results. I would love your thoughts as well.

I think we can summarize Connelly’s performance based on 3 areas: Trades, Contracts, and the Draft.

**Trades**

**Rudy Gobert Deal – (5 1****^(st)** **round picks, a pick swap, and Malik Beasley, Pat Beverly, Leandro Bolmaro)**

o   I think we could mostly agree that Rudy’s first year was not great, his second year was great, and so far this year it has been pretty bad. If you agree that 1 out of 2.5 years have been really good and the rest has been below expectations, is it really worth 5 first round picks plus players? As a reminder, the last year before Gobert was on the team we finished 46-36, were the 7^(th) seed, and lost 4-2 to the 2^(nd) seed, Memphis. Those games in that series was very close despite losing 4-2. The first Gobert year we finished with a worse record (42-40), were a play-in team that lost 4-1 to Denver. Then obviously we have the conference finals run where Rudy was instrumental in our regular season performance, but was mediocre in the playoffs. Now here we are as a slightly above .500 team and Rudy has fallen off as a rebounder and gets killed by any skilled center he faces. A lot of people say the conference final run made the trade worth it, but I think there is also a chance we would have improved following the loss to Memphis with KAT at the 5, Ant being another year older, and still having 5 1^(st) round picks to make other trades. Not to mention the fact that we now have Gobert here for another 3 years on a roughly 33 million dollar contract. More on that later.

 **D’Angelo Russell for Mike Conley, NAW, and 3 2****^(nd)** **round picks.**

o   Fantastic trade. No issues here and a definite A+ move.

 **KAT for Randle, Divincenzo, 1 round protected draft pick**

o   This is tough to evaluate after 40 or so games. I think we can agree that considering our financial situation, KAT had to go in order to resign Naz and NAW, who are both very valuable players and trade pieces. Donte is another good trade piece and has looked fantastic in the starting lineup. Based on that information, I would be willing to accept that this is a roughly even trade assuming we sign NAZ and NAW because of this deal. However, if we do not trade Randle by the trade deadline, his player option next year means he can decide to stay, which means no NAZ or NAW unless Connelly gets Randle to forego his player option and resigns Randle with a huge pay cut. Although it’s hard to imagine NAZ wanting to stay if he isn’t a starter. If we lose NAZ and NAW due to this trade, I think we definitely take an L here. 

**Contracts**

**Jaden McDaniels – 5 years, 136 million (roughly 27 million per year)**

o   Players with similar pay level (25m to 27m): Nic Claxton, Miles Bridges, John Collins, Andrew Wiggins, Anfernee Simons, RJ Barrett, Tobias Harris, Jaren Jackson Jr, Jonathan Isaac, Jalen Brunson

I understand signing Jaden based on his potential. While he has struggled shooting from 3 again and his defense started out poorly to begin the year, I think we are getting much better value from him when he plays the 4 instead of the 3. I know we’re all disappointed with him overall up to this point, but this contract does not look as bad as one might think. Plus he has trade value. This would be an easy player to move if needed.

**Rudy Gobert – 3 years, 109 million (roughly 36 million per year)**

o   Players with similar pay level: Zion, Ja, Garland, OG Anunoby, SGA, Tyresse Maxey, Darius Garland, LaMelo Ball, Bam Adebayo

Even with the pay cut Rudy took, this looks like a gross overpay considering his performance this year. I think it’s obvious he is not improving, and I think it’s reasonable to say he’s declining. Coincidentally, his salary is similar to Julius Randle. I personally would much rather have Randle than Gobert at this point. His minutes continue to be reduced, his hands have gotten worse, he can’t rebound, and his offense is an F. If he can’t rebound or play good defense against other centers, why in the world would we pay him 36 million a year? He also has no trade value, so this one is painful.

**Draft**

**Leonard Miller** – Has been pretty solid for a 2^(nd) round pick, but no relevant minutes for the Wolves to speak of. This is probably a good pick considering he’s a second round pick, but I think we just need to say N/A until he plays. I wouldn’t have expected him to play yet, but a good pick would have likely gotten more minutes at this point.

**Rob Dillingham** – He’s a fan favorite. Super fun to watch. Fits the timeline with Ant, Naz, and Jaden.  Giving another 1^(st) round pick and a pick swap is worth it as long as he’s a good fit. But is he?  Obviously Connelly drafted him before trading KAT, so he likely wouldn’t have known we would be acquiring Donte and he would eat up Dillingham’s opportunity. However, since Connelly is responsible for both moves, it’s fair to evaluate them together. The KAT trade becomes even less valuable when you can’t find minutes for the 8^(th) pick that obviously needs development time on the court. Connelly resigned Conley as well, which would have been Rob minutes.

**Terrance Shannon Jr**. – He seems awesome, but who knows? He hasn’t received any relevant minutes, is 24 years old, and is not likely to see minutes with Ant, NAW, Donte, Conley, and Dillingham on the roster. At first glance it appears it was a good value pick, but there is no real way to evaluate this. I’m super hopeful and think losing NAW is much more tolerable with TSJ on the roster.

 

**Conclusion**

 In my opinion, Tim Connelly's job performance has been underwhelming and overrated. If I were to give it a grade, I would give it a C even though the Wolves media seems to think otherwise. We’ve got 1 good year out of 3 from Rudy and that to me is not worth 5 first round picks. Plus we now potentially have 3 more years of him at a hefty price tag with declining performance. If he doesn't improve or declines, that is potentially 1 good year out of 6. Not to mention the multiple chemistry issues he’s had with players, his comments about not always putting in enough effort this year, and the growing discontent with other players not wanting to even pass him the ball. 

If the KAT trade prevents us from resigning Naz and NAW, that means we will lose them plus KAT for Randle, Divincenzo, and a mid 1^(st) round pick. KAT’s contract is roughly the equivalent of Rudy and Jaden combined. Additionally, KAT always seemed to be a better fit for a Finch offense (and Ant's playstyle) then Gobert. Just because we lost in the first round with KAT doesn't mean that team was hopeless and we needed Gobert. Players improve. Look at OKC. Were Finch and Connelly both in agreement on this at the time?

I like the Rob Dillingham pick and the TSJ pick, but playing time has been scare until very recently for Rob. Rob needs to develop and TSJ is 24. Were Connelly and Finch on the same page about this? Connelly told all of us after the draft that Rob will be playing on day 1. Finch also said he had no idea the KAT trade was happening. Shouldn’t those two be collaborating on these types of moves before decisions are made? If the GM acquires a player because he thinks he is good, but the coach thinks otherwise, what is the point?"
21,Tim Connelly is the Reason for this Season,"Don't forget it either.

If he had bothered to do any part of his job competently this offseason, maybe he would have seen Gobert GET BENCHED BY FRANCE during the Olympics because of how awful he was. Maybe then he wouldn't have traded KAT and kept Gobert, let alone give a washed Gobert $90M for 3 years while this team is apparently is such dire straights from the dreaded 2nd apron.

Don't forget, Tim Connelly is the reason for this season."
22,"“I’m always just guessing.” - Tim Connelly, when asked if he knew the D’lo for NAW + Conley was a slam dunk trade when he made it",Legend
23,Did Tim Connelly leaving the Nuggets affect their depth?,"Me and my friends were talking about this last night, I know it's still early in the season, but what do you guys think?"
24,Tim Connelly finished 3rd in Basketball Executive of the Year voting! ,
25,Message for Tim Connelly ,Please do whatever you can to keep Nickeil Alexander-Walker on this team that beautiful beautiful man
26,Let's get real about Tim Connelly,"I'm not trying to be weird but I want to live in a log cabin in the woods with Tim Connelly. We won't ever have sex, but there will be a simmering erotic undercurrent as I stand in the kitchen window watching him tighten his ass as he chops wood, shirtless, sweat pouring off his body. I'll run upstairs and masturbate, the entire time forcing myself to think of women while my thoughts drift back to Tim. I won't be able to climax and I'll eventually go back downstairs, angry. Sometimes we will look across the table and catch each other's eyes, and in that second, anything is possible, but we both deny ourselves and go back to what we were doing. One day one of us will die, and the other will bury him outside the log cabin. Then he'll go inside, pen a brief missive to his departed friend, and commit suicide, never able to deal with life without his one true platonic love."
27,"Rudy, Naz and Ian Seidenfeld at the Tim Connelly charity Ping Pong tournament. Ian is from MN and won the gold medal in Table Tennis at the 2020 Paralympics and won bronze at the Paris games this summer. ",
28,Remember the Wolves made the WCF. No need to be bashing Tim Connelly. He is one of the best at his job. Made the Nuggets what they are.,Don’t be fully mad at Tim 
29,Tim Connelly Experience,"Kinda getting Deja Vu from the 2022-23 season. Big offseason trade, injuries, inconsistency, and just non-clutch play force us into the play-in.

If that’s a reasonable comparison, which I trust Connelly and hope it is, then next year his ideas will pan out and we’ll be right back into contention…

Right??💔"
30,[Hine] Timberwolves promote senior VP Matt Lloyd to general manager under Tim Connelly.,
31,You wake up from a nap as Tim Connelly and Andy Elisburg is on the phone...,"... How do you leverage the Heat/Jimmy Butler situation to both save the Timberwolves' season AND get back in the good graces of Wolves fans? ***Go:***

(trust me I know how difficult some of our players are to trade, but I'm bored and wondering if there's any potential for wacky 3 ways or something)"
32,"[The Athletic] Tim Connelly, Timberwolves reach an agreement, ensuring he will stay in Minnesota","Full story on the Connelly situation that adds a bit to what was reported in [Shams’](https://x.com/shamscharania/status/1798181660019564821) and [Jon K’s](https://x.com/jonkrawczynski/status/1798182441913364499) tweets.

Some noteworthy tidbits:

>The Detroit Pistons loomed last month as a potential suitor for Connelly, and the Timberwolves were bracing for Pistons owner Tom Gores to make a lucrative offer that would have been difficult for them to match. But **when the Wolves beat the Nuggets in the second round, the Pistons decided to move forward in hiring Trajan Langdon** from New Orleans rather than wait for the Timberwolves to be eliminated before approaching Connelly.

>Even with the ownership issues, Connelly’s preference was to stay in Minnesota. That includes the possibility of **signing another long-term deal after the ownership situation settles,** team sources said.

>**All indications are that both factions of Wolves ownership are open to paying the luxury tax to keep the team competitive.** For now, Taylor has the final call on any moves that are made or not made, an authority that will likely extend through the draft and free agency while the arbitration unfolds.

>Everyone below the principals involved in the fight has been caught in the middle of it, and now Connelly will play a major role in keeping them focused on the team so they do not let this season’s leap forward go to waste. He has already been successful on that front. **Before the season ended, senior vice president of basketball operations Matt Lloyd turned down a chance to take a higher-paying position in the Charlotte Hornets front office** to stay with the Timberwolves, team sources told The Athletic."
33,"[Dane Moore] Really cool scene in the hallways after the game. A million cameras down here so I’m sure you’ll see it.

But Ant, KAT and Tim Connelly walking into the locker room arms wrapped around each other.",
34,Nikola Jokic credits Tim Connelly for Rudy Gobert trade 2 years later: 'Everybody was laughing at him',Came across this in the nuggets sub. Great to see everyone appreciating and respecting us! Finally!
35,"[Durando] I’m told the Nuggets traded up from 28 in part because they expected Tim Connelly and Minnesota to draft DaRon Holmes 27th.  Calvin Booth hinted at that in his presser just now, saying “there were a lot of potential landmines between 22 and our pick” including a division rival.",
36,"""Rob's A 1 Who Is A Bucket."" | Tim Connelly Post Draft Media Availability",
37,Congratulations to Tim Connelly ,"Just wanna say a quick congrats to Tim Connelly, you are now unemployed. "
38,Tim Connelly is a genius?,"He built the Nuggets into a team that could win a championship, left the year before they won but his fingerprints were all over that championship.

He then went to Minnesota and made an insane trade everyone clowned at the time. I think he pretty specifically built the Timberwolves as a team that could take on Denver (obviously the series has just started, and Denver could easily take this series still, but it's clear that the Wolves can at a minimum hang with Denver). 

This is getting a lot more conspiratorial, and I don't fully believe it, but there is a small part of me that wonders if he partially made a big trade like that to inflate the trade market, forcing other teams to pay up the nose for players they perceive as better than Rudy. Like do the Suns have to give up as much for KD if not for that trade? Do they have more depth and can hang with the Wolves? Pretty far-fetched but let me try and cook a little bit :)

Then he makes the trade of Dlo for Conley, NAW and 2 second round picks?? An absolute killing imho. Dlo was basically addition by subtraction on its own, and then you put in a great veteran steadying presence like Conley, a top-tier 3 and D guy in NAW and 2 seconds? 

Other little moves here and there you could maybe quibble with but the big moves have been fantastic, especially in hindsight."
39,"Even if Lore and A-Rod don't buy the Timberwolves, their decision to hire Tim Connelly may have saved the team from relocating.","For the longest time, the Timberwolves were an absolute mess and not a lot of fans showed up to games. 

I believe that the Marc Lore/A-Rod helped build a winning culture from top to bottom with the Tim Connelly hire. The Rudy Gobert trade and the Mike Conley/NAW trade helped change the trajectory of the franchise, which in turn increased fan interest, and proved to the NBA world that Minnesota is in fact a great market that's worth investing in. 

Even if Taylor finds new owners, I think they'll keep the team in Minnesota because the fanbase is reinvigorated, and that wouldn't have happened without the groundwork done by Lore/A-Rod."
40,Simply a picture of the goat Julius Randle. The Wolves are now 11-0 in the last 11 games he’s played. 25 points on a hyper-efficient 9-12 shooting tonight vs Denver. ETHICAL HOOPS,
41,Tim Connelly be like ,
42,Tim Connelly,"This series between teams that Tim Connelly has built
#wolvesback"
43,Here's why the Wolves will trade Julius Randle before next year..,"Aside from all of the basketball related issues, I'll attempt to explain why Julius Randle will get traded (from the financial side)...

To many of you, this is not breaking news. The Wolves traded KAT for 1 reason only: to avoid repeater 2nd apron penalties. The Knicks were a perfect match as they were a big market team willing to commit to long term (for lack of a better word) salary cap hell.  
Completing the KAT trade saved the Wolves **4.7M** this year, however KAT's contract increases about **4M** per year while Julius' player option comes in **2.1M** less next year (per Spotrac). With Donte's contract increasing **545k** per year, this saves the Wolves about **14.9M** total in the next 1.5 years (If Julius accepts his '25 player option). With that said the Wolves will almost certainly end this year in the 2nd apron.

Looking ahead at 2024/2025 Free Agency, Minnesota has 3 really important contracts to watch - NAW / NAZ REID / Julius Randle

**Naz Reid:** The no doubt most important resigning that this team faces is Naz Reid. While it's possible that Naz could decline his **15M** player option and walk, I find it very hard to believe that Tim Connelly will let that happen. From both the business side and the basketball side, Naz Reid has made it clear that he loves it here. As he already took a pay cut to return in 2023. Projected cost to resign: **22-26M** per year

**Nickeil Alexander-Walker:** Another fan favorite that has found a home here as well as consistent playing time, and a team that loves him. NAW is another player that is too important to let walk in free agency. We've seen contenders lose similar players and really hurt because of it (CC Bruce Brown/Denver). Projected cost to resign: **13-16M** per year

**Julius Randle:** The bane of my existence. I've really tried to find ways to not despise Julius as he seems like a good dude. But Andrew Wiggins was also a good dude, and I HATE ANDREW WIGGINS (kidding lol). Basketball aside, Julius has a **30.9M** player option and while a lot of people think he will want more, the absolute last thing that Tim Connelly wants is for Julius to accept this player option as it will make it incredibly difficult to avoid the 2nd apron next year (which was the entire purpose to make that KAT trade). I think there's a good chance that the Wolves are avoiding benching Julius for 1 reason and its to keep his trade value afloat as we near the trade deadline (February 6th).

The projected aprons for 2025:   
**207.8M =** second apron  
**195.9M** = first apron

If these projections become accurate, this leaves the Wolves at about **63.6M** under the 2nd apron with both Julius and Naz opting **OUT** of their 2025 player options (assuming that we pick up both Minott and Garza Team options).  
Resigning Naz Reid **(25M/yr)** and NAW **(15M/yr)** would bring us to a team cap of: **184M** with 2 additional open roster spots (not including 2-way contracts). For those still keeping up, that would give us about **11.9M** to use the MLE on the last 2 players.

If Julius accepts his player option (and Naz declines his), that puts us at about **175M** which would likely mean we have to get rid of one of Naz/NAW and I find that very unlikely.

Here's where it gets very interesting.. If the Wolves decide that they want to enter 2nd apron territory next year as well, then they will need to go 3 consecutive seasons under the second apron to avoid repeat 2nd apron penalties (such as 1st round picks moving the end the of the draft/1st round picks seven years out are frozen). These penalties are in addition to the normal 2nd apron penalties such as not being able to aggregate players in trades (2 for 1 trades), no trade exceptions. It makes way too much sense for this team to try and get under the 2nd apron next year and the easiest way to do so would be to move off of Randle to a team under the 1st apron (BKN/WAS/etc). And while we most of us might hate Tim Connelly for moving KAT after then most memorable Wolves season of my life, it was inevitable to get out of the 2nd apron.

Also... Shoutout to Rudy Gobert for restructuring his contract and taking less money next year as it freed up **11.6M** in cap space next year (and likely allowing us to resign Naz).

Appreciate any of you that made it this far and for those that are familiar with the CBA, please let me know if you see any errors or mistakes in this write-up."
44,Can we finally admit he was right?,
45,The Minnesota Timberwolves are top 10 in Offense AND Defense for the first time since the 2003-04 season,
46,Anthony Edwards and Julius Randle are the first pair of Timberwolves teammates to each record 30+ PTS & 5+ 3PM in a win.,
47,Why don't we just trade for Wemby?,We could easily offer Joe Ingles and Leonard Miller + a 2nd 
48,We need to have an honest conversation about Jaden McDaniels...,"He hasn't quite developed into the player he should be, which is a consistent 12-15ppg wing who can defend. The gap in production between Jaden and guys like OG Anunoby, Josh Hart, Herb Jones, and Lu Dort is notable.

He's a pesky defender, but my god Jaden's offensive game is not where it needs to be for a guy making the amount of money he's making. If the Wolves want to go from good to great, he needs to be a factor on offense or Tim Connelly should consider trading him."
49,Since Ant was given the Bracelet by Luca we went from a 3 game losing streak to a 2 game win streak,"Im on board with this season being for Luca, the Wolves should find a way to sell the bracelets at Target Center with the proceeds going to Leukemia research

Fuck Cancer"
50,From Krawczynski’s article: ,https://www.nytimes.com/athletic/5800924/2024/09/28/why-timberwolves-trade-karl-anthony-towns/?source=user_shared_article
51,"[Statline] Such a slept on acquisition, the king of AST/TOV ratio",This trade has been amazing. Love the energy Monte brings as well as his basketball IQ.
52,Finch and FO earned our trust,"Tim Connelly and Chris Finch created and coached a Timberwolves team that made the western conference finals last year. The Minnesota Timberwolves. I think they’ve earned our trust.

That means when it gets a little funky, we trust them anyways. I think they’re watching all this and know some of it isn’t working, because they know more about basketball than me, so they probably haven’t missed it. Maybe they keep playing Conley bc sure he isn’t good right now, but he has been good for like 15 seasons straight. Maybe they’re not playing Rob bc rookie guards are almost never winning players at his size, and he needs to earn the minutes. We don’t know! 

But we can trust that these are reasonable people running the team, and maybe let’s leave it at that."
53,I hope we keep KAT,"I know this is a pretty low effort post, but I think he's better than Julius Randle and Lauri Markannen. KAT might not be the best fit for a defensively focused team, but it would be cool if he played his whole career with the Timberwolves unlike Garnett and Love. KAT might be the best 3pt shooting big in the history of the league. It's pretty rare nowadays for a player to retire with the team that drafted him without ever leaving, but I think that would be great if KAT got the chance to do that. Nevertheless, I'll try to trust that Connelly knows what he's doing."
54,"Daily Discussion Thread: December 20, 2024",
55,How can Tim Conley redeem himself,
56,Hoop Collective Pod,"40:00 minute mark they discuss the Ant face of league and more importantly the possibility of a KD trade. Windhorst is as connected as they come. I really think there will be more steam this summer. Probably a pipe dream but if they could use the KAT package plus a Rob or TJ would that be enough? Personally no desire to include Jaden or Naz (would require new deal or opt in) in any trade.
"
57,Ownership tells you they will not pay the luxury tax and you have to get below the 2nd apron—what’s your move?,"Before I even begin to dive into this post, I just want to say I’m so thankful for the wolves and the excitement they brought this year. I’m with Tim Connelly 100% that my top choice is to run it back. But TC also said ownership has the final say and he will make moves accordingly if he is told to do so. So my question is, for all of my fellow salary cap nerds, what would you do if you were TC and you were told to get below the 2nd apron to avoid the luxury tax? 

The elephant in the room here is clearly KAT. His new supermax kicking in is what puts us over the edge. So my thought is, unfortunately, if we need to reduce salary then he is the first place to start. I don’t want to give up cheaper pieces like Jaden and Naz because they match Ant’s timeline. I also don’t think you get a return for Rudy that makes a ton of sense for us given his cap hit and age. 

My suggestion: explore a trade that essentially swaps KAT for Trae Young or another young, dynamic scoring point guard that matches Ant’s timeline. Trae young will be slightly cheaper than towns moving forward, and this would push us toward our cap goal.

The hawks have made it clear they will trade Young for the right price. They have the #1 pick, and even in a weak draft, this could be their best shot to hit the reset button and build a contender from scratch. If you rope in a third team that wants KAT and will send picks to Atlanta (likely a rising team with draft capital in a similar position to where we were with gobert 2 summers ago), then a three-team deal would make a lot of sense. 

I think KAT is better than Trae today, so maybe you get back a good young role player or a decent pick too. But I’d like to hear any other pivot options. A starting lineup of Trae, Ant, Jaden, Naz, and Gobert wouldn’t be half bad, and Dallas proved you can make it to the finals with two elite guards (assuming Ant continues to develop into a top guy like Luka). "
58,Glen Taylor Mouthpiece ,"Wolfson is essentially just speaking for Glen Taylor anymore. Said Taylor is better for Wolves fans short term. Also wondered if Tim Connelly is getting too much credit. Keeps repeating he doesn’t know if the board of governors will approve Lore/ARod/Bloomberg even if they win arbitration.

Jon K & Dane Moore never seem concerned about the new owners being okay with being a 2nd apron team. Why is it that Wolfson & Souhan (Startrib) are the only media saying it’s better if Glen stays I wonder?"
59,This season is over,"This has been kinda apparent since the back to back losses vs Portland, but 2 really good weeks of basketball patched up alot of those thoughts.

Its clear this team is just nowhere near good enough, the fit doesnt work, the players look like the hate playing, Ant has been dross for a month, Randle is terrible and Rudy has become inconsistent.

Some big changes need to happen:

\- Pretty clear that this team needs some new voices, Finch just needs to go, regardless of whether you think hes good or bad or even if hes to blame for this, either the players arent listening or hes incompetent. Both plenty good reasons for him to be gone.

\- McDaniels needs to go, NAW is just straight up better than him at basically everything and is going to make less than Jaden this offseason most likely. A wing who is inconsistent on both offense and defense is just not good enough for a championship winning roster.

\- Randle needs to go, his fit is horrible, he has 0 energy and plays without any hustle, he gets constantly burnt on late rotations and cuts.

\- Anthony Edwards is not good enough, hes averaging 20 ppg in the last month on meh defense, hes playing trash basketball, not close to being good enough to lead a team to the playoffs let alone a championship. Tim Connelly needs to get off his delusion of going all in now thinking Ant is ready for the burden when hes not.

\- Dillingham needs to start. Conley has been horrid, straight up bad basketball, commonly combining for less points + assists than fouls at this point. Rob is going to make mistakes and have nights where hes completely unplayable, but he needs to learn how to be a PG with starters for the future.

\- For the love of god resign NAW, hes been the only consistently good player game in, game out for this team, we cannot let him leave, that would be a disaster."
60,ESPN Trade Proposal - three-way trade sending out Randle and McDaniels and getting back Coby White and John Collins,
61,Re-signing Naz Question,"If we don't re-sign Naz, will it be a Doncic level uprise as seen in Dallas?! And should it be!? He IS a gem and he is certainly MN's fan favorite. Is that enough to prioritize him? I think his basketball is enough but do those in power need to make considerations for things like fan reaction too when for this situation?! The thought of losing Naz is extremely upsetting!"
62,"Julius Randle is not the issue with this team, and never was.","Look, at the end of the day, we knew the production we were going to get from Julius Randle.

**In fact, Julius Randle has been better than expected.**

Julius Randle has shot better from 3 only one other year. He's currently shooting 48/36/80 splits giving us 20/7/4, and he gets to the freethrow line. His production has been one of the lone *bright spots* for this team. This sub loves to say he's a bad defender, but he's statistically a net-neutral player (at worst) on that side of the floor --- AND WE KNEW THAT COMING IN. We're also still a top 3 defense in the West.

**The issue with this team's offense is Mike Conley, Jaden McDaniels, Naz Reid and DDV.**

Take a look at these three point percentages from these four players:

Mike Conley -- 36%  
Jaden McDaniels -- 33%  
Naz Reid -- 35%  
DDV -- 33%

Those four players, *whom we critically rely on to hit threes*, **are shooting worse than the guy we traded for who we knew couldn't shoot threes.**

All four players are shooting well below their career averages (3%+ worse), while Julius Randle is actually shooting 3 % points better than his career average.

We, collectively as a team, are shooting almost 2 % points worse than last year from 3. Certainly some of this has to do with losing KAT (NAW is way up to semi-counteract this), but the more egregious factor is *several* of our key players **not named Julius Randle or ANT** are absolutely shitting the bed when getting an open look.

Just LOOK at these disgusting stats below:

***Jaden McDaniels*** \- Shooting 34% on WIDE OPEN 3 point shots (defender is at least 6+ feet away)

***Mike Conley*** \- Shooting 36% on WIDE OPEN 3 point shots (defender is at least 6+ feet away)

***Naz Reid*** \- Shooting 35.1% on WIDE OPEN 3 point shots (defender is at least 6+ feet away)

***DDV -*** Shooting 39% on WIDE OPEN 3 point shots (defender is at least 6+ feet away)

\^---- Do you know what Julius Randle shoots on WIDE OPEN 3 point shots? 46%

Just because the offense has looked clunky at times doesn't mean, ""Julius Randle doesn't fit with Rudy Gobert."" The offense looks clunky because ANT and Randle don't have two competent shooters on the floor to take advantage of the double teams they command. Teams sag off these players which is more detremental to our spacing than ANYTHING Julius Randle is doing. After all, he's statistically shooting the 3 better than those four players. *He's spacing the floor better than our floor spacers.*

In the end, a lot of you blame Julius Randle because you (for some dumb reason) wanted him to replace KAT's production 1:1. The fact of the matter is that was just never going to happen. We knew that. Tim Connelly knew that. Your grandma probably knew that. He's not the issue on this team right now, he's been (by a large margin) our second best offensive player. ANT and Julius go ISO mode too often, and I agree with this. But they're actually *more efficient* doing that than our team shooting 3s, which is a massive problem in the modern NBA.

**TL:DR -** The Timberwolves are 15-14 because 4 key contributors are shooting well below their career averages, and ***Julius Randle is becoming a scapegoat even though he's producing exactly as expected, if not better.*** If Mike Conley, Jaden McDaniels, Naz Reid and DDV were shooting as expected, the Timberwolves would likely be somewhere around 20-10 and would be in prime position for home court advantage in the playoffs. That's the difference this early in the season. This sub is doom and gloom, when the reality is a 5 game swing in the win column from better shooting and we're celebrating just like last year."
63,Good trade,"As a non Wolves fan I think the negative sentiment around this trade is based in bias. Minnesota objectively got better and the roster is also constructed better.

Paying KAT, Naz and Rudy would have been so dumb after it was made clear you needed to go smaller in order to beat a team like the Mavs.

People are whining about the Randle-Gobert fit as if Randle won't play half his minutes with Naz. If the paint is too clogged for Ant, just rest him for some of the 16-ish minutes of Randle-Gobert you'll see per game. Rotations are a thing.

Above all, I think people are underestimating the shot creation/ playmaking Donte and Randle give to the Wolves. I think the starting lineup might be Ant, Donte, Jaden, Randle, Gobert. With Conley or possibly Rob getting near starter minutes off the bench. 

With all that being said, I don't see the Wolves resigning NAW after bringing in TSJ and Donte. Which is not too great since he plays really well against Shai. But then again Donte is quite a bit better, Tim Connelly knows what he's doing. "
64,Paying the 2nd apron for 1-2 years is not the end of the world. ,"Some of my friends were fretting over the 2nd apron and said the Wolves are ""borderline crippling their future"" because of it. Investing in a championship contender (or a team who can make deep runs at the least) is huge for Ant's development and will make him a better player in the future. Is it just me, or are people really making it seem like the end of the world? It's not. Yes, I say this even with them possibly repeating in the 2nd year.

In broad terms, 2nd apron means you can't use the MLE, combine salaries in trades, and it freezes their draft pick 7 years out if they want to make a trade. But if a FO is locked into the roster and want to improve through internal development and continuity, they aren't looking to make big trades and sign FAs with the MLE anyway. Whether that is a good idea is to be seen.

If they're in the 2nd apron *for 3 years,* then it also moves that draft pick 7 years out to #30. I think they'll avoid the 3 year repeat since Conley's 2 year contract ends and they can sign Rudy to a longer, cheaper deal or let him go.

Once they are out of the 2nd apron (say after 1-2 years or in 2026), the MLE and trade penalties don't hold anymore -  can go back to combining salaries or using cash in a trade and can use the MLE again. I really think people are making it out to be the end of the world when it's not (esp if it's just for 1-2 years). Plus, Wolves FO just brought in Michael Bloomberg, the 13th richest person in the world and **the ownership groups** [**said on record that they are committed to paying the tax for 24-25** ***and beyond*** **if Tim Connelly recommends that.**](https://www.yardbarker.com/nba/articles/big_investor_to_join_wolves_ownership_group_led_by_marc_lore_alex_rodriguez/s1_14822_40451288)

Almost all championship contending teams pay the 2nd apron, this is not unique to the Wolves. My motto has been to sit back, watch the fun basketball and let the GMs do their job. If a year from now, Tim Connelly believes paying the 2nd apron for another year is a good idea and the owners said they are committed to do so, then great! What's the problem? Just enjoy the fun basketball, it's been a long time coming for us."
65,What does Finch actually do?,"The Thunder go on a 34-8 run to close the 3rd quarter, essentially killing our chances of winning the game. During that time there was a single timeout called at the 6:35 mark after the Thunder go on a 10-0 run, in which the exact same lineup stays in the game. They then proceed to make a cocophany of mistakes in a row resulting in lots of easy points for the Thunder, while we had to work our ass off for every single point.

Even then, whatever, there isnt any guarantee that even with the timeouts it would do anything or change anything, still very annoying that he didnt even attempt anything.

Regardless the main issue is the insane amount of flaws we have as a team:

\- There is no way Finch is instructing Rudy to screen for Ant in every play literally inviting the free double team at all times. Ant does not need a screen, let the Thunder double him in the halfcourt if they want to and force them to leave someone they dont want open.

\- The players stand around the 3pt line mostly still. Ant is massively guilty of this, but there is very very little movement or action being ran off-ball. We will go possessions at a time of Ant dribbling the basketball with everyone staring. 

\- Why dont we adjust our defensive coverages? Shai goes for 40+ points in ridiculous efficiency and he barely sees a hard double? We've done this all the time this season, where we refuse to sag off someone like Cason Wallace or Jaylin Williams who arent good shooters. Shai is the best 1v1 player in the NBA behind Jokic, we cant play him 1v1. 

\- I also dont understand the necessity of overplaying certain lineups which dont work. We go into the 3rd up 6 and the starting 5 is on the court, who have been playing some terrible basketball, stay together until 6 minutes in, in which they completely bleed value and would have killed us even more were it not for Conley's huge 3 straight 3s.

This game was terrible from our coach and as a whole, the amount of mistakes we made were really rough. "
66,The state of this team right now.,"Negatives:

1. Finch might be a great development coach that can turn a team a contender, but he is not the coach that can get this team a ring. His fetish for old players is disgusting at this point. Tim Connelly drafted 3 good talents that fit the blueprint of this team and it took us HALF THE SEASON to get the Clark Revelation, thanks for wasting Ant's time.

2. The Luka Garza project is over, seeing him bully and score in garbage hours is funny, but in actual NBA minutes he has awful impact on the floor.

3. NAW is suffering from the Westbrook effect, it's obvious that he is doing his best to get a good contract value, but he puts way too much efforts it just leads to him fouling or pooting too much force in his shots and bricking every layup. 

4. We still have no idea what TSJ can do, though in my opinion he's not gonna be as good as his g-league numbers. 

5. I like Mike Conley but it's time to pack it up old man. This shit is just painful to watch.

  
Positives:

1. Despite the lategame performance, McDaniels has been developing better as the third/fourth offensive output of this team. 

2. Despite him playing sick, ANT clearly has more room for development.

3. Rob Dillingham is great, the direction of his development can only go up the more he gets minutes.

3. Jaylen Clark has been the best surprise of this season so far, his offensive output has questionable. He is the third best defender of the team and insanely reliable and disciplined on defense. 

  
I lowkey hope this team gets a retool and go younger in it's roster to fit around Ant."
67,Overreacting,"A lot of people ready to push the button and make trades it seems, which is exactly what it sounded like when we traded for Gobert. We have all the talent in the world on our team, just not clicking and it seems most our problems stem from bad mindsets and not cooperating with each other. Also a lot of blame on Finchy, but what is he supposed to do when his players shoot 20 percent in the clutch? The Tim Connelly experience seems to consist of risky moves that look horrible at first but end up working out, and I sure hope that’s what happens in this case. Overall, if Connelly forces a trade to get Donte, Randle, or any of your scapegoats off the roster, I think that’s the wrong move and overreacting is not going to solve anything. "
68,Robert Dillingham 2023-24 Season Highlights,
69,Ant-Randle combo,"One of the early surprises of the season for me is how well Randle and Ant play off of each other, and in turn present major problems for opposing defenses. I can count on one hand the guys that actually give Ant trouble defensively. Now if you put your strongest defender on Ant, Randle will have a mismatch he can bully and put in the basket.

Really curious to see how Dallas defends us tonight. PJ Washington's a decent defender, but is Luka gonna stick with Randle then? Klay?

The bar is low because Ant and KAT never quite played off of each other in a consistently effective way, but I really love what I'm seeing early on from our 1 and 2 on offense."
70,Calling it now - Jaden McDaniels will win the 2025-2026 MIP," \- Randle will be gone and so Jaden moves to his natural 4 position more which will increase his counting stats which is ther most basic way the award is won

 \- I'll assume no more Tim Connelly last second shenanigans of a trade that disrupts Finch's plans to expand Jaden's role like he planned this year.

 \- KG comes back to the team in any capacity and you tell me who most resembles an All Defense, wiry, competitive AF with a killer mid range that existed. The KG and Jaden mentorship will unlock Jaden's Super Saiyan 4 form."
71,"""Fire Finch"" ","Finch right now is the least of our problems. Blame the CBA all you want we got a front office issue. I say it everyday on twitter and to every wolves fan like a broken record. Tim Connelly has not made any good trades outside of the DLo trade and even his free agent signings have been garbage. Rosas was a great GM and basically built every good piece that made us a contender. Drafted McDaniels, Ant, signed Naz. He managed our team great. I do not believe in the Gobert trade at any point was a win I know that sounds crazy even when we made the WCF last year. I personally was never a huge believer in the thought of double bigs but made peace with it and it worked out pretty well towards the end of the year. Anyways my point is we traded a bigger package then what Donovan Mitchell who is younger and better then Rudy. Essentially we went all in when Ant is not in his prime and we basically got 2 years out of Gobert. 

We rushed Ants timeline, as much as goberts fans will tell you that Gobert is still a good center his defensive play has not been good enough to offset his offensive liabilities and its really really showing this year which could be due to his age. And obviously the KAT trade was horrible thankfully nobody on here for the most part will disagree with me there. I know this post is all over the place but the point I'm trying to get to was which alot of people seem to forget, The season before we hired TC and blew up our team and future our team was on a great trajectory we figured out a way for the first time in KATs career to have a great defense we were I believe top 10ish in D playing a scramble style defense. And we should have beat memphis in the first round but Dlo happened haha. I don't think this current team we have now is better then that team. So I believe Tim Connelly failed us as a GM wanted to make big moves without looking ahead rushed our timeline and I do not believe will win a championship in Ants tenure on the Wolves anymore. Downvote me all you want but I just don't believe in this team until our GM is fired. Meanwhile Rosas is a advisor for the Knicks according to Stephen A Smith he facilitated getting brunson and was the main person who almost got Mitchell to NY. And I'm assuming he had something to do with the KAT trade. I seriously think we would have been in a great position if Rosas would have kept it in his pants so we could have avoided signing this domestic terrorist Tim Connelly"
72,Wolves rookie Jaylen Clark (who ruptured his Achilles in March ‘23) posts video of himself in full speed 5 on 5 scrimmage,"Pretty much no chance (or need) for him to be ready to play games this year, but exciting to think the Timberwolves will be adding a former Pac-12 Defensive Player of the Year and finalist for the Naismith Men's Defensive Player of the Year to this already stacked defense. 

Clark was named the Pac-12 Defensive Player of the Year after averaging 13 points, six rebounds, 2.6 steals and 1.9 assists in 30 games as a junior. He finished sixth in the country in steals per game, second in defensive box plus-minus (plus-6.7) and 12th in defensive win shares (2.7).

Tim Connelly: “We’re super excited about Jaylen Clark. We had him as a high first-round grade all year. Unfortunately, he had the injury. We think there is no better wing defender in the draft. I think he brings an aggression, toughness and intelligence that allows guys like that to make it.”"
73,I'm straight up not having a good time,How the fuck are we 3 games behind the Lakers who have ZERO perimeter defense (okay a washed Gabe Vincent). This is fucking sad. The wolves should have been prepared to play the warriors and their scheme. We did play them a week ago.
74,Clark's The Next Ron Artest,"I'm convinced of it. Not from a mental maturity standpoint...he's probably well ahead of Ron Artest already, but from the way his game is, I feel like that's a pretty realistic comp. 

Clark is undersized at 6-4 but is thick and strong and plays bigger than his size much the way Artest did at 6-7 where he could lock up both guards and forwards. Plus they have similar offensive games - splash hustle plays and both dudes are sneaky good offensively, though known for defense. 

Tim Connelly has drafted some dawgs but the roster's so stacked they don't get minutes. The future is so bright with this team. I love it. "
75,Who would you like to see us target in the trade market this off season?,"I’m not too well versed in the wolves finances but I do know it’s slightly fucked heading into the season. However, Tim Connelly will probably be looking to fine tune this machine as the season progresses. Who would you prefer to see him target? I really wanna see us go after Malcom Brogdon but I don’t like how he’s also on his last year of his contract and don’t know if we can afford him"
76,[Moore] Connelly says Dillingham will be in the rotation from Day 1:,https://x.com/danemoorenba/status/1806184485223878842?s=46
77,2024 Free Agency Primer,"Wanted to do a quick primer on our Free Agency situation and have everything in one place before things kickoff tomorrow, since the new CBA 2nd Apron restrictions have made things kind of tricky.



**CURRENT ROSTER**

**PG:** Mike Conley | Rob Dillingham

**SG:** Ant | Nickeil Alexander Walker | PJ Dozier

**SF:** Jaden | Joe Ingles | TSJ | Minott

**PF:** KAT |  Naz Reid | Leonard Miller

**C:** Rudy | Luka Garza


**2WAY Contracts:** Jaylen Clark | Jesse Edwards (non-guaranteed) | Dashien Nix


We’ve got ~~11~~ 14 of our 15 roster spots secured, and currently are using 3 of our 3 Two Way contracts.

Due to the 2nd Apron Restrictions, we’re only able to offer Veteran’s Minimum and Minimum contracts to free agents to fill out the rest of the roster with free agents. We are allowed to go above that with re-signing our own guys however.



**OUTGOING FREE AGENTS**

**RFA:** ~~Luka Garza~~ | ~~Dashien Nix~~

**UFA:** ~~Slo-mo~~ | ~~Monte Morris~~ | ~~JMac~~


Tim Connelly has said he’d like to bring everybody back if possible, and I’m all for it considering they’d have to be replaced by guys on the veteran’s minimum, but it’ll all depend on what other teams are willing to offer, since we pay a heavy tax penalty to match or compete in terms of negotiating salaries.

Technically we can match offers on ~~Luka and~~ Nix, however with the 2nd apron restrictions, our ability to do so is heavily mitigated. Probably not a concern with Nix, ~~but Luka could draw interest from a team with cap space and a rotation spot for him like Detroit.~~



**FREE AGENCY NEEDS:**

~~Backup PG~~ (Update: We signed PJ Dozier and re-signed Nix to a 2 Way)
~~Backup C~~ (Update: We re-signed Garzilla)

We’re flush with Wings at the moment, and the only real areas of concern are forcing NAZ to be our only Big off the bench, and whether or not we want to throw Dilly right into the fire as the sole backup PG. Both Naz and Rob are completely capable of those roles, so it’s just about whether or not we want to have more flexibility with lineups and let those guys play in roles they’re more comfortable with versus have to ask them to fill very specific needs.

Obviously we could fill both of our current free agency needs by re-signing Garza and JMac, but as much as I love the continuity (and also I LOVE Luka Garza), their strengths kind of became redundant with the drafting of Dillingham and TSJ. 

We’ve got a plethora of scoring off the bench now by picking up two spark plugs in the draft. We kind of need defense-forward players in rounding out the roster to offset that, and also need more veteran presence around given how young our squad is.

I’d love pesky veteran floor general at PG to allow Rob to play some SG and just focus on scoring. I’d also love to re-sign Kyle and have him continue being a ball-handler option for the 2nd unit.



**FREE AGENCY TARGETS:**

In addition to re-signing our own guys, here’s some other dudes who I think could be good fits and *may* end up in our (heavily restricted) price range:

**Backup PG:** Pat Bev | De’Anthony Melton |  Delon Wright

**Backup C:** Daniel Theis | Javale McGee | Deandre Jordan | Thad Young

Would love Luke Kennard or Joe Ingles if they were available at our price range as well, but I doubt they will be.

Ultimately, we’re really only looking at probably one rotation guy in filling out the roster, and the rest of our signings will likely be end of bench mob guys, but I think team chemistry and bench vibes are severely underrated, so I’m hoping we can get some solid dudes despite our cap restrictions.


What do ya’ll think? Who do you want when Free Agency negotiations kicks off tomorrow.

Edit: formatting. Also, let me know if I missed anything re: 2nd apron restrictions, etc. 

2nd Edit: I stand corrected, we CAN go over the min on re-signing our guys. So that’s good news!

3rd update: We re-signed Luka!! 🤠 [Source](https://x.com/wojespn/status/1807797591599399154)

4th Update: We signed Joe Ingles and PJ Dozier and re-signed Nix to a 2 Way, so we’re at 14 out of 15 spots rostered and will most likely keep the final spot open going into the season."
78,I'm officially a Julius Randle fan!,"Didn't like the trade at first. But Tim Connelly made me a Rudy Gobert fan, so I am officially a Julius Randle fan! He is a fricken dawg! Scratch that, he is a wolf 🐺 Let's go Wolves!"
79,"Some numbers showing Rudy's effect on the offense, changes that could be made, and the similarities between Anthony Edwards and Donovan Mitchell.","That post about Ant's 2pt efficiency got me thinking about how much our lineups are responsible. There's a lot of possible reasons behind his regression, of course - we lost the best spacing big in the NBA, we added Julius Randle, Rudy Gobert became worse, Jaden and Conley have struggled majorly to start the year... but the most obvious culprit for our spacing woes comes from Rudy - that's undeniable.

So out of curiosity, I looked at another talented shooting guard that has had experience both with Rudy and without Rudy and compared the numbers to see how his scoring at the rim changed. Donovan Mitchell is on a fantastic run right now, first seed in the east, potentially contending for a ring, but he was also once in a very similar boat to Ant - contending for the top seed in the west, flaming out in the playoffs, and playing with a struggling team the season after a solid postseason.

Here are his shooting numbers around the rim with Rudy and without Rudy.

|Distance|FG% With Utah|FG% With Cleveland|
|:-|:-|:-|
|0-3 Feet|63.7%|67.6%|
|3-10 Feet|40.3%|49.5%|

Now if you want to chalk that up to his efficiency improving with experience, absolutely be my guest. But it's worth noting that he's shooting at the rim at the same volume with both organizations (around 19% of his shots) and his three-point volume has gone up by around 6% with Cleveland, spacing the floor a bit more. He has cut down on floaters and short mid-ranges by quite a bit, too.

I thought it's also worth checking out how much Ant's shot profile has changed with Rudy, who joined in the 2022-2023 season.

|Distance|2020-2021|2021-2022|2022-2023|2023-2024|2024-2025|
|:-|:-|:-|:-|:-|:-|
|0-3 Feet|30.6%|28.2%|29.5%|22.8%|15.6%|
|3P|42.9%|48.4%|37.5%|34.1%|48.5%|

As you can see, there's been a sharp decline of shots at the rim, and despite what the eye test seems to say, he is taking a comparable amount of threes this year relative to how he played before Rudy joined the team. Obviously, the volume is up a bit, but Ant came into the league shooting his ass off (just with worse efficiency.) He shot 8.4 3FGA per game in his sophomore season compared to 9.8 this year.

Now Rudy obviously does hurt spacing, but he's not the only big in the league that can't shoot, and plenty of teams make it work. Dallas last year, the Suns with Ayton in 2021 - all made it to the finals without a spacing center. But they didn't win either, so whether or not it's a mandatory requirement for a champ these days remains to be seen.

Yet at the end of the day, our offense looks like shit. And that's not just Rudy's fault. So, I looked at lineup net ratings to see if the numbers matched the eye test. I just went with the top 3 most used by minutes.

|Lineup|Points (Net)|eFG%|
|:-|:-|:-|
|Conley/Ant/Jaden/Randle/Rudy|\-0.5|\+.015|
|DDV/Ant/Jaden/Randle/Rudy|\-2.3|\+.017|
|DDV/Ant/NAW/Randle/Naz|\+20.8|\+.111|

As you can see, our efficiency goes through the roof with the lineup swapping Naz and Rudy. However, it could also be because we're swapping Jaden and NAW. There are so many variables here, including a solid lineup of NAW/Ant/Jaden/Randle/Rudy(+12.4 in 102 minutes) and an extremely positive lineup of DDV/Ant/NAW/Rudy/Reid (+15.0 in 89 minutes)

With that somewhat vague data in mind, I looked at the most used 4-man lineups that swapped out Rudy and Naz at the center spot.

|Lineup|Points (Net)|eFG%|
|:-|:-|:-|
|Ant/Jaden/Randle/Rudy|\+1.0|\+.018|
|Conley/Ant/Jaden/Rudy|\+3.3|\+.027|
|Conley/Ant/Randle/Rudy|\+1.8|\+.021|

Fairly solid. Not great - going to create a lot of close games with numbers like that, as we've seen.

Now Naz.

|Lineup|Points (Net)|eFG%|
|:-|:-|:-|
|DDV/Ant/NAW/Naz|\+15.8|\+.093|
|Ant/NAW/Randle/Naz|\+14.5|\+.076|
|DDV/Ant/Randle/Naz|\+12.3|\+.057|

The sheer jump in offensive efficiency with Naz out there over Rudy is insane. Today's game is all about pace and space, and you don't get better than this: they shoot more threes at a higher clip, get more assists, and generally are more efficient everywhere on the floor.

Now I don't think Rudy alone is the problem. He has obviously underperformed this season both offensively and defensively, but we've proven that we can win with him. That said, he's been a liability this year. I'm not going to start shouting ""Trade Rudy for a bag of chips!"" or anything like that, but the lineups we're using clearly aren't working. Rudy and Randle do not play well together yet and adding other struggling shooters like Jaden and Mike to the mix allows the defense to completely swarm Ant and take away the best parts of his game. Hopefully Jaden and Mike are indeed turning a corner after last night's game, but I still think staggering Randle and Rudy's minutes better would do wonders for this lineup.

Naz needs more minutes, period. He is the key to this offense and if we let him walk to keep Randle, this team will have completely lost any bit of good will this franchise has left. And if Rudy doesn't get his defensive mojo back, the best thing the franchise can do is find a way to move on, no matter how dumb it makes Tim Connelly look, because the alternative is wasting Ant's time in Minnesota, stifling his growth, and risk watching him become another KG or KAT.

All stats were pulled from Basketball Reference using the ""Shooting"" and ""Lineup"" Fields."
80,"[Dane Moore] Jaylen Clark on playing his first two basketball games in over a year, and the process of building back after his achilles injury:","""(The first game) was like a surreal feeling. I was telling all the coaches that even though I didn’t do much, it took like three quarters to realize that I’m really out there playing. I was just out there smiling and running up and down and then I was like, 'OK bro, now you gotta do something now.' So two days ago was me just taking it all in, today I told the coaches I’m good I’m locked in and I’m ready to go. I came in here with a mission I made a bet with one of the coaches that I would get more than five steals. I felt like I had more six but we’ll leave it up to their discretion.""

What’s the last year been like?

""I think the thing that’s made it the hardest is that no one has seen my progress. So I go places and everybody asks me a million questions and try to assume and guess but it’s been a great year, bro. I don’t regret anything that happened – if I don’t tear my achilles, I don’t think I’m in Minnesota currently at this moment. So everything happens for a reason. I’m happy Tim Connelly and them took a chance on me and I’m very grateful to be here in Summer League. It’s a great group. Summer League group is great. Real team back at home is great. And the guys in Iowa are great. So it’s just a great overall organization."""
81,Rob Dillingham: A Spark of Potential for the Timberwolves,"I am so excited about Rob! Still can't believe Conley pulled off this trade on draft Night. [Rob is awesome.](https://www.ignytlearning.com/blog/rob-dillingham-a-spark-of-potential-for-the-timberwolves)

  
1. He can shoot 44% from 3's in college

2. Handles is crazy nice, Mr. Shifty 

3. He can score on all levels "
82,"[Woj] New NBA salary cap is: $140,588,000, Luxury Tax: $170,814,000, First Apron: $178,132,000, Second Apron: $188,931,000",
83,Poverty ,Please tell me the timberwolves are gonna make a trade before the trade deadline 
84,"[Shelburne] The Knicks-Timberwolves-Hornets trade involving Julius Randle, Karl-Anthony Towns and Donte DiVincenzo is still on track, but not completed yet. The expectation is early this week, sources tell ESPN, which means the players involved will not be at media day as camps start to open Monday.",
85,Does it mean anything that TC is with the team on this road trip? ,"Legitimate question of what the title says - not sure if this is dumb question, but I saw that Tim Connelly is with the team right now on the Christmas road trip and wonder if that is unusual? Of course, the optimist in me hopes it means he's actively trying to make deals and wants to be with the team in case he has to notify a player of a trade/welcome the new guy(s). But maybe it's completely normal. Anybody  know how common?"
86,"Julius Randle Highlights | Timberwolves vs Kings 10.25.24 | 33 Points, 5 Rebounds, 4 Assists, 13/17 FG, 5/6 3PT, 2/3 FT, -3 in 35 minutes",
87,Why the Wolves Won,"I'll preface this by saying Im no basketball genius and Ill be saying things you've probably read 10 times but i wanted to get these thoughts off anyway. I liked Kat, didnt love him, but my immediate reaction to the trade was not positive. Mainly because I didnt watch a ton of Knicks basketball and didnt know Randle or DDV in a nuanced way. I've since done hours of sophisticated youtube research to flip my opinion and Im once again very happy with Tim Connelly. Im also a newly branded knicks fan. Would love to see them in the finals.

First the Kat piece:

Great player (top 30) with undeniable flaws and a gigantic contract. We all know that. I dont think injury prone when I think of him but there is a mounting concern there. Also dont know what his meniscus surgery looked like. If they shaved a small piece down or if he had something like a bucket handle tear and they removed a large chunk. Either way, 30 year old 7ft basketball player with missing meniscus warrants at least a little concern. I dont think hes soft like a lot of people say. Hes competitive and plays hard. Hes just not a big bruiser. My issue with him has always been his decision making and his inability to improve it. Ill never understand it. Stupid fouls, playing outside himself, and lack of emotional control frustrated the hell out of me. I wont miss that but he was a genuinely great person who embraced Minnesota so its very much bitter sweet to see him go. I admit i do prefer Naz moving forward. Younger, still getting better, quicker release, cheaper, and a much better demeanor. 

The knicks pieces:

DDV is such a good get. Like stupid good. What a great skillset to bring in off the bench and one of the best assets in the league. If Connelly ever wanted to go big game hunting he could be a deciding piece. In the meantime hes going to hit a ton of 3s for us and play defense. Hes got that quick release that makes him a threat on any catch. I cant help but think he will feast with Ant getting defenses in rotation. We have two legit 6th man of the year candidates. Its incredibly unique and makes us formidable.

Im surprised how much I've turned into thinking Randle is going to fit in great. I think one our biggest weaknesses was play making outside of Ant. Ant was exhausted in some of those games because he was the only guy who could beat his man and create. Enter Randle. A bully who can create for himself and others. He can help shoulder that load, get a bucket, find open shooters, and even kick to an open Ant who can hit a three or attack a close out. Finch and Connelly know what they're doing they wouldnt make this trade if it meant we couldnt contend. Ill believe the spacing concerns with him and Gobert when i see it. There not going to leave him wide open like they did slowmo. Good luck leaving randle in a position to hit an open jumper or attack of the dribble. Hes an absolute threat on offense and will be treated as such. A motivated competitive player in a contract year. Great locker room guy from all accounts. A true professional. Im excited to watch him fit in. Dont be surprised by growing pains initially as they learn to play with eachother. This team will be ready when it counts.

The money:

The wolves were in absolute cap hell. We were so strapped that the only way we could afford a desperately needed play maker was Connelly exploiting a loop hole and trading for the draft rights to Dillingham. It was only going to get worse. Naz and Naw would be unaffordable and our strength of roster depth evaporates over night. Towns could've easily become untradable. I dont think some you appreciate how dire things could have looked in 2 years. Keeping Kat was a serious financial risk that no longer looms over us. Instead Connelly has flexibility and is able to retain our guys.

Very long story short. This trade, in my humble opinion, was excellent. A Connelly master class. He flipped towns to a team desperate for a center, for max value, and got exactly what we needed back: playmaking, 3pt shooting, and cap relief.

I love the roster and cant wait to get this thing rolling!"
88,"Mediocre roster, no cap space and no draft picks.",Looks like the franchise who's only noteworthy impact on the NBA is wasting the majority of Kevin Garnett's career is going to continue being the carbon neutral basketball team for the foreseeable future. Doing nothing and changing nothing.
89,Should Mika Nori be the head coach?,"Choose an option

[View Poll](https://www.reddit.com/poll/1hjr2ro)"
90,That’s it. Rebuild the entire team from scratch.,"I’ve lost faith in Tim Connelly. He knows nothing about building championship winning teams.

Fire Chris Finch.

Trade Randle and DDV back to New York for KAT.

Mike Conley is washed.

Am I missing anything?


"
91,please fix wolves,
92,Anthony Edwards' Brutal Honesty is Exactly What This Team Needs Right Now,"I'm really glad Anthony Edwards had the guts to tell the public how bad things have gotten in the locker room right now. This level of criticism of the team's dynamic from your franchise player can not go unnoticed by Tim Connelly. Changes have to be made, and Ant's comments prevent the front office from pretending everything is okay and saying ""we wanted to allow more time for chemistry to develop"" or whatever bullshit excuse a POBO would use to justify inaction when action is required. Ant's brutal honesty can be the catalyst for positive change, and I love it. We should support him even more for that reason."
93,Timberwolves lose nothing of value and take a chance on a young small forward with upside. NAW trade 2.0?,"Timberwolves make a move on the margins by trading for Bucks SF MarJon Beauchamp, who has more offensive upside than Josh Minott and Wendell Moore Jr. Beauchamp hasn't been a regular rotation player for the Bucks, but he's been productive for the Wisconsin Herd in the G League averaging 22 PPG on 64% TS. 

In this trade, the Bucks get a 2nd round pick for taking salary filler. Minnesota should do this trade because their backup SF is T.J. Warren, and Tim Connelly likes taking low risk, high reward chances on young role players like Nickeil Alexander-Walker. 

Worst case scenario, Beauchamp never really develops and we lose a worthless 2029 draft pick and two guys who don't contribute. Best case scenario, Beauchamp becomes a valuable rotation player for the Timberwolves and fans look back at this as one of Tim Connelly's best moves.

Thoughts on this mock trade?"
94,"When Kyle Anderson leaves in FA, who is most likely to take his place in the rotation?","

[View Poll](https://www.reddit.com/poll/1cgft9m)"
95,"[Charania] After converting Jaylen Clark, the Minnesota Timberwolves plan to sign free agent guard Bones Hyland to a two-way NBA deal, agent Austin Walton told ESPN. Hyland will be reunited with Wolves president Tim Connelly, who drafted him in Denver where he was a two-time Rising Star.",
96,"[Sidery] Tim Connelly is expected to stay with the Timberwolves long-term on a restructured contract, per @ShamsCharania on @RunItBackFDTV.  Connelly could make upwards of $15 million per year in Minnesota moving forward as the architect of their roster.",
97,[Charlie Walton] Tim Connelly when @DanBarreiroKFAN asked him if he stays in contact with Chris Finch and the coaching staff while making trades...,"Tim Connelly when @DanBarreiroKFAN asked him if he stays in contact with Chris Finch and the coaching staff while making trades:

""I'll give Finchy a salary book and [tell him to] cross out the guys you really dislike, heart the guys you really like, and in between, we will have conversations. Julius is a guy he has always loved. He coached him in New Orleans, so there was built-in familiarity ... there probably isn't a bigger Julius Randle fan in the NBA than Finchy. Every move is going to be lock-step with Finchy."""
98,Tim Connelly dresses as Anthony Edwards ,
99,"[Jon Krawczynski] The Wolves see their championship window as open. Right now. The best way for them to add top flight talent was through trade. For Tim Connelly to get a player that fits so many of their needs without giving up this year's 1st or any of their rotation players, pretty impressive",
100,"[Charania] Two top seeds in West have Minnesota President Tim Connelly’s fingerprints: He helped build Nuggets into champions and has revived the Timberwolves.   Amid ownership turmoil in Minnesota, sources say Connelly has an opt-out in his contract after the season. ",
101,"[Krawczynski] Tim Connelly says the belief internally is the Timberwolves can win a championship this season. He says it is not title or bust, but the trophy is in discussion in Minnesota",
102,[Noujaim] Tim Connelly brought in Kwesi Odofo-Mensah & Derek Falvey to pick their brains on doing a multi day draft. Falvey just told us it was his first time sitting in a draft room for another sport. Says it was wild to see how fast Tim’s brain was working during the draft.,
103,Hate to see it. But major respect to Tim Connelly at least.,
104,"[Jon Krawczynski] After a run to the Western Conference Finals, the Timberwolves and President Tim Connelly have agreed in principle on a restructured contract, locking him in for the 2024-25 season, sources tell me and @ShamsCharania. Connelly's opt-out has been moved to next year.",
105,Tim Connelly plotting in the background,"I hope everything works out with the ownership and this man signs an extension. 

I’ve been watching the wolves for ten years and don’t remember being this excited for a group of young players. He has drafted really well, locked down team friendly contracts, and raised the ceiling of this team for the next 5-7 years (at least) while being in playoff contention.

"
106,Tim Connelly has a vision for this team...I see it now. 🙏,
107,"Tim Connelly, Guru GM",
108,[Moore] Tim Connelly when asked about the decision to believe in continuity of the roster this season and if he thinks that is the best plan still going forward:,
109,[Charania] Pistons to make a run at Tim Connelly - likely to opt out of his final year (but also likely to re-sign). $15m annually *could* pry him away,
110,Tim Connelly’s Reason for Getting Rob Dillingham Onboard for Timberwolves ,
111,"[Moore] Tim Connelly when asked if Rob Dillingham is more of point guard or combo guard: ""He's a 1. He's a 1 who is a bucket.""
",
112,[Moore] Tim Connelly says he hopes to be back next season as president of basketball operations for the Wolves.,
113,I imagine Tim Connelly is fuming about this Luka trade.,"Mavs gm doesn't even shop around the league and instead goes to the Lakers and only the Lakers to discuss terms.


Apparently they wanted a defensive big but I Imagine Connelly would have given up almost anything to pair Ant up with Luka wtf 😆. Trade was Ad and one first that's crazy lol."
114,"[Dane Moore] Wolves assistant GM Matt Lloyd, unprompted, said he estimates Tim Connelly slept 16 minutes over the last four days. Lloyd repeatedly referenced the beautiful mind meme to describe Connelly these last few days -- saying he was absolutely ""savage"" in his information gathering a deal-maki",
115,An Evaluation of Tim Connelly,"There has been a lot of frustration this year that has ranged from Finch and the starting lineup, Randle’s play,  Jaden’s lack of progression, Rob and TSJ's lack of minutes etc. However one thing I haven’t seen much is a true evaluation of Tim Connelly’s performance over the last 2.5 years. Most of the Timberwolves media members and podcasters speak very highly of his performance up to this point, so I thought to myself, is that really the case? Here is my effort to summarize his major decisions and give my opinion on the results. I would love your thoughts as well.

I think we can summarize Connelly’s performance based on 3 areas: Trades, Contracts, and the Draft.

**Trades**

**Rudy Gobert Deal – (5 1****^(st)** **round picks, a pick swap, and Malik Beasley, Pat Beverly, Leandro Bolmaro)**

o   I think we could mostly agree that Rudy’s first year was not great, his second year was great, and so far this year it has been pretty bad. If you agree that 1 out of 2.5 years have been really good and the rest has been below expectations, is it really worth 5 first round picks plus players? As a reminder, the last year before Gobert was on the team we finished 46-36, were the 7^(th) seed, and lost 4-2 to the 2^(nd) seed, Memphis. Those games in that series was very close despite losing 4-2. The first Gobert year we finished with a worse record (42-40), were a play-in team that lost 4-1 to Denver. Then obviously we have the conference finals run where Rudy was instrumental in our regular season performance, but was mediocre in the playoffs. Now here we are as a slightly above .500 team and Rudy has fallen off as a rebounder and gets killed by any skilled center he faces. A lot of people say the conference final run made the trade worth it, but I think there is also a chance we would have improved following the loss to Memphis with KAT at the 5, Ant being another year older, and still having 5 1^(st) round picks to make other trades. Not to mention the fact that we now have Gobert here for another 3 years on a roughly 33 million dollar contract. More on that later.

 **D’Angelo Russell for Mike Conley, NAW, and 3 2****^(nd)** **round picks.**

o   Fantastic trade. No issues here and a definite A+ move.

 **KAT for Randle, Divincenzo, 1 round protected draft pick**

o   This is tough to evaluate after 40 or so games. I think we can agree that considering our financial situation, KAT had to go in order to resign Naz and NAW, who are both very valuable players and trade pieces. Donte is another good trade piece and has looked fantastic in the starting lineup. Based on that information, I would be willing to accept that this is a roughly even trade assuming we sign NAZ and NAW because of this deal. However, if we do not trade Randle by the trade deadline, his player option next year means he can decide to stay, which means no NAZ or NAW unless Connelly gets Randle to forego his player option and resigns Randle with a huge pay cut. Although it’s hard to imagine NAZ wanting to stay if he isn’t a starter. If we lose NAZ and NAW due to this trade, I think we definitely take an L here. 

**Contracts**

**Jaden McDaniels – 5 years, 136 million (roughly 27 million per year)**

o   Players with similar pay level (25m to 27m): Nic Claxton, Miles Bridges, John Collins, Andrew Wiggins, Anfernee Simons, RJ Barrett, Tobias Harris, Jaren Jackson Jr, Jonathan Isaac, Jalen Brunson

I understand signing Jaden based on his potential. While he has struggled shooting from 3 again and his defense started out poorly to begin the year, I think we are getting much better value from him when he plays the 4 instead of the 3. I know we’re all disappointed with him overall up to this point, but this contract does not look as bad as one might think. Plus he has trade value. This would be an easy player to move if needed.

**Rudy Gobert – 3 years, 109 million (roughly 36 million per year)**

o   Players with similar pay level: Zion, Ja, Garland, OG Anunoby, SGA, Tyresse Maxey, Darius Garland, LaMelo Ball, Bam Adebayo

Even with the pay cut Rudy took, this looks like a gross overpay considering his performance this year. I think it’s obvious he is not improving, and I think it’s reasonable to say he’s declining. Coincidentally, his salary is similar to Julius Randle. I personally would much rather have Randle than Gobert at this point. His minutes continue to be reduced, his hands have gotten worse, he can’t rebound, and his offense is an F. If he can’t rebound or play good defense against other centers, why in the world would we pay him 36 million a year? He also has no trade value, so this one is painful.

**Draft**

**Leonard Miller** – Has been pretty solid for a 2^(nd) round pick, but no relevant minutes for the Wolves to speak of. This is probably a good pick considering he’s a second round pick, but I think we just need to say N/A until he plays. I wouldn’t have expected him to play yet, but a good pick would have likely gotten more minutes at this point.

**Rob Dillingham** – He’s a fan favorite. Super fun to watch. Fits the timeline with Ant, Naz, and Jaden.  Giving another 1^(st) round pick and a pick swap is worth it as long as he’s a good fit. But is he?  Obviously Connelly drafted him before trading KAT, so he likely wouldn’t have known we would be acquiring Donte and he would eat up Dillingham’s opportunity. However, since Connelly is responsible for both moves, it’s fair to evaluate them together. The KAT trade becomes even less valuable when you can’t find minutes for the 8^(th) pick that obviously needs development time on the court. Connelly resigned Conley as well, which would have been Rob minutes.

**Terrance Shannon Jr**. – He seems awesome, but who knows? He hasn’t received any relevant minutes, is 24 years old, and is not likely to see minutes with Ant, NAW, Donte, Conley, and Dillingham on the roster. At first glance it appears it was a good value pick, but there is no real way to evaluate this. I’m super hopeful and think losing NAW is much more tolerable with TSJ on the roster.

 

**Conclusion**

 In my opinion, Tim Connelly's job performance has been underwhelming and overrated. If I were to give it a grade, I would give it a C even though the Wolves media seems to think otherwise. We’ve got 1 good year out of 3 from Rudy and that to me is not worth 5 first round picks. Plus we now potentially have 3 more years of him at a hefty price tag with declining performance. If he doesn't improve or declines, that is potentially 1 good year out of 6. Not to mention the multiple chemistry issues he’s had with players, his comments about not always putting in enough effort this year, and the growing discontent with other players not wanting to even pass him the ball. 

If the KAT trade prevents us from resigning Naz and NAW, that means we will lose them plus KAT for Randle, Divincenzo, and a mid 1^(st) round pick. KAT’s contract is roughly the equivalent of Rudy and Jaden combined. Additionally, KAT always seemed to be a better fit for a Finch offense (and Ant's playstyle) then Gobert. Just because we lost in the first round with KAT doesn't mean that team was hopeless and we needed Gobert. Players improve. Look at OKC. Were Finch and Connelly both in agreement on this at the time?

I like the Rob Dillingham pick and the TSJ pick, but playing time has been scare until very recently for Rob. Rob needs to develop and TSJ is 24. Were Connelly and Finch on the same page about this? Connelly told all of us after the draft that Rob will be playing on day 1. Finch also said he had no idea the KAT trade was happening. Shouldn’t those two be collaborating on these types of moves before decisions are made? If the GM acquires a player because he thinks he is good, but the coach thinks otherwise, what is the point?"
116,Tim Connelly is the Reason for this Season,"Don't forget it either.

If he had bothered to do any part of his job competently this offseason, maybe he would have seen Gobert GET BENCHED BY FRANCE during the Olympics because of how awful he was. Maybe then he wouldn't have traded KAT and kept Gobert, let alone give a washed Gobert $90M for 3 years while this team is apparently is such dire straights from the dreaded 2nd apron.

Don't forget, Tim Connelly is the reason for this season."
117,"“I’m always just guessing.” - Tim Connelly, when asked if he knew the D’lo for NAW + Conley was a slam dunk trade when he made it",Legend
118,Did Tim Connelly leaving the Nuggets affect their depth?,"Me and my friends were talking about this last night, I know it's still early in the season, but what do you guys think?"
119,Tim Connelly finished 3rd in Basketball Executive of the Year voting! ,
120,Message for Tim Connelly ,Please do whatever you can to keep Nickeil Alexander-Walker on this team that beautiful beautiful man
121,Let's get real about Tim Connelly,"I'm not trying to be weird but I want to live in a log cabin in the woods with Tim Connelly. We won't ever have sex, but there will be a simmering erotic undercurrent as I stand in the kitchen window watching him tighten his ass as he chops wood, shirtless, sweat pouring off his body. I'll run upstairs and masturbate, the entire time forcing myself to think of women while my thoughts drift back to Tim. I won't be able to climax and I'll eventually go back downstairs, angry. Sometimes we will look across the table and catch each other's eyes, and in that second, anything is possible, but we both deny ourselves and go back to what we were doing. One day one of us will die, and the other will bury him outside the log cabin. Then he'll go inside, pen a brief missive to his departed friend, and commit suicide, never able to deal with life without his one true platonic love."
122,"Rudy, Naz and Ian Seidenfeld at the Tim Connelly charity Ping Pong tournament. Ian is from MN and won the gold medal in Table Tennis at the 2020 Paralympics and won bronze at the Paris games this summer. ",
123,Remember the Wolves made the WCF. No need to be bashing Tim Connelly. He is one of the best at his job. Made the Nuggets what they are.,Don’t be fully mad at Tim 
124,Tim Connelly Experience,"Kinda getting Deja Vu from the 2022-23 season. Big offseason trade, injuries, inconsistency, and just non-clutch play force us into the play-in.

If that’s a reasonable comparison, which I trust Connelly and hope it is, then next year his ideas will pan out and we’ll be right back into contention…

Right??💔"
125,[Hine] Timberwolves promote senior VP Matt Lloyd to general manager under Tim Connelly.,
126,You wake up from a nap as Tim Connelly and Andy Elisburg is on the phone...,"... How do you leverage the Heat/Jimmy Butler situation to both save the Timberwolves' season AND get back in the good graces of Wolves fans? ***Go:***

(trust me I know how difficult some of our players are to trade, but I'm bored and wondering if there's any potential for wacky 3 ways or something)"
127,"[The Athletic] Tim Connelly, Timberwolves reach an agreement, ensuring he will stay in Minnesota","Full story on the Connelly situation that adds a bit to what was reported in [Shams’](https://x.com/shamscharania/status/1798181660019564821) and [Jon K’s](https://x.com/jonkrawczynski/status/1798182441913364499) tweets.

Some noteworthy tidbits:

>The Detroit Pistons loomed last month as a potential suitor for Connelly, and the Timberwolves were bracing for Pistons owner Tom Gores to make a lucrative offer that would have been difficult for them to match. But **when the Wolves beat the Nuggets in the second round, the Pistons decided to move forward in hiring Trajan Langdon** from New Orleans rather than wait for the Timberwolves to be eliminated before approaching Connelly.

>Even with the ownership issues, Connelly’s preference was to stay in Minnesota. That includes the possibility of **signing another long-term deal after the ownership situation settles,** team sources said.

>**All indications are that both factions of Wolves ownership are open to paying the luxury tax to keep the team competitive.** For now, Taylor has the final call on any moves that are made or not made, an authority that will likely extend through the draft and free agency while the arbitration unfolds.

>Everyone below the principals involved in the fight has been caught in the middle of it, and now Connelly will play a major role in keeping them focused on the team so they do not let this season’s leap forward go to waste. He has already been successful on that front. **Before the season ended, senior vice president of basketball operations Matt Lloyd turned down a chance to take a higher-paying position in the Charlotte Hornets front office** to stay with the Timberwolves, team sources told The Athletic."
128,"[Dane Moore] Really cool scene in the hallways after the game. A million cameras down here so I’m sure you’ll see it.

But Ant, KAT and Tim Connelly walking into the locker room arms wrapped around each other.",
129,Nikola Jokic credits Tim Connelly for Rudy Gobert trade 2 years later: 'Everybody was laughing at him',Came across this in the nuggets sub. Great to see everyone appreciating and respecting us! Finally!
130,"[Durando] I’m told the Nuggets traded up from 28 in part because they expected Tim Connelly and Minnesota to draft DaRon Holmes 27th.  Calvin Booth hinted at that in his presser just now, saying “there were a lot of potential landmines between 22 and our pick” including a division rival.",
131,"""Rob's A 1 Who Is A Bucket."" | Tim Connelly Post Draft Media Availability",
132,Congratulations to Tim Connelly ,"Just wanna say a quick congrats to Tim Connelly, you are now unemployed. "
133,Tim Connelly is a genius?,"He built the Nuggets into a team that could win a championship, left the year before they won but his fingerprints were all over that championship.

He then went to Minnesota and made an insane trade everyone clowned at the time. I think he pretty specifically built the Timberwolves as a team that could take on Denver (obviously the series has just started, and Denver could easily take this series still, but it's clear that the Wolves can at a minimum hang with Denver). 

This is getting a lot more conspiratorial, and I don't fully believe it, but there is a small part of me that wonders if he partially made a big trade like that to inflate the trade market, forcing other teams to pay up the nose for players they perceive as better than Rudy. Like do the Suns have to give up as much for KD if not for that trade? Do they have more depth and can hang with the Wolves? Pretty far-fetched but let me try and cook a little bit :)

Then he makes the trade of Dlo for Conley, NAW and 2 second round picks?? An absolute killing imho. Dlo was basically addition by subtraction on its own, and then you put in a great veteran steadying presence like Conley, a top-tier 3 and D guy in NAW and 2 seconds? 

Other little moves here and there you could maybe quibble with but the big moves have been fantastic, especially in hindsight."
134,"Even if Lore and A-Rod don't buy the Timberwolves, their decision to hire Tim Connelly may have saved the team from relocating.","For the longest time, the Timberwolves were an absolute mess and not a lot of fans showed up to games. 

I believe that the Marc Lore/A-Rod helped build a winning culture from top to bottom with the Tim Connelly hire. The Rudy Gobert trade and the Mike Conley/NAW trade helped change the trajectory of the franchise, which in turn increased fan interest, and proved to the NBA world that Minnesota is in fact a great market that's worth investing in. 

Even if Taylor finds new owners, I think they'll keep the team in Minnesota because the fanbase is reinvigorated, and that wouldn't have happened without the groundwork done by Lore/A-Rod."
135,Simply a picture of the goat Julius Randle. The Wolves are now 11-0 in the last 11 games he’s played. 25 points on a hyper-efficient 9-12 shooting tonight vs Denver. ETHICAL HOOPS,
136,Tim Connelly be like ,
137,Tim Connelly,"This series between teams that Tim Connelly has built
#wolvesback"
138,Here's why the Wolves will trade Julius Randle before next year..,"Aside from all of the basketball related issues, I'll attempt to explain why Julius Randle will get traded (from the financial side)...

To many of you, this is not breaking news. The Wolves traded KAT for 1 reason only: to avoid repeater 2nd apron penalties. The Knicks were a perfect match as they were a big market team willing to commit to long term (for lack of a better word) salary cap hell.  
Completing the KAT trade saved the Wolves **4.7M** this year, however KAT's contract increases about **4M** per year while Julius' player option comes in **2.1M** less next year (per Spotrac). With Donte's contract increasing **545k** per year, this saves the Wolves about **14.9M** total in the next 1.5 years (If Julius accepts his '25 player option). With that said the Wolves will almost certainly end this year in the 2nd apron.

Looking ahead at 2024/2025 Free Agency, Minnesota has 3 really important contracts to watch - NAW / NAZ REID / Julius Randle

**Naz Reid:** The no doubt most important resigning that this team faces is Naz Reid. While it's possible that Naz could decline his **15M** player option and walk, I find it very hard to believe that Tim Connelly will let that happen. From both the business side and the basketball side, Naz Reid has made it clear that he loves it here. As he already took a pay cut to return in 2023. Projected cost to resign: **22-26M** per year

**Nickeil Alexander-Walker:** Another fan favorite that has found a home here as well as consistent playing time, and a team that loves him. NAW is another player that is too important to let walk in free agency. We've seen contenders lose similar players and really hurt because of it (CC Bruce Brown/Denver). Projected cost to resign: **13-16M** per year

**Julius Randle:** The bane of my existence. I've really tried to find ways to not despise Julius as he seems like a good dude. But Andrew Wiggins was also a good dude, and I HATE ANDREW WIGGINS (kidding lol). Basketball aside, Julius has a **30.9M** player option and while a lot of people think he will want more, the absolute last thing that Tim Connelly wants is for Julius to accept this player option as it will make it incredibly difficult to avoid the 2nd apron next year (which was the entire purpose to make that KAT trade). I think there's a good chance that the Wolves are avoiding benching Julius for 1 reason and its to keep his trade value afloat as we near the trade deadline (February 6th).

The projected aprons for 2025:   
**207.8M =** second apron  
**195.9M** = first apron

If these projections become accurate, this leaves the Wolves at about **63.6M** under the 2nd apron with both Julius and Naz opting **OUT** of their 2025 player options (assuming that we pick up both Minott and Garza Team options).  
Resigning Naz Reid **(25M/yr)** and NAW **(15M/yr)** would bring us to a team cap of: **184M** with 2 additional open roster spots (not including 2-way contracts). For those still keeping up, that would give us about **11.9M** to use the MLE on the last 2 players.

If Julius accepts his player option (and Naz declines his), that puts us at about **175M** which would likely mean we have to get rid of one of Naz/NAW and I find that very unlikely.

Here's where it gets very interesting.. If the Wolves decide that they want to enter 2nd apron territory next year as well, then they will need to go 3 consecutive seasons under the second apron to avoid repeat 2nd apron penalties (such as 1st round picks moving the end the of the draft/1st round picks seven years out are frozen). These penalties are in addition to the normal 2nd apron penalties such as not being able to aggregate players in trades (2 for 1 trades), no trade exceptions. It makes way too much sense for this team to try and get under the 2nd apron next year and the easiest way to do so would be to move off of Randle to a team under the 1st apron (BKN/WAS/etc). And while we most of us might hate Tim Connelly for moving KAT after then most memorable Wolves season of my life, it was inevitable to get out of the 2nd apron.

Also... Shoutout to Rudy Gobert for restructuring his contract and taking less money next year as it freed up **11.6M** in cap space next year (and likely allowing us to resign Naz).

Appreciate any of you that made it this far and for those that are familiar with the CBA, please let me know if you see any errors or mistakes in this write-up."
139,Can we finally admit he was right?,
140,The Minnesota Timberwolves are top 10 in Offense AND Defense for the first time since the 2003-04 season,
141,Anthony Edwards and Julius Randle are the first pair of Timberwolves teammates to each record 30+ PTS & 5+ 3PM in a win.,
142,Why don't we just trade for Wemby?,We could easily offer Joe Ingles and Leonard Miller + a 2nd 
143,We need to have an honest conversation about Jaden McDaniels...,"He hasn't quite developed into the player he should be, which is a consistent 12-15ppg wing who can defend. The gap in production between Jaden and guys like OG Anunoby, Josh Hart, Herb Jones, and Lu Dort is notable.

He's a pesky defender, but my god Jaden's offensive game is not where it needs to be for a guy making the amount of money he's making. If the Wolves want to go from good to great, he needs to be a factor on offense or Tim Connelly should consider trading him."
144,Since Ant was given the Bracelet by Luca we went from a 3 game losing streak to a 2 game win streak,"Im on board with this season being for Luca, the Wolves should find a way to sell the bracelets at Target Center with the proceeds going to Leukemia research

Fuck Cancer"
145,From Krawczynski’s article: ,https://www.nytimes.com/athletic/5800924/2024/09/28/why-timberwolves-trade-karl-anthony-towns/?source=user_shared_article
146,"[Statline] Such a slept on acquisition, the king of AST/TOV ratio",This trade has been amazing. Love the energy Monte brings as well as his basketball IQ.
147,Finch and FO earned our trust,"Tim Connelly and Chris Finch created and coached a Timberwolves team that made the western conference finals last year. The Minnesota Timberwolves. I think they’ve earned our trust.

That means when it gets a little funky, we trust them anyways. I think they’re watching all this and know some of it isn’t working, because they know more about basketball than me, so they probably haven’t missed it. Maybe they keep playing Conley bc sure he isn’t good right now, but he has been good for like 15 seasons straight. Maybe they’re not playing Rob bc rookie guards are almost never winning players at his size, and he needs to earn the minutes. We don’t know! 

But we can trust that these are reasonable people running the team, and maybe let’s leave it at that."
148,I hope we keep KAT,"I know this is a pretty low effort post, but I think he's better than Julius Randle and Lauri Markannen. KAT might not be the best fit for a defensively focused team, but it would be cool if he played his whole career with the Timberwolves unlike Garnett and Love. KAT might be the best 3pt shooting big in the history of the league. It's pretty rare nowadays for a player to retire with the team that drafted him without ever leaving, but I think that would be great if KAT got the chance to do that. Nevertheless, I'll try to trust that Connelly knows what he's doing."
149,"Daily Discussion Thread: December 20, 2024",
150,How can Tim Conley redeem himself,
151,Hoop Collective Pod,"40:00 minute mark they discuss the Ant face of league and more importantly the possibility of a KD trade. Windhorst is as connected as they come. I really think there will be more steam this summer. Probably a pipe dream but if they could use the KAT package plus a Rob or TJ would that be enough? Personally no desire to include Jaden or Naz (would require new deal or opt in) in any trade.
"
152,Ownership tells you they will not pay the luxury tax and you have to get below the 2nd apron—what’s your move?,"Before I even begin to dive into this post, I just want to say I’m so thankful for the wolves and the excitement they brought this year. I’m with Tim Connelly 100% that my top choice is to run it back. But TC also said ownership has the final say and he will make moves accordingly if he is told to do so. So my question is, for all of my fellow salary cap nerds, what would you do if you were TC and you were told to get below the 2nd apron to avoid the luxury tax? 

The elephant in the room here is clearly KAT. His new supermax kicking in is what puts us over the edge. So my thought is, unfortunately, if we need to reduce salary then he is the first place to start. I don’t want to give up cheaper pieces like Jaden and Naz because they match Ant’s timeline. I also don’t think you get a return for Rudy that makes a ton of sense for us given his cap hit and age. 

My suggestion: explore a trade that essentially swaps KAT for Trae Young or another young, dynamic scoring point guard that matches Ant’s timeline. Trae young will be slightly cheaper than towns moving forward, and this would push us toward our cap goal.

The hawks have made it clear they will trade Young for the right price. They have the #1 pick, and even in a weak draft, this could be their best shot to hit the reset button and build a contender from scratch. If you rope in a third team that wants KAT and will send picks to Atlanta (likely a rising team with draft capital in a similar position to where we were with gobert 2 summers ago), then a three-team deal would make a lot of sense. 

I think KAT is better than Trae today, so maybe you get back a good young role player or a decent pick too. But I’d like to hear any other pivot options. A starting lineup of Trae, Ant, Jaden, Naz, and Gobert wouldn’t be half bad, and Dallas proved you can make it to the finals with two elite guards (assuming Ant continues to develop into a top guy like Luka). "
153,Glen Taylor Mouthpiece ,"Wolfson is essentially just speaking for Glen Taylor anymore. Said Taylor is better for Wolves fans short term. Also wondered if Tim Connelly is getting too much credit. Keeps repeating he doesn’t know if the board of governors will approve Lore/ARod/Bloomberg even if they win arbitration.

Jon K & Dane Moore never seem concerned about the new owners being okay with being a 2nd apron team. Why is it that Wolfson & Souhan (Startrib) are the only media saying it’s better if Glen stays I wonder?"
154,This season is over,"This has been kinda apparent since the back to back losses vs Portland, but 2 really good weeks of basketball patched up alot of those thoughts.

Its clear this team is just nowhere near good enough, the fit doesnt work, the players look like the hate playing, Ant has been dross for a month, Randle is terrible and Rudy has become inconsistent.

Some big changes need to happen:

\- Pretty clear that this team needs some new voices, Finch just needs to go, regardless of whether you think hes good or bad or even if hes to blame for this, either the players arent listening or hes incompetent. Both plenty good reasons for him to be gone.

\- McDaniels needs to go, NAW is just straight up better than him at basically everything and is going to make less than Jaden this offseason most likely. A wing who is inconsistent on both offense and defense is just not good enough for a championship winning roster.

\- Randle needs to go, his fit is horrible, he has 0 energy and plays without any hustle, he gets constantly burnt on late rotations and cuts.

\- Anthony Edwards is not good enough, hes averaging 20 ppg in the last month on meh defense, hes playing trash basketball, not close to being good enough to lead a team to the playoffs let alone a championship. Tim Connelly needs to get off his delusion of going all in now thinking Ant is ready for the burden when hes not.

\- Dillingham needs to start. Conley has been horrid, straight up bad basketball, commonly combining for less points + assists than fouls at this point. Rob is going to make mistakes and have nights where hes completely unplayable, but he needs to learn how to be a PG with starters for the future.

\- For the love of god resign NAW, hes been the only consistently good player game in, game out for this team, we cannot let him leave, that would be a disaster."
155,ESPN Trade Proposal - three-way trade sending out Randle and McDaniels and getting back Coby White and John Collins,
156,Re-signing Naz Question,"If we don't re-sign Naz, will it be a Doncic level uprise as seen in Dallas?! And should it be!? He IS a gem and he is certainly MN's fan favorite. Is that enough to prioritize him? I think his basketball is enough but do those in power need to make considerations for things like fan reaction too when for this situation?! The thought of losing Naz is extremely upsetting!"
157,"Julius Randle is not the issue with this team, and never was.","Look, at the end of the day, we knew the production we were going to get from Julius Randle.

**In fact, Julius Randle has been better than expected.**

Julius Randle has shot better from 3 only one other year. He's currently shooting 48/36/80 splits giving us 20/7/4, and he gets to the freethrow line. His production has been one of the lone *bright spots* for this team. This sub loves to say he's a bad defender, but he's statistically a net-neutral player (at worst) on that side of the floor --- AND WE KNEW THAT COMING IN. We're also still a top 3 defense in the West.

**The issue with this team's offense is Mike Conley, Jaden McDaniels, Naz Reid and DDV.**

Take a look at these three point percentages from these four players:

Mike Conley -- 36%  
Jaden McDaniels -- 33%  
Naz Reid -- 35%  
DDV -- 33%

Those four players, *whom we critically rely on to hit threes*, **are shooting worse than the guy we traded for who we knew couldn't shoot threes.**

All four players are shooting well below their career averages (3%+ worse), while Julius Randle is actually shooting 3 % points better than his career average.

We, collectively as a team, are shooting almost 2 % points worse than last year from 3. Certainly some of this has to do with losing KAT (NAW is way up to semi-counteract this), but the more egregious factor is *several* of our key players **not named Julius Randle or ANT** are absolutely shitting the bed when getting an open look.

Just LOOK at these disgusting stats below:

***Jaden McDaniels*** \- Shooting 34% on WIDE OPEN 3 point shots (defender is at least 6+ feet away)

***Mike Conley*** \- Shooting 36% on WIDE OPEN 3 point shots (defender is at least 6+ feet away)

***Naz Reid*** \- Shooting 35.1% on WIDE OPEN 3 point shots (defender is at least 6+ feet away)

***DDV -*** Shooting 39% on WIDE OPEN 3 point shots (defender is at least 6+ feet away)

\^---- Do you know what Julius Randle shoots on WIDE OPEN 3 point shots? 46%

Just because the offense has looked clunky at times doesn't mean, ""Julius Randle doesn't fit with Rudy Gobert."" The offense looks clunky because ANT and Randle don't have two competent shooters on the floor to take advantage of the double teams they command. Teams sag off these players which is more detremental to our spacing than ANYTHING Julius Randle is doing. After all, he's statistically shooting the 3 better than those four players. *He's spacing the floor better than our floor spacers.*

In the end, a lot of you blame Julius Randle because you (for some dumb reason) wanted him to replace KAT's production 1:1. The fact of the matter is that was just never going to happen. We knew that. Tim Connelly knew that. Your grandma probably knew that. He's not the issue on this team right now, he's been (by a large margin) our second best offensive player. ANT and Julius go ISO mode too often, and I agree with this. But they're actually *more efficient* doing that than our team shooting 3s, which is a massive problem in the modern NBA.

**TL:DR -** The Timberwolves are 15-14 because 4 key contributors are shooting well below their career averages, and ***Julius Randle is becoming a scapegoat even though he's producing exactly as expected, if not better.*** If Mike Conley, Jaden McDaniels, Naz Reid and DDV were shooting as expected, the Timberwolves would likely be somewhere around 20-10 and would be in prime position for home court advantage in the playoffs. That's the difference this early in the season. This sub is doom and gloom, when the reality is a 5 game swing in the win column from better shooting and we're celebrating just like last year."
158,Good trade,"As a non Wolves fan I think the negative sentiment around this trade is based in bias. Minnesota objectively got better and the roster is also constructed better.

Paying KAT, Naz and Rudy would have been so dumb after it was made clear you needed to go smaller in order to beat a team like the Mavs.

People are whining about the Randle-Gobert fit as if Randle won't play half his minutes with Naz. If the paint is too clogged for Ant, just rest him for some of the 16-ish minutes of Randle-Gobert you'll see per game. Rotations are a thing.

Above all, I think people are underestimating the shot creation/ playmaking Donte and Randle give to the Wolves. I think the starting lineup might be Ant, Donte, Jaden, Randle, Gobert. With Conley or possibly Rob getting near starter minutes off the bench. 

With all that being said, I don't see the Wolves resigning NAW after bringing in TSJ and Donte. Which is not too great since he plays really well against Shai. But then again Donte is quite a bit better, Tim Connelly knows what he's doing. "
159,Paying the 2nd apron for 1-2 years is not the end of the world. ,"Some of my friends were fretting over the 2nd apron and said the Wolves are ""borderline crippling their future"" because of it. Investing in a championship contender (or a team who can make deep runs at the least) is huge for Ant's development and will make him a better player in the future. Is it just me, or are people really making it seem like the end of the world? It's not. Yes, I say this even with them possibly repeating in the 2nd year.

In broad terms, 2nd apron means you can't use the MLE, combine salaries in trades, and it freezes their draft pick 7 years out if they want to make a trade. But if a FO is locked into the roster and want to improve through internal development and continuity, they aren't looking to make big trades and sign FAs with the MLE anyway. Whether that is a good idea is to be seen.

If they're in the 2nd apron *for 3 years,* then it also moves that draft pick 7 years out to #30. I think they'll avoid the 3 year repeat since Conley's 2 year contract ends and they can sign Rudy to a longer, cheaper deal or let him go.

Once they are out of the 2nd apron (say after 1-2 years or in 2026), the MLE and trade penalties don't hold anymore -  can go back to combining salaries or using cash in a trade and can use the MLE again. I really think people are making it out to be the end of the world when it's not (esp if it's just for 1-2 years). Plus, Wolves FO just brought in Michael Bloomberg, the 13th richest person in the world and **the ownership groups** [**said on record that they are committed to paying the tax for 24-25** ***and beyond*** **if Tim Connelly recommends that.**](https://www.yardbarker.com/nba/articles/big_investor_to_join_wolves_ownership_group_led_by_marc_lore_alex_rodriguez/s1_14822_40451288)

Almost all championship contending teams pay the 2nd apron, this is not unique to the Wolves. My motto has been to sit back, watch the fun basketball and let the GMs do their job. If a year from now, Tim Connelly believes paying the 2nd apron for another year is a good idea and the owners said they are committed to do so, then great! What's the problem? Just enjoy the fun basketball, it's been a long time coming for us."
160,What does Finch actually do?,"The Thunder go on a 34-8 run to close the 3rd quarter, essentially killing our chances of winning the game. During that time there was a single timeout called at the 6:35 mark after the Thunder go on a 10-0 run, in which the exact same lineup stays in the game. They then proceed to make a cocophany of mistakes in a row resulting in lots of easy points for the Thunder, while we had to work our ass off for every single point.

Even then, whatever, there isnt any guarantee that even with the timeouts it would do anything or change anything, still very annoying that he didnt even attempt anything.

Regardless the main issue is the insane amount of flaws we have as a team:

\- There is no way Finch is instructing Rudy to screen for Ant in every play literally inviting the free double team at all times. Ant does not need a screen, let the Thunder double him in the halfcourt if they want to and force them to leave someone they dont want open.

\- The players stand around the 3pt line mostly still. Ant is massively guilty of this, but there is very very little movement or action being ran off-ball. We will go possessions at a time of Ant dribbling the basketball with everyone staring. 

\- Why dont we adjust our defensive coverages? Shai goes for 40+ points in ridiculous efficiency and he barely sees a hard double? We've done this all the time this season, where we refuse to sag off someone like Cason Wallace or Jaylin Williams who arent good shooters. Shai is the best 1v1 player in the NBA behind Jokic, we cant play him 1v1. 

\- I also dont understand the necessity of overplaying certain lineups which dont work. We go into the 3rd up 6 and the starting 5 is on the court, who have been playing some terrible basketball, stay together until 6 minutes in, in which they completely bleed value and would have killed us even more were it not for Conley's huge 3 straight 3s.

This game was terrible from our coach and as a whole, the amount of mistakes we made were really rough. "
161,The state of this team right now.,"Negatives:

1. Finch might be a great development coach that can turn a team a contender, but he is not the coach that can get this team a ring. His fetish for old players is disgusting at this point. Tim Connelly drafted 3 good talents that fit the blueprint of this team and it took us HALF THE SEASON to get the Clark Revelation, thanks for wasting Ant's time.

2. The Luka Garza project is over, seeing him bully and score in garbage hours is funny, but in actual NBA minutes he has awful impact on the floor.

3. NAW is suffering from the Westbrook effect, it's obvious that he is doing his best to get a good contract value, but he puts way too much efforts it just leads to him fouling or pooting too much force in his shots and bricking every layup. 

4. We still have no idea what TSJ can do, though in my opinion he's not gonna be as good as his g-league numbers. 

5. I like Mike Conley but it's time to pack it up old man. This shit is just painful to watch.

  
Positives:

1. Despite the lategame performance, McDaniels has been developing better as the third/fourth offensive output of this team. 

2. Despite him playing sick, ANT clearly has more room for development.

3. Rob Dillingham is great, the direction of his development can only go up the more he gets minutes.

3. Jaylen Clark has been the best surprise of this season so far, his offensive output has questionable. He is the third best defender of the team and insanely reliable and disciplined on defense. 

  
I lowkey hope this team gets a retool and go younger in it's roster to fit around Ant."
162,Overreacting,"A lot of people ready to push the button and make trades it seems, which is exactly what it sounded like when we traded for Gobert. We have all the talent in the world on our team, just not clicking and it seems most our problems stem from bad mindsets and not cooperating with each other. Also a lot of blame on Finchy, but what is he supposed to do when his players shoot 20 percent in the clutch? The Tim Connelly experience seems to consist of risky moves that look horrible at first but end up working out, and I sure hope that’s what happens in this case. Overall, if Connelly forces a trade to get Donte, Randle, or any of your scapegoats off the roster, I think that’s the wrong move and overreacting is not going to solve anything. "
163,Robert Dillingham 2023-24 Season Highlights,
164,Ant-Randle combo,"One of the early surprises of the season for me is how well Randle and Ant play off of each other, and in turn present major problems for opposing defenses. I can count on one hand the guys that actually give Ant trouble defensively. Now if you put your strongest defender on Ant, Randle will have a mismatch he can bully and put in the basket.

Really curious to see how Dallas defends us tonight. PJ Washington's a decent defender, but is Luka gonna stick with Randle then? Klay?

The bar is low because Ant and KAT never quite played off of each other in a consistently effective way, but I really love what I'm seeing early on from our 1 and 2 on offense."
165,Calling it now - Jaden McDaniels will win the 2025-2026 MIP," \- Randle will be gone and so Jaden moves to his natural 4 position more which will increase his counting stats which is ther most basic way the award is won

 \- I'll assume no more Tim Connelly last second shenanigans of a trade that disrupts Finch's plans to expand Jaden's role like he planned this year.

 \- KG comes back to the team in any capacity and you tell me who most resembles an All Defense, wiry, competitive AF with a killer mid range that existed. The KG and Jaden mentorship will unlock Jaden's Super Saiyan 4 form."
166,"""Fire Finch"" ","Finch right now is the least of our problems. Blame the CBA all you want we got a front office issue. I say it everyday on twitter and to every wolves fan like a broken record. Tim Connelly has not made any good trades outside of the DLo trade and even his free agent signings have been garbage. Rosas was a great GM and basically built every good piece that made us a contender. Drafted McDaniels, Ant, signed Naz. He managed our team great. I do not believe in the Gobert trade at any point was a win I know that sounds crazy even when we made the WCF last year. I personally was never a huge believer in the thought of double bigs but made peace with it and it worked out pretty well towards the end of the year. Anyways my point is we traded a bigger package then what Donovan Mitchell who is younger and better then Rudy. Essentially we went all in when Ant is not in his prime and we basically got 2 years out of Gobert. 

We rushed Ants timeline, as much as goberts fans will tell you that Gobert is still a good center his defensive play has not been good enough to offset his offensive liabilities and its really really showing this year which could be due to his age. And obviously the KAT trade was horrible thankfully nobody on here for the most part will disagree with me there. I know this post is all over the place but the point I'm trying to get to was which alot of people seem to forget, The season before we hired TC and blew up our team and future our team was on a great trajectory we figured out a way for the first time in KATs career to have a great defense we were I believe top 10ish in D playing a scramble style defense. And we should have beat memphis in the first round but Dlo happened haha. I don't think this current team we have now is better then that team. So I believe Tim Connelly failed us as a GM wanted to make big moves without looking ahead rushed our timeline and I do not believe will win a championship in Ants tenure on the Wolves anymore. Downvote me all you want but I just don't believe in this team until our GM is fired. Meanwhile Rosas is a advisor for the Knicks according to Stephen A Smith he facilitated getting brunson and was the main person who almost got Mitchell to NY. And I'm assuming he had something to do with the KAT trade. I seriously think we would have been in a great position if Rosas would have kept it in his pants so we could have avoided signing this domestic terrorist Tim Connelly"
167,Wolves rookie Jaylen Clark (who ruptured his Achilles in March ‘23) posts video of himself in full speed 5 on 5 scrimmage,"Pretty much no chance (or need) for him to be ready to play games this year, but exciting to think the Timberwolves will be adding a former Pac-12 Defensive Player of the Year and finalist for the Naismith Men's Defensive Player of the Year to this already stacked defense. 

Clark was named the Pac-12 Defensive Player of the Year after averaging 13 points, six rebounds, 2.6 steals and 1.9 assists in 30 games as a junior. He finished sixth in the country in steals per game, second in defensive box plus-minus (plus-6.7) and 12th in defensive win shares (2.7).

Tim Connelly: “We’re super excited about Jaylen Clark. We had him as a high first-round grade all year. Unfortunately, he had the injury. We think there is no better wing defender in the draft. I think he brings an aggression, toughness and intelligence that allows guys like that to make it.”"
168,I'm straight up not having a good time,How the fuck are we 3 games behind the Lakers who have ZERO perimeter defense (okay a washed Gabe Vincent). This is fucking sad. The wolves should have been prepared to play the warriors and their scheme. We did play them a week ago.
169,Clark's The Next Ron Artest,"I'm convinced of it. Not from a mental maturity standpoint...he's probably well ahead of Ron Artest already, but from the way his game is, I feel like that's a pretty realistic comp. 

Clark is undersized at 6-4 but is thick and strong and plays bigger than his size much the way Artest did at 6-7 where he could lock up both guards and forwards. Plus they have similar offensive games - splash hustle plays and both dudes are sneaky good offensively, though known for defense. 

Tim Connelly has drafted some dawgs but the roster's so stacked they don't get minutes. The future is so bright with this team. I love it. "
170,Who would you like to see us target in the trade market this off season?,"I’m not too well versed in the wolves finances but I do know it’s slightly fucked heading into the season. However, Tim Connelly will probably be looking to fine tune this machine as the season progresses. Who would you prefer to see him target? I really wanna see us go after Malcom Brogdon but I don’t like how he’s also on his last year of his contract and don’t know if we can afford him"
171,[Moore] Connelly says Dillingham will be in the rotation from Day 1:,https://x.com/danemoorenba/status/1806184485223878842?s=46
172,2024 Free Agency Primer,"Wanted to do a quick primer on our Free Agency situation and have everything in one place before things kickoff tomorrow, since the new CBA 2nd Apron restrictions have made things kind of tricky.



**CURRENT ROSTER**

**PG:** Mike Conley | Rob Dillingham

**SG:** Ant | Nickeil Alexander Walker | PJ Dozier

**SF:** Jaden | Joe Ingles | TSJ | Minott

**PF:** KAT |  Naz Reid | Leonard Miller

**C:** Rudy | Luka Garza


**2WAY Contracts:** Jaylen Clark | Jesse Edwards (non-guaranteed) | Dashien Nix


We’ve got ~~11~~ 14 of our 15 roster spots secured, and currently are using 3 of our 3 Two Way contracts.

Due to the 2nd Apron Restrictions, we’re only able to offer Veteran’s Minimum and Minimum contracts to free agents to fill out the rest of the roster with free agents. We are allowed to go above that with re-signing our own guys however.



**OUTGOING FREE AGENTS**

**RFA:** ~~Luka Garza~~ | ~~Dashien Nix~~

**UFA:** ~~Slo-mo~~ | ~~Monte Morris~~ | ~~JMac~~


Tim Connelly has said he’d like to bring everybody back if possible, and I’m all for it considering they’d have to be replaced by guys on the veteran’s minimum, but it’ll all depend on what other teams are willing to offer, since we pay a heavy tax penalty to match or compete in terms of negotiating salaries.

Technically we can match offers on ~~Luka and~~ Nix, however with the 2nd apron restrictions, our ability to do so is heavily mitigated. Probably not a concern with Nix, ~~but Luka could draw interest from a team with cap space and a rotation spot for him like Detroit.~~



**FREE AGENCY NEEDS:**

~~Backup PG~~ (Update: We signed PJ Dozier and re-signed Nix to a 2 Way)
~~Backup C~~ (Update: We re-signed Garzilla)

We’re flush with Wings at the moment, and the only real areas of concern are forcing NAZ to be our only Big off the bench, and whether or not we want to throw Dilly right into the fire as the sole backup PG. Both Naz and Rob are completely capable of those roles, so it’s just about whether or not we want to have more flexibility with lineups and let those guys play in roles they’re more comfortable with versus have to ask them to fill very specific needs.

Obviously we could fill both of our current free agency needs by re-signing Garza and JMac, but as much as I love the continuity (and also I LOVE Luka Garza), their strengths kind of became redundant with the drafting of Dillingham and TSJ. 

We’ve got a plethora of scoring off the bench now by picking up two spark plugs in the draft. We kind of need defense-forward players in rounding out the roster to offset that, and also need more veteran presence around given how young our squad is.

I’d love pesky veteran floor general at PG to allow Rob to play some SG and just focus on scoring. I’d also love to re-sign Kyle and have him continue being a ball-handler option for the 2nd unit.



**FREE AGENCY TARGETS:**

In addition to re-signing our own guys, here’s some other dudes who I think could be good fits and *may* end up in our (heavily restricted) price range:

**Backup PG:** Pat Bev | De’Anthony Melton |  Delon Wright

**Backup C:** Daniel Theis | Javale McGee | Deandre Jordan | Thad Young

Would love Luke Kennard or Joe Ingles if they were available at our price range as well, but I doubt they will be.

Ultimately, we’re really only looking at probably one rotation guy in filling out the roster, and the rest of our signings will likely be end of bench mob guys, but I think team chemistry and bench vibes are severely underrated, so I’m hoping we can get some solid dudes despite our cap restrictions.


What do ya’ll think? Who do you want when Free Agency negotiations kicks off tomorrow.

Edit: formatting. Also, let me know if I missed anything re: 2nd apron restrictions, etc. 

2nd Edit: I stand corrected, we CAN go over the min on re-signing our guys. So that’s good news!

3rd update: We re-signed Luka!! 🤠 [Source](https://x.com/wojespn/status/1807797591599399154)

4th Update: We signed Joe Ingles and PJ Dozier and re-signed Nix to a 2 Way, so we’re at 14 out of 15 spots rostered and will most likely keep the final spot open going into the season."
173,I'm officially a Julius Randle fan!,"Didn't like the trade at first. But Tim Connelly made me a Rudy Gobert fan, so I am officially a Julius Randle fan! He is a fricken dawg! Scratch that, he is a wolf 🐺 Let's go Wolves!"
174,"Some numbers showing Rudy's effect on the offense, changes that could be made, and the similarities between Anthony Edwards and Donovan Mitchell.","That post about Ant's 2pt efficiency got me thinking about how much our lineups are responsible. There's a lot of possible reasons behind his regression, of course - we lost the best spacing big in the NBA, we added Julius Randle, Rudy Gobert became worse, Jaden and Conley have struggled majorly to start the year... but the most obvious culprit for our spacing woes comes from Rudy - that's undeniable.

So out of curiosity, I looked at another talented shooting guard that has had experience both with Rudy and without Rudy and compared the numbers to see how his scoring at the rim changed. Donovan Mitchell is on a fantastic run right now, first seed in the east, potentially contending for a ring, but he was also once in a very similar boat to Ant - contending for the top seed in the west, flaming out in the playoffs, and playing with a struggling team the season after a solid postseason.

Here are his shooting numbers around the rim with Rudy and without Rudy.

|Distance|FG% With Utah|FG% With Cleveland|
|:-|:-|:-|
|0-3 Feet|63.7%|67.6%|
|3-10 Feet|40.3%|49.5%|

Now if you want to chalk that up to his efficiency improving with experience, absolutely be my guest. But it's worth noting that he's shooting at the rim at the same volume with both organizations (around 19% of his shots) and his three-point volume has gone up by around 6% with Cleveland, spacing the floor a bit more. He has cut down on floaters and short mid-ranges by quite a bit, too.

I thought it's also worth checking out how much Ant's shot profile has changed with Rudy, who joined in the 2022-2023 season.

|Distance|2020-2021|2021-2022|2022-2023|2023-2024|2024-2025|
|:-|:-|:-|:-|:-|:-|
|0-3 Feet|30.6%|28.2%|29.5%|22.8%|15.6%|
|3P|42.9%|48.4%|37.5%|34.1%|48.5%|

As you can see, there's been a sharp decline of shots at the rim, and despite what the eye test seems to say, he is taking a comparable amount of threes this year relative to how he played before Rudy joined the team. Obviously, the volume is up a bit, but Ant came into the league shooting his ass off (just with worse efficiency.) He shot 8.4 3FGA per game in his sophomore season compared to 9.8 this year.

Now Rudy obviously does hurt spacing, but he's not the only big in the league that can't shoot, and plenty of teams make it work. Dallas last year, the Suns with Ayton in 2021 - all made it to the finals without a spacing center. But they didn't win either, so whether or not it's a mandatory requirement for a champ these days remains to be seen.

Yet at the end of the day, our offense looks like shit. And that's not just Rudy's fault. So, I looked at lineup net ratings to see if the numbers matched the eye test. I just went with the top 3 most used by minutes.

|Lineup|Points (Net)|eFG%|
|:-|:-|:-|
|Conley/Ant/Jaden/Randle/Rudy|\-0.5|\+.015|
|DDV/Ant/Jaden/Randle/Rudy|\-2.3|\+.017|
|DDV/Ant/NAW/Randle/Naz|\+20.8|\+.111|

As you can see, our efficiency goes through the roof with the lineup swapping Naz and Rudy. However, it could also be because we're swapping Jaden and NAW. There are so many variables here, including a solid lineup of NAW/Ant/Jaden/Randle/Rudy(+12.4 in 102 minutes) and an extremely positive lineup of DDV/Ant/NAW/Rudy/Reid (+15.0 in 89 minutes)

With that somewhat vague data in mind, I looked at the most used 4-man lineups that swapped out Rudy and Naz at the center spot.

|Lineup|Points (Net)|eFG%|
|:-|:-|:-|
|Ant/Jaden/Randle/Rudy|\+1.0|\+.018|
|Conley/Ant/Jaden/Rudy|\+3.3|\+.027|
|Conley/Ant/Randle/Rudy|\+1.8|\+.021|

Fairly solid. Not great - going to create a lot of close games with numbers like that, as we've seen.

Now Naz.

|Lineup|Points (Net)|eFG%|
|:-|:-|:-|
|DDV/Ant/NAW/Naz|\+15.8|\+.093|
|Ant/NAW/Randle/Naz|\+14.5|\+.076|
|DDV/Ant/Randle/Naz|\+12.3|\+.057|

The sheer jump in offensive efficiency with Naz out there over Rudy is insane. Today's game is all about pace and space, and you don't get better than this: they shoot more threes at a higher clip, get more assists, and generally are more efficient everywhere on the floor.

Now I don't think Rudy alone is the problem. He has obviously underperformed this season both offensively and defensively, but we've proven that we can win with him. That said, he's been a liability this year. I'm not going to start shouting ""Trade Rudy for a bag of chips!"" or anything like that, but the lineups we're using clearly aren't working. Rudy and Randle do not play well together yet and adding other struggling shooters like Jaden and Mike to the mix allows the defense to completely swarm Ant and take away the best parts of his game. Hopefully Jaden and Mike are indeed turning a corner after last night's game, but I still think staggering Randle and Rudy's minutes better would do wonders for this lineup.

Naz needs more minutes, period. He is the key to this offense and if we let him walk to keep Randle, this team will have completely lost any bit of good will this franchise has left. And if Rudy doesn't get his defensive mojo back, the best thing the franchise can do is find a way to move on, no matter how dumb it makes Tim Connelly look, because the alternative is wasting Ant's time in Minnesota, stifling his growth, and risk watching him become another KG or KAT.

All stats were pulled from Basketball Reference using the ""Shooting"" and ""Lineup"" Fields."
175,"[Dane Moore] Jaylen Clark on playing his first two basketball games in over a year, and the process of building back after his achilles injury:","""(The first game) was like a surreal feeling. I was telling all the coaches that even though I didn’t do much, it took like three quarters to realize that I’m really out there playing. I was just out there smiling and running up and down and then I was like, 'OK bro, now you gotta do something now.' So two days ago was me just taking it all in, today I told the coaches I’m good I’m locked in and I’m ready to go. I came in here with a mission I made a bet with one of the coaches that I would get more than five steals. I felt like I had more six but we’ll leave it up to their discretion.""

What’s the last year been like?

""I think the thing that’s made it the hardest is that no one has seen my progress. So I go places and everybody asks me a million questions and try to assume and guess but it’s been a great year, bro. I don’t regret anything that happened – if I don’t tear my achilles, I don’t think I’m in Minnesota currently at this moment. So everything happens for a reason. I’m happy Tim Connelly and them took a chance on me and I’m very grateful to be here in Summer League. It’s a great group. Summer League group is great. Real team back at home is great. And the guys in Iowa are great. So it’s just a great overall organization."""
176,Rob Dillingham: A Spark of Potential for the Timberwolves,"I am so excited about Rob! Still can't believe Conley pulled off this trade on draft Night. [Rob is awesome.](https://www.ignytlearning.com/blog/rob-dillingham-a-spark-of-potential-for-the-timberwolves)

  
1. He can shoot 44% from 3's in college

2. Handles is crazy nice, Mr. Shifty 

3. He can score on all levels "
177,"[Woj] New NBA salary cap is: $140,588,000, Luxury Tax: $170,814,000, First Apron: $178,132,000, Second Apron: $188,931,000",
178,Poverty ,Please tell me the timberwolves are gonna make a trade before the trade deadline 
179,"[Shelburne] The Knicks-Timberwolves-Hornets trade involving Julius Randle, Karl-Anthony Towns and Donte DiVincenzo is still on track, but not completed yet. The expectation is early this week, sources tell ESPN, which means the players involved will not be at media day as camps start to open Monday.",
180,Does it mean anything that TC is with the team on this road trip? ,"Legitimate question of what the title says - not sure if this is dumb question, but I saw that Tim Connelly is with the team right now on the Christmas road trip and wonder if that is unusual? Of course, the optimist in me hopes it means he's actively trying to make deals and wants to be with the team in case he has to notify a player of a trade/welcome the new guy(s). But maybe it's completely normal. Anybody  know how common?"
181,"Julius Randle Highlights | Timberwolves vs Kings 10.25.24 | 33 Points, 5 Rebounds, 4 Assists, 13/17 FG, 5/6 3PT, 2/3 FT, -3 in 35 minutes",
182,Why the Wolves Won,"I'll preface this by saying Im no basketball genius and Ill be saying things you've probably read 10 times but i wanted to get these thoughts off anyway. I liked Kat, didnt love him, but my immediate reaction to the trade was not positive. Mainly because I didnt watch a ton of Knicks basketball and didnt know Randle or DDV in a nuanced way. I've since done hours of sophisticated youtube research to flip my opinion and Im once again very happy with Tim Connelly. Im also a newly branded knicks fan. Would love to see them in the finals.

First the Kat piece:

Great player (top 30) with undeniable flaws and a gigantic contract. We all know that. I dont think injury prone when I think of him but there is a mounting concern there. Also dont know what his meniscus surgery looked like. If they shaved a small piece down or if he had something like a bucket handle tear and they removed a large chunk. Either way, 30 year old 7ft basketball player with missing meniscus warrants at least a little concern. I dont think hes soft like a lot of people say. Hes competitive and plays hard. Hes just not a big bruiser. My issue with him has always been his decision making and his inability to improve it. Ill never understand it. Stupid fouls, playing outside himself, and lack of emotional control frustrated the hell out of me. I wont miss that but he was a genuinely great person who embraced Minnesota so its very much bitter sweet to see him go. I admit i do prefer Naz moving forward. Younger, still getting better, quicker release, cheaper, and a much better demeanor. 

The knicks pieces:

DDV is such a good get. Like stupid good. What a great skillset to bring in off the bench and one of the best assets in the league. If Connelly ever wanted to go big game hunting he could be a deciding piece. In the meantime hes going to hit a ton of 3s for us and play defense. Hes got that quick release that makes him a threat on any catch. I cant help but think he will feast with Ant getting defenses in rotation. We have two legit 6th man of the year candidates. Its incredibly unique and makes us formidable.

Im surprised how much I've turned into thinking Randle is going to fit in great. I think one our biggest weaknesses was play making outside of Ant. Ant was exhausted in some of those games because he was the only guy who could beat his man and create. Enter Randle. A bully who can create for himself and others. He can help shoulder that load, get a bucket, find open shooters, and even kick to an open Ant who can hit a three or attack a close out. Finch and Connelly know what they're doing they wouldnt make this trade if it meant we couldnt contend. Ill believe the spacing concerns with him and Gobert when i see it. There not going to leave him wide open like they did slowmo. Good luck leaving randle in a position to hit an open jumper or attack of the dribble. Hes an absolute threat on offense and will be treated as such. A motivated competitive player in a contract year. Great locker room guy from all accounts. A true professional. Im excited to watch him fit in. Dont be surprised by growing pains initially as they learn to play with eachother. This team will be ready when it counts.

The money:

The wolves were in absolute cap hell. We were so strapped that the only way we could afford a desperately needed play maker was Connelly exploiting a loop hole and trading for the draft rights to Dillingham. It was only going to get worse. Naz and Naw would be unaffordable and our strength of roster depth evaporates over night. Towns could've easily become untradable. I dont think some you appreciate how dire things could have looked in 2 years. Keeping Kat was a serious financial risk that no longer looms over us. Instead Connelly has flexibility and is able to retain our guys.

Very long story short. This trade, in my humble opinion, was excellent. A Connelly master class. He flipped towns to a team desperate for a center, for max value, and got exactly what we needed back: playmaking, 3pt shooting, and cap relief.

I love the roster and cant wait to get this thing rolling!"
183,"Mediocre roster, no cap space and no draft picks.",Looks like the franchise who's only noteworthy impact on the NBA is wasting the majority of Kevin Garnett's career is going to continue being the carbon neutral basketball team for the foreseeable future. Doing nothing and changing nothing.
184,Should Mika Nori be the head coach?,"Choose an option

[View Poll](https://www.reddit.com/poll/1hjr2ro)"
185,That’s it. Rebuild the entire team from scratch.,"I’ve lost faith in Tim Connelly. He knows nothing about building championship winning teams.

Fire Chris Finch.

Trade Randle and DDV back to New York for KAT.

Mike Conley is washed.

Am I missing anything?


"
186,please fix wolves,
187,Anthony Edwards' Brutal Honesty is Exactly What This Team Needs Right Now,"I'm really glad Anthony Edwards had the guts to tell the public how bad things have gotten in the locker room right now. This level of criticism of the team's dynamic from your franchise player can not go unnoticed by Tim Connelly. Changes have to be made, and Ant's comments prevent the front office from pretending everything is okay and saying ""we wanted to allow more time for chemistry to develop"" or whatever bullshit excuse a POBO would use to justify inaction when action is required. Ant's brutal honesty can be the catalyst for positive change, and I love it. We should support him even more for that reason."
188,Timberwolves lose nothing of value and take a chance on a young small forward with upside. NAW trade 2.0?,"Timberwolves make a move on the margins by trading for Bucks SF MarJon Beauchamp, who has more offensive upside than Josh Minott and Wendell Moore Jr. Beauchamp hasn't been a regular rotation player for the Bucks, but he's been productive for the Wisconsin Herd in the G League averaging 22 PPG on 64% TS. 

In this trade, the Bucks get a 2nd round pick for taking salary filler. Minnesota should do this trade because their backup SF is T.J. Warren, and Tim Connelly likes taking low risk, high reward chances on young role players like Nickeil Alexander-Walker. 

Worst case scenario, Beauchamp never really develops and we lose a worthless 2029 draft pick and two guys who don't contribute. Best case scenario, Beauchamp becomes a valuable rotation player for the Timberwolves and fans look back at this as one of Tim Connelly's best moves.

Thoughts on this mock trade?"
189,"When Kyle Anderson leaves in FA, who is most likely to take his place in the rotation?","

[View Poll](https://www.reddit.com/poll/1cgft9m)"
