,Title,Content
0,Rebounding Appreciation Post: Full Commitment leads to Technical Mastery ,"As mad as I am about the free throw problems and the occasional, but not constant, turnover issue - I am so impressed with the entire organization’s commitment to rebounding this season.

I wouldn’t be surprised if Mike Dunleavy runs rebounding drills in between front office meetings with president, Brandon Schneider.

We are on a “put the league on notice” revenge campaign. This squad’s commitment to rebounding is translating into technical mastery… and if we can make some more free throws, the dubs will be impossible to stop. 

Image credit: Warriorsnationcp

IG:  https://www.instagram.com/p/DCQv5cwsq1F/?igsh=MzRlODBiNWFlZA==
"
1,"[Kawakami] ""Very notable scene minutes after the Warriors' horrible loss last night in a hallway as reporters walked by: 

Joe Lacob and Mike Dunleavy Jr. in a deep conversation. Lacob was doing most of the talking. They meet after games all the time. But not usually right where we walk by.""",
2,Mike Dunleavy Jr right now,
3,[Emerman] Mike Dunleavy Jr: “We know clearly what this team was: it wasn’t good enough.” Warriors can move forward with that clarity.,
4,You are Mike Dunleavy Jr. How would you approach the trade deadline?,"Assuming that until the deadline
- we have no further significant injuries
- we continue to play just above .500 ball
- Jonathan Kuminga continues to show what he’s shown in the last 3 games (avg 22 points, 5 rebounds, 2 assists per game)
- edit: it’s been pointed out that it’s not possible to use Melton’s disabled player exception (dpe) if we trade him, s that’s off the table as far as I‘m concerned.

… what is your approach?

As I see it the high-level choices are

A) Ride with Kuminga as the future of the organization knowing we‘ll have to pay him ~$35mil/ yr starting next year and make a smaller move including Melton’s expiring contract for a trade up to ~$15 mil.

B) Ride with Kuminga as the future of the organization knowing we‘ll have to pay him ~$35mil/ yr starting next year and make some small to medium moves including Melton’s expiring contract and some other pieces for trades with contract value up to ~$25 mil.

C) Ride with Kuminga as the future of the organization knowing we‘ll have to pay him ~$35mil/ yr starting next year and make a more significant move including Wiggins, Melton’s expiring contract, and probably other players in the $38-47 mil range.

D) Leverage Kuminga’s value now and trade him but keep the rest of the team largely intact 
for trade values up to ~$20 mil (including Melton’s expiring contract.

E) Leverage Kuminga’s value now and trade him and multiple other players and Melton’s expiring contract for trade values up to ~$35 mil.

F) Go all in. Trade Kuminga, Wiggins, Melton’s contract, and multiple other players and picks for a max contract ~$48 mil (Lebron, Jimmy Butler, Levine).

I know this is over-simplified, but I’m just curious where everyone is leaning. Any moves you would have in mind? What’s your rationale?
"
5,"[95.7] Mike Dunleavy Jr. says Moses Moody hasn't played as much as Warriors want: ""He probably hasn't played as much as we'd like. So that'll be something we'll look at. I think it's really important coming into year four for him that there is some reasonable playing time available.""",
6,"[Slater] The Warriors now have $139.6 million committed to Steph Curry, Jimmy Butler and Draymond Green next season. Mike Dunleavy Jr: “We’ve picked a path.” (0:56)",
7,[KNBR] “I think Joe Lacob and Mike Dunleavy Jr. are very very intent on making something happen. They are not a ‘let’s just cut the salary and we’re happy’ kind of franchise.”   -@timkawakami on the Dubs’ outlook for the rest of the offseason.,Find you someone that’s as loyal to you as TK is to Lacob. Can’t do anything but laugh at this point 
8,"An In-depth Look Behind-the-scenes behind all the Offseason moves (and attempted moves) & the Vocal Support of Mike Dunleavy Jr ft quotes from Steph Curry, Draymond Green, Steve Kerr, & Joe Lacob via Slater - “Inside Mike Dunleavy Jr.’s second season and the Warriors’ chase for the next big fish”","[Source Article by The Athletic's Anthony Slater - ""Inside Mike Dunleavy Jr.’s second season and the Warriors’ chase for the next big fish""](https://www.nytimes.com/athletic/5841720/2024/10/22/warriors-mike-dunleavy-steph-curry-nba)

&nbsp;
&nbsp; 
&nbsp; 


## Inside the Attempted Paul George Trade:

**Background**:

> **Dunleavy — now the Warriors general manager — “led the charge” on the George recruitment, according to Stephen Curry**. He hatched the idea and handled all the logistics to get George, Curry, Green, Steve Kerr and other necessary power players together in Los Angeles to pitch George on coming to San Francisco...The Warriors would argue that the Clippers miscalculated George’s true desire to leave until it was too late and boxed out Golden State in the process. There remains fading frustration.

**Quotes**:

*Draymond*
> “He was very persistent (in) making the date work,” Green said. “He did the job. Paul George wanted to come here. So shoutout to Mike. The Clippers just wouldn’t do (an opt-in and trade).”

*Steph*
> “Let’s keep it real,” Curry said. “Most teams are probably not going to want to help us.”

&nbsp; 

## Lauri Markannen trade was part of Plan A (Acquiring both PG + Lauri), but not getting Paul George made it harder:

**Background**:

> When Dunleavy laid out the blueprint to Curry and Green, Utah Jazz forward Lauri Markkanen wasn’t Plan B. He was a subsection of Plan A. The Warriors wanted both wings — believing George’s opt-out threat would allow them to protect the required assets to entice Utah Jazz CEO Danny Ainge, and Markkanen’s reasonable $18 million returning salary could make the financials work.

>**If George had been in tow, perhaps the Warriors would’ve unloaded everything left in the cupboard for Markkanen — all the first-rounders, second-rounders, swaps and young players the Jazz requested. Contention would’ve been a reasonable expectation. But without George, it’s clear the Warriors didn’t like the price considering the return on investment**. That’s what Dunleavy relayed to Kerr in that pre-free-agency meeting at Casa Del Mar.

**Quotes**:

*Draymond*
> “The conversation was always about that possibility,” Green said. “You get both of those guys, you make a huge splash. But the **Clippers weren’t really willing to play ball. Then Danny Ainge was being Danny Ainge.**”

*Kerr*
> “Mike is very sensible,” Kerr said. “He just said to me, ‘It doesn’t make sense to sell your entire future for a team that you think can be pretty good, but isn’t awesome, right?’ Especially at this stage with the ages of our stars.”

*Lacob*
> “Well, here’s the issue,” Lacob said. “You’ve heard me say and you’ve heard him say: Making trades is really hard in this league. And often you have to overpay. We know that. But when you say all in, I mean in one of the situations that was a trade that you’re alluding to, ALL IN (All the firsts, seconds, swaps, Brandin Podziemski, Jonathan Kuminga and Moses Moody) should have been in capital letters. So that term is important. It’s not just a term. That was something we tried hard to do. If you’re going to get the guy you want, you can do that. We’ve done it before. We did it with (Kevin Durant). We had to gut half the roster if you recall. **So if it’s the right move, we’re willing to go quote ‘capital A capital L capital L’ all in. But you can only do that once, so you’d better be right.**”

&nbsp; 

## Brief Look behind the FA strategy meeting + Wanted to turn departing Klay+CP3 => Kyle Anderson & co:

> The Warriors front office was gathered in a meeting room at Hotel Casa Del Mar. They’d missed out on George. They’d already been informed of Klay Thompson’s pending departure. They didn’t like anything available for Chris Paul’s dissolving salary. Dunleavy pulled Kerr to the side in the middle of the meeting. He pointed toward the top portion of their free agency board.

>“Look, Kyle Anderson’s a hell of a player,” Kerr remembered Dunleavy telling him. “We should turn our sights on him and a couple of these other guys, turn our cap space and flexibility into good players and let it sort out from there.”


&nbsp;

## Warriors FO discussed a KAT Trade but didn't have the Knicks' package the Wolves wanted:

> In the last couple of months, the **Warriors and Minnesota Timberwolves had a conversation about Karl Anthony-Towns,** league sources said, but it didn’t go anywhere. The **Timberwolves targeted a specific package from the New York Knicks** that the Warriors didn’t possess.

&nbsp;

## Kerr talking about how Dunleavy Jr talked to him about shaking up the coaching staff:

**Background**:

> One of Dunleavy’s better leadership qualities, according to Kerr, is his ability to have a difficult conversation when necessary. He used an example from the summer. The front office felt that Kerr needed to shake up his coaching staff...The **Warriors hired Jerry Stackhouse and Terry Stotts. Stackhouse was a Dunleavy connection and suggestion**. His NBA Rolodex is deep. The early returns on both have been positive.

**Quotes**:

*Kerr*
> “He comes from a place of humility and respect,” Kerr said. “Respecting what we’ve done, what our other coaches have done. But he’s also not afraid to say: ‘Hey, look, we’ve lost Mike Brown, we’ve lost Kenny (Atkinson). We don’t have a former player on the staff anymore after losing Willie Green and (Leandro Barbosa).’ He’s not afraid to say the truth.”

*MDJ*
> “You’re taking in everybody’s opinions,” Dunleavy said. “Steve’s. The staff’s. The players’. Joe’s. I’m not including those guys because I have to. I’m including them because I value their opinion.”


&nbsp;

## MDJ involves & informs Steph about every move + Steph & Draymond being Melton fans:

> Perhaps the most difficult — or at least most delicate — conversations of Dunleavy’s summer came with Curry. 

> **Dunleavy plotted the George recruitment with Curry. He kept him up to date on any material Markkanen development. They discussed other names that both agreed didn’t move the needle**. Curry and Green have always been De’Anthony Melton fans. Melton said the Warriors’ front office was in his agent’s office within 20 minutes of free agency starting.

> Don’t mistake Curry’s understanding with a lack of urgency. **He’s still in a sturdy alliance with the organization because he trusts Dunleavy similar to how he trusted Myers** and he’s been led to believe that they will strike —  using future picks and other necessary sacrifices — to maximize the next couple of seasons if the right trade materializes.

*Quotes*:

*Steph*
> “He’s just honest,” Curry said of Dunleavy. “The same way Bob was. I always say I just want to see effort and an aggressive nature.”


> “Yeah, but nobody knows what that means (*maximize the next couple of seasons via right trade*) until there’s an opportunity or you assess what this team is,” Curry said.

> “I just think the biggest thing for me is, as a player, when you’re dealing with a GM, there are material moments throughout the year that you want to have an alignment,” Curry said. “Come New Year, I may have a check-in. Come trade deadline, I might have a check-in. Come offseason, **I have a check-in. The rest of the time it’s his job to go maintain relationships and keep an eye on the league. It’s my job to go hoop.**”

>...

> “It’s a tough job. I understand that,” Curry said. “But it’s an ongoing job. Right now, he’s doing a great job. But there are going to be decisions coming up that he’s going to have to figure out. It’s our job as players to keep applying the pressure by the way we’re playing.”


&nbsp;

## Draymond talking about how MDJ isn't a ""puppet"" for Lacob: 

**Background**:

> Green once sat in Golden State’s draft room and witnessed firsthand what he considers the epitome of the Lacob ownership experience. During a particularly spirited debate on a personnel choice, **Lacob voiced his opinion with conviction and tried to sway the room. His scouts and front office collectively disagreed. They went a different route. He accepted the outcome.**



**Quotes**:

*Draymond*
> “That’s one of those things that gets overblown,” Green said. “Joe’s gonna speak his mind. He’s gonna speak to the media. When someone speaks their mind, people come to their conclusions (that whatever that person says goes). But every smart person knows what they don’t know and puts people in positions of what they don’t know.”

>Asked about Dunleavy, Green said: “When I call Mike and I say, ‘Hey, Mike X, Y, Z, can we do this? Can we get this done?’ It doesn’t have to be a trade. It can be anything. He’s like: ‘I’ll get back to you on it. I’ll get it done.’ He gets s— done. No puppet gets s— done like Mike gets s— done.”

*Lacob*
> “Mike has a very strong voice,” Joe Lacob said. “He’s doing a great job. First of all, it’s Mike and Kirk, to be honest. Kirk’s been here for 14 years. He’s a real veteran in this league at this point. So together, they’re architecting this. Mike is the top dog. But I’ve had the same role I had with Bob. There’s no difference. None.”


&nbsp; 

## How MDJ's FO works similar to Myers' FO


> In the aftermath of Myers’ departure, the front office operates with striking similarity. Dunleavy is one of Myers’ closest friends and worked directly under him for four years, taking over many of Myers’ day-to-day duties several seasons ago. Kirk Lacob is still an influential third in the power structure, but he is rising. So many others — Chuck Hayes, Pabail Sidhu, Larry Harris, Ryan Atkinson, Jon Phelps, Jonnie West — influence the process

&nbsp;



## High Internal Belief of the team (possibly view themselves top 6 & 50+ wins) + Joe Lacob is happy with Mike Dunleavy Jr's work with the roster:

**Background**:

> Their **internal number models had them in the top six** of the conference dating to the summer. They plan to chuck 3s and crank up the pace. Their younger players look improved. Their 6-0 preseason went about perfectly. They are fully healthy entering the opener. There has been **internal talk that 50-plus wins should be the expectation.** They’ve quietly been glowing about Melton, Anderson and Buddy Hield

**Quotes**:

*Lacob*
> Lacob said, “I don’t think there’s a deeper roster in the entire NBA right now of quality players. I don’t.” “I’m extremely happy with the roster right now,” he added. “Am I saying that I think we’re a championship-caliber roster? I don’t know yet. We may be better than people think, though.”

> “We’re sitting about as good as we could, subject to the point that we didn’t catch the big fish that we were going after,” Lacob said. “But that doesn’t mean we won’t. It just means we didn’t yet.”

> “We are all of the same level of impatience,” Lacob said. “We all want to win the championship. That’s all I f—ing care about is winning the championship. I am incredibly and we are incredibly hungry. And I’m not just saying that. We’re not scared of the pressure our fans might put on us. No. Accept it. Adopt it. Because that’s who we are. That’s what we want to be.”"
9,"Do you think Mike Dunleavy Jr. has the player assets, deal making skills, and luck to put together a 50+ wins team next year?","Basically the title. To put it another way: do you believe?
"
10,[Emerman] Warriors GM Mike Dunleavy Jr. says maximizing the rest of Steph Curry’s prime is “top of mind.” (0:35),
11,"[Emerman] On the coaching staff, Warriors replaced Kenny Atkinson with Terry Stotts and Jerry Stackhouse. Mike Dunleavy Jr. expects everyone else from last year's staff to return. That'd include: Chris DeMarco. Ron Adams. Bruce Fraser. Kris Weems. Anthony Vereen. Hilton Armstrong. Jacob Rubin.",
12,"I had my doubts about Mike Dunleavy Jr. as GM, but he's got a vision, knows talent and the puzzle pieces we need.  Just giving props to Mike the Mad Scientist for this season so far!!  I'm Amped!!!","So many possibilities now.  Is this team IT?  Do the Dubs trade for another Allstar??  

"
13,Breaking down year one for Mike Dunleavy Jr.,
14,[Danny Emerman] Mike Dunleavy Jr. confirms the team guaranteed Kevon Looney's $8 million salary for 2024-25. The center had $3 million guaranteed regardless. ,
15,"[Wojnarowski] ESPN Sources: Atlanta is hiring Golden State’s Onsi Saleh as an assistant general manager. Saleh — who had been VP of Basketball Strategy and Team Counsel with the Warriors — has worked closely with Bob Myers and Mike Dunleavy Jr., and previously with Spurs CEO RC Buford.",
16,"[95.7] Mike Dunleavy Jr. on disappointment of Warriors' season: ""Disappointed in our year even though we finished with more wins than last year. Overall, we came up way short in terms of what he thought talent wise, experience wise... We just got ourselves too far behind the eight ball.""",
17,"[Slater] Internal understanding his current supporting cast can’t be considered a [championship] product...Curry hasn’t, team sources said, expressed any signs of panic or unrest...Any Curry [extension talks] isn’t expected to take place in the near future. It’ll be on Curry’s preferred timeline","[Source Article by The Athletic's Anthony Slater - ""Is the Warriors front office failing Steph Curry with the current roster build?""](https://www.nytimes.com/athletic/5684308/2024/08/15/warriors-steph-curry-future-roster/?source=emp_shared_article)

&nbsp;

### The Key Warriors' Stakeholders* understands the current roster isn't championship-caliber:

\* Key Warriors' Stakeholders = Mike Dunleavy Jr, Joe Lacob, Kirk Lacob

> Steve Kerr coached that team. Mike Dunleavy was in attendance. Draymond Green was roaring from the middle of the bleachers. Joe Lacob and Kirk Lacob followed from afar. The **key Warriors’ stakeholders grasp Curry’s sustained greatness and, team sources said, there is an internal understanding that his current supporting cast can’t be considered a finished product if the 2025 NBA championship is believed to be a reachable goal.**


&nbsp;

### Steph knows about everything and isn't concerned about the team (for now):

> Curry was in on the recruitment of George. Dunleavy keeps him in the loop on the options and ultimate personnel decisions. **Curry hasn’t, team sources said, expressed any signs of panic or unrest**. But there’s a choice of action or inaction in the coming months that’ll give a clearer hint about his long-term mindset.

&nbsp;

### Steph is taking a Post-Olympics break from basketball and won't talk about his potential 1-yr $62.6 mil extension til later:

> Curry is eligible for a one-year, $62.6 million extension to his contract, which has two seasons and $115.3 million left. He flew back from Paris a few days ago and **plans to unplug from basketball-related business for a few weeks. So any contract conversation isn’t expected to take place in the near future, league sources said. It’ll be entirely on Curry’s preferred timeline.** The deadline to extend is Oct. 21.

> From the Warriors’ side, it isn’t nearly as complicated as their more recent contract extensions or future. **If Curry wants to tack on that extra year anywhere up to that max of $62.6 million, the Warriors would be willing.** It’s a position they’ve maintained privately and publicly.

&nbsp;

### Warriors still believe they did Improve even if not championship-caliber (at least analytically):

> The Warriors **believe they improved this summer, team sources emphasized, basing that partially on internal number models that gave a positive-value thumbs-up** to the additions of Melton, Anderson and Hield. A **few analytics-driven employees from around the league agree. One rival’s metric model had Golden State fourth in the conference**. The Warriors’ 46 wins a season ago through turbulence stood only five back of the fifth spot (Clippers, 51 wins).

&nbsp;

&nbsp;

### Some info on how far the Lauri Markannen trade talks (or even availability) actually went:

> Maybe Brandin Podziemski or the exact amount of firsts would’ve eventually been the swing factor in deeper Markkanen negotiations, sparking an internal debate. But **it never reached that stage, team sources said**. Markkanen signed an extension in Utah, and **several sources from multiple inquiring teams said they believe, in retrospect, this was always the Jazz’s intended outcome. Markkanen’s true availability was a mirage.**

&nbsp;"
18,Grading Every Warriors First Round Pick since 2000.,"Exactly what the title says. With the draft coming up and us NOT having a first overall pick I figured this would be a good time to reminisce on the highs and lows of our drafting history. Of course grades will be based not just on good the player is but how good they turned out based on when they were picked. I'm also including picks we acquired in draft day trades, but not players we picked and then traded away.

**2001 Pick #5 - Jason Richardson** Our franchise's first real hit in awhile. Never turned out to be a superstar but always good for a show. Good 3 point shooter, dunk contest champ who could absolutely go off once ever few games. Best pick would have been Joe Johnson. Grade - B

**2001 Pick #14 - Troy Murphy** Capable starting power forward. Averaged a double double which we haven't seen much since to be honest. Sadly he can't be called ""efficient"" or ""good at defense"" and we could've had Zach Randolph. Grade - C

**2002 Pick #3 - Mike Dunleavy** Let's hope Dunleavy turns out to be a better GM than he was a draft pick. Hopefully he wouldn't have drafted himself #3 because despite being a solid player this was a huge miss. Annoyingly him & Murphy both got better after going to Indiana. Should've taken Stoudemire. Grade - D

**2002 Pick #16 - Jiri Welsch** This was a Sixers pick we traded a future first and second for on draft night. Funny thing about this I can't find any evidence Philadelphia ever got that first and good thing too because Welsch sucked. He does get points for completely tanking Lebron & the Cavs 2005 season though. Grade - D-

**2003 Pick #11 - Mickael Pietrus** High-flying streaky shooter who had the unique ability to step out of bounds on step back 3's. Solid contributor to the We Believe Warriors but he should've been better than he was and we should've taken David West. Grade - C-

**2004 Pick #11 - Andris Biedrins** Fans who hopped on in the Curry era miiiight remember this guy. One minute he was an energetic double double and play finisher and then he just got the yips and fell out of the league way too early. I got fond memories of him but this was a meh pick. Grade - C+

**2005 Pick #9 - Ike Diogu** The first of two badly burned 9th overall picks. Respectable ability to get to the foul line and make them just about sums up the positives. Not only was Andrew Bynum, a center a million times better, taken right after but he basically sucked and couldn't even defend. Grade - D-

**2006 Pick #9 - Patrick O'Bryant** Averaged just 1.7 points per game for us mostly in garbage time. You could maaaaybe say Nellie never gave him a real chance to develop but honestly he was never any good anywhere. Grade - F

**2007 Pick #8 - Brandan Wright** A massive fail that really felt like we could never have anything good in the world. Coming off our best season since forever we traded the beloved Jason Richardson for this pick. The real fuckery of this trade is that this was supposed to be a blockbuster deal that landed us KG which would have meant a core of KG and the We Believe team with Don Nelson which would have been absolutely insane. But that bum Cohen didn't get the deal done and we wound up with a guy who never played 40 games in a season. Grade - F

**2007 Pick #18 - Marco Belinelli** - Turned out to a be a decent roleplayer who was a big contributor on some playoff teams throughout the 2010s. Didn't do much of anything with us but I'm blaming that on Nellie not knowing how to trust young guys, not the FO for picking a good player. Grade - C+

**2008 Pick #14 - Anthony Randolph** Another miss in our endless and ongoing search for a franchise big man. For those counting that's 4 wasted lottery picks in a row trying to upgrade at center if you count the Wright trade. In the dark days of the turn of the decade he had some good moments and did net us David Lee. Once again I think part of this is the Don Nelson effect and part of it is just talent never materializing. Grade - D+

**2009 Pick #7 - Stephen Curry** The best player to ever put on a Warriors jersey. Grade - A+++++++++++

**2010 Pick #6 - Ekpe Udoh** The last straw of big men being drafted for ""defensive potential"" and blowing up in our face. Not helping is that we could have taken Greg Monroe or, you know, Paul George. He was capable at least but this was the last real whiffed lottery pick of the dark ages. Helped us get Bogut at least. Grade - D-

**2011 Pick #11 - Klay Thompson** Top 5 shooter of all time arguably the 2nd best when you look at just how many damn threes he hit in such a short amount of time. Combine that with elite POA defense in his prime and a propensity for clutch baskets and you get a hall of famer. Grade - A+

**2012 Pick #7 - Harrison Barnes** Bit of a complicated legacy nowadays due to his truly disgraceful performance in the 2016 finals but we're still talking about a good player. The ""Ringo"" of the original Death Lineup he still played a massive role in why our small ball lineups were so good thanks to his defensive versatility and he did have a couple iconic clutch performances such as the clinching game 5 vs. Houston in 2015, and he deserves credit for being a big part of our rise to a dynasty. Grade - B-

**2012 Pick #30 - Festus Ezeli** Good backup big for a few years when he was healthy. It is kinda funny that from 2005-10 we took 5 centers with lottery picks and maybe 1 of them was as good as this guy we got for cheap. Minus points for injury issues though. Grade - C-

**2013 Pick #30 - Nemanja Nedovic** On draft day 2013 a bunch of teams wound up swapping late first rounders. We had Andre Roberson at one point but wound up turning him into Nedovic. People used to call him ""EuRose"" which... didn't work out. He did have a good preseason in 2014-15 but got cut for partying too much and fumbled the ring. Grade - D-

**2015 Pick #30 - Kevon Looney** We know and love Loondawg but it wasn't looking good for a minute. Injuries derailed his arrival to the league and after a breakout 2019 campaign kept him sidelined for much of the playoffs. But he finally got another chance in 2022 and turned into an offensive rebounding machine and invaluable piece to that championship team. Then went out and sonned Domantas Sabonis next year for good measure. He looks like he'll be done soon, but we're talking about a 30th overall who would be a lottery pick if you run the draft back. Grade - A-

**2016 Pick #30 - Damian Jones** Has carved out a respectable journeyman career but really never showed much of anything with us. Just took the right change of scenery I guess. Grade - D

**2018 Pick #28 - Jacob Evans** It's hard to call a 28th pick a ""bust"" but this guy is about as close as it gets. He just wasn't good at anything. If you saw him play you what I mean. Grade - F

**2019 Pick #28 - Jordan Poole** Has become a bit of a meme and really was hugely disappointing but again we need to look at the big picture. Picks this late are a massive crapshoot and if you get a guy who can be an absurdly efficient 17 PPG microwave scorer on a championship run, that's a win. Grade - B+

**2020 Pick #2 - James Wiseman** The biggest bust in franchise history. I'm not here to make this another Wiseman circlejerk we know the story at this point. Grade - F

**2021 Pick #7 - Jonathan Kuminga** Kuminga's career is still unfolding but so far this looks like a great pick. In his 3rd season he showed the potential as a ridiculously athletic 2-way forward with a 3 point shot. My biggest concern at this point is staying healthy. Grade - B- (so far)

**2021 Pick #14 - Moses Moody** Jury's still out on Moody and he seems like a high quality role player who's already shown the ability to step up in the playoffs. Definitely better than the 4 guys picked ahead of him but we probably should have taken Sengun. Grade - C

**2022 Pick #28 - Patrick Baldwin Jr.** Tiny sample size after being traded after 1 season so we can sort of give a grade here. He gave us some decent minutes to help turn around our 2023 season a little bit with our rotations in constant chaos but still didn't get enough opportunity to be called a hit pick. Grade - D+

**2023 Pick #19 - Brandin Podziemski** Too early to tell but this looks like it could our best pick in awhile. A rookie who was immediately able to play winning basketball and just has that veteran mindset. Needs to work on his shooting but that will come with the time. The scary thing is our 2nd rounder from this year may be even better. Grade - Incomplete (but will be A /s)"
19,"Jonathan Kuminga, human onomatopoeia","\[This was originally written for the broader NBA audience at r/nba, so please forgive any of the no-duh stuff for Warriors fans, but someone suggested I share it here.\]

It’s rare to see a player and a culture as dissonant as Kuminga and the Warriors. Some of that is simple happenstance: players like Kuminga, picked seventh in 2021, are almost never drafted onto championship-caliber teams. Where on most teams he would’ve been a heavy-minutes starter from Day 1, like his maximally-extended peers Franz Wagner, Evan Mobley, Cade Cunningham, and Scottie Barnes, he instead had to wait more than two seasons to find a consistent role in the rotation.

Golden State’s system requires some first-hand knowledge, some game-day experience. The Steph Curry/Klay Thompson/Draymond Green Warriors were about off-ball screens, optionality, quick cuts, and sneaky passes. Kuminga has always predicated his game on straightforward athleticism and direct on-ball scoring; subtlety is for players without a 40-inch vertical. But Thompson is gone. The Warriors are in flux, and a leap from Kuminga is indisputably the best way for Golden State to remain relevant as Curry ages out of dominance. Is he capable of it?

*\[Thanks for reading! As always, I've collected a bunch of illustrative video GIFs for the post. They can* [be found here](https://www.basketballpoetry.com/p/jonathan-kuminga-human-onomatopoeia) *or at the links throughout the article.\]*

Let’s start with the good. Kuminga has emerged as a Category 5 hurricane at the rack. He averaged nearly [18 points in the paint per 100 possessions](https://www.nba.com/stats/players/misc?CF=GP*GE*40&PerMode=Per100Possessions&SeasonType=Regular%20Season&dir=A&sort=PTS_PAINT), more than players like Wagner, Jaren Jackson Jr., and Julius Randle, and he finished an [excellent 74% of his attempts at the rim](https://cleaningtheglass.com/stats/player/4870#tab-shooting_accuracy). Despite a ropy frame and quick-twitch acceleration, he relies surprisingly heavily upon brute force. He dents defenders’ chests with his shoulders and then stretches those Mr. Fantastic arms for delicate finger-rolls: \[[video here](https://www.basketballpoetry.com/p/jonathan-kuminga-human-onomatopoeia)\]

But that doesn’t mean Kuminga can’t rev the engine. Foes guarded him with centers fairly often, inviting blow-bys: \[[video here](https://www.basketballpoetry.com/p/jonathan-kuminga-human-onomatopoeia)\]

Did a rim insult Kuminga’s mother? I’m not sure why else he’d attack it so fiercely in transition (pretty sure I nailed that). If you’re not a fan of these newfangled fast-break threes the kids keep doing, you’ll appreciate that Kuminga has total tunnel vision on the break. For better or worse, he’s running as fast as he can (which is very fast) to the basket. No opponents, wide-open teammates, or tactical sense will stop him: \[[video here](https://www.basketballpoetry.com/p/jonathan-kuminga-human-onomatopoeia)\]

That pass to Green has to come an hour earlier, but coach Steve Kerr and the Warriors have long tolerated mistakes of aggression. It’s hard to fault someone for going too hard on the break. In general, Kuminga’s relentlessness is a boon: he is well above average in both[ transition frequency and efficiency](https://apps.synergysports.com/basketball/players/615ba9fae771e94fc0bf5d14/playtypes?seasonId=651b131d1507a2202c01094c&competitionId=560100ac8dc7a24394b955ee).

Peculiarly, Kuminga’s strengths are the Warriors’ overall weaknesses. As a squad, [they ranked 24th in points in the paint](https://www.nba.com/stats/teams/misc?PerMode=Per100Possessions&SeasonType=Regular%20Season&dir=D&sort=PTS_PAINT) and [second-worst in fast break points](https://www.nba.com/stats/teams/misc?PerMode=Per100Possessions&SeasonType=Regular%20Season&dir=D&sort=PTS_PAINT). Without Kuminga, it’s not clear how they’d generate either.

Kuminga might be the only plus positional athlete in the rotation, give or take Gary Payton, but he almost makes up for everyone else. His slams, in particular, were constant and impressive (he set the [team record for dunks](https://www.nba.com/warriors/news/dubs-by-the-numbers-jonathan-kuminga-makes-history-20240318) in a season). The only [non-centers who forcibly shoved a ball through the hoop more often](https://www.basketball-reference.com/leagues/NBA_2024_shooting.html) (min. 1,000 minutes) were the Thompson twins, Aaron Gordon, Obi Toppin, and Giannis Antetokounmpo. And they’re *loud*; Kuminga’s dunks deserve onomatopoeia. [BLAM!!](https://www.basketballpoetry.com/p/jonathan-kuminga-human-onomatopoeia)

[KERPOW!!](https://www.basketballpoetry.com/p/jonathan-kuminga-human-onomatopoeia)

He can do more than just dunk, of course. Kuminga loves nothing more than backing smaller defenders down before turning for a drop-step or little eight-foot jumpers: \[[video here](https://www.basketballpoetry.com/p/jonathan-kuminga-human-onomatopoeia)\]

Relatedly, nobody this side of Pascal Siakam partakes of the spin move like Kuminga. When it works, it looks damn good. Unfortunately, Kuminga turns temporarily blind whenever he even thinks about spinning, exposing him to digging defenders. Combine that with surprisingly weak hands, and you’ve got a recipe for ugly turnovers. If his dunks deserve sound effects, so do his miscues. [CLANK!!](https://www.basketballpoetry.com/p/jonathan-kuminga-human-onomatopoeia)

His handle has vastly improved since his rookie year, but that says more about where he started than where he is now. Even when he’s not spinning, he loses his dribble in traffic far too often. [SQUELCH!!](https://www.basketballpoetry.com/p/jonathan-kuminga-human-onomatopoeia)

(Squelch probably wasn’t the right one there, but it *was* pretty gross.)

Kuminga [had the league’s 19th-highest turnover rate on drives](https://www.nba.com/stats/players/drives?CF=GP*GE*40:MIN*GE*20:DRIVES*GE*6&SeasonType=Regular%20Season&dir=D&sort=DRIVE_TOV_PCT), which is doubly concerning when paired with his poor passing vision on those same plays (he had a lower assist rate on drives than anybody above him on that list).

Kuminga has a reputation as a slow decision-maker, but that’s not quite right. Instead, he tends to call his own number too quickly and then stick to the plan no matter what. Teammates, understandably, will often mill about aimlessly when Kuminga’s targeting headset comes on and he enters Attack Mode: \[[video here](https://www.basketballpoetry.com/p/jonathan-kuminga-human-onomatopoeia)\]

But like all things Kuminga, that isn’t the whole picture. The Warriors sought to meet Kuminga in the middle, and he noticeably improved as the year went on. He notched three assists per game after the All-Star break, roughly half-again as many as before, even on a per-minute basis. You could see his floor-mapping level up as he started downloading the game state with broadband instead of dial-up: \[[beautiful pass here](https://www.basketballpoetry.com/p/jonathan-kuminga-human-onomatopoeia)\]

Kuminga will never be Nikola Jokic. But players like Kawhi Leonard have grown into competent playmakers over time; Kuminga can — and should — get better.

Unfortunately, while he flashed a decent middie, the triples evaporated like morning mist on the Golden Gate Bridge. Despite an increase in playing time, Kuminga’s three-point shot dipped in both quantity and quality in year three. I’m tired of writing about [players who need to increase their three-point volume](https://www.basketballpoetry.com/p/shrinking-your-gift-the-curious-case), so suffice it to say, Kuminga’s ceiling as an offensive weapon is capped until he quickens his release and improves from outside.

That lack of a long-range jumper initially relegated Kuminga to a lot of corner and dunker spot placements in Golden State’s offense, but they gradually grew more creative in their usage of him as the season went on. He started setting more picks for Steph Curry both on and off the ball, even filling Draymond Green’s spot in the short roll a few times — Kuminga’s screening, in general, is an underrated part of his game. Nobody will mistake Kuminga for Green as a playmaker, but Green can’t finish in traffic like this: \[[video here](https://www.basketballpoetry.com/p/jonathan-kuminga-human-onomatopoeia)\]

The Warriors even found a few innovative ways to take advantage of Kuminga’s lack of gravity, like this practiced chase-to-corner hand-off to a sprinting Curry: \[[video here](https://www.basketballpoetry.com/p/jonathan-kuminga-human-onomatopoeia)\]

But for all the Warriors’ collective cleverness, there is only so much juice to squeeze out of Kuminga next to Draymond Green, Andrew Wiggins, and a big man. It’s outside the scope of this already-too-long article to get into the particulars of the Warriors’ much-scrutinized lineup choices, but [Steve Kerr made it clear that he won’t play Kuminga at the three ](https://www.nbcsportsbayarea.com/nba/golden-state-warriors/jonathan-kuminga-steve-kerr-mike-dunleavy/1727174/?os=win&ref=app)until he gets better as a playmaker and shooter. Kuminga was at his best as a four next to Green at center, which opened up driving lanes, but the team found a lot of success defensively when Green played power forward next to Trayce Jackson-Davis. It’s a tricky balance.

Kuminga’s own defense has been up and down throughout his career. He has some magnificent on-ball highlights, using his length to crowd ballhandlers, poke away dribbles, and harass jump-shooters: \[[blocking Durant video here](https://www.basketballpoetry.com/p/jonathan-kuminga-human-onomatopoeia)\]

But he’s inconsistent and occasionally wild off the ball, overhelping or ballwatching far too often. (It would be nice if his pogo-stick athleticism translated into more defensive rebounds, too). Like their offense, the Warriors’ defensive scheme is complicated, and Kuminga often looked a half-step behind. Here, Kuminga correctly helps in the middle but then tries to retreat to the corner (which Klay had already rotated to) instead of holding his ground, giving up a dunk: \[[video here](https://www.basketballpoetry.com/p/jonathan-kuminga-human-onomatopoeia)\]

And that’s the rub, isn’t it? It’s often two steps forward, one step back, which makes for disjointed progress — but progress nonetheless.

After all, Kuminga is still 21 years old (for a few more weeks)! The age-22 season is a classic inflection point, a fertile field for stardom to bud. The one thing that even the fiercest Kuminga detractors can’t deny is that he has upgraded everything except the three-pointer (an extremely important skill, to be sure, but far from the only one). He’s far from a finished project, but he certainly isn’t stagnant.

Assuming [the Warriors won’t extend him before the October deadline](https://www.nytimes.com/athletic/5701710/2024/09/12/jonathan-kuminga-warriors-extension-talks/), next year is a contract year for Kuminga, who needs to prove to Golden State (or interested suitors) that he’s worth big bucks. Frankly, waiting till the offseason for restricted free agency might be best for *both* sides. Kuminga wants big money, but he needs to show progress in both the loud and the quiet things. Having learned their lesson from the Jordan Poole debacle, the Warriors are in no rush to dole out money to potential for potential’s sake. Both sides could benefit from more information and larger, newer sample sizes.

Golden State is married to the Draymond Green-Steph Curry pairing for now, and while they aren’t likely to win a championship anytime soon as currently constructed, they’re also still good enough to make it impossible to reset the team for the future. While they need Kuminga’s strengths, they also can’t afford his weaknesses. Kuminga doesn’t need to be an All-Star next season, but he does need to prove he can fit next to Green and Curry. If he can’t? It’s unclear how much value he has in the league, but a trade might be best for both sides. If he can? He’ll add a new onomatopoeia to his comic book: KA-CHING!!"
20,[Slater] “Kings pressured the hell out of us. We didn’t have counters” was clearly front of mind for Kerr as he interviewed candidates...Kerr & FO decided to add 2 assistants with specific qualities — a former NBA head coach & a former NBA player. Kerr landed on Terry Stotts & Jerry Stackhouse,"[Source Article by The Athletic's Anthony Slater - ""Steve Kerr aims to bolster Warriors’ coaching staff in very specific ways""](https://www.nytimes.com/athletic/5634372/2024/07/16/steve-kerr-warriors-terry-stotts-jerry-stackhouse/)

&nbsp;

&nbsp;


### Kerr kept in mind the play-in loss vs Kings when deciding the new assistant coaches Terry Stotts & Jerry Stackhouse:

> “They pressured the hell out of us,” the Warriors head coach told The Athletic. “We didn’t have counters. We didn’t respond. And, you know, I’ve seen that more and more the last couple of years. The bigger the game, the more pressure defense we see and the tougher it’s been for us to execute.”

> That was clearly front of mind for Kerr as he interviewed assistant coaching candidates throughout June....To replenish a thinned bench, **Kerr and the Warriors’ front office decided to add two assistants with specific qualities to their staff — a former NBA head coach and a former NBA player.**

&nbsp;


### Why Kerr landed on Stotts:

> Despite a long history in the same industry, Kerr and Stotts didn’t know each other well before this hiring process. But the mutual respect was there and, as Kerr dissected the offensive issues that need fixing, it became clear to him that Stotts — a noted tactician — had the correct skill set to do the tweaking.

>“He **fits what we want to do and get a little bit more patterned,” Kerr said. “He loves movement. Portland, you know, they always had a lot of motion and movement, but it was probably more patterned than what we’ve done**. Terry can really help us put in some new things that may be easier to run but maintain the motion.”

&nbsp;

### Terry Stotts on the Warriors Offense & What he could bring:

> “They’ve had a great offense for a lot of years,” Stotts told The Athletic. “Steph’s been doing pretty well (laughs). I think I can maybe bring some fresh eyes to it. The roster has changed a little bit. **But it’s not like I’m going to be in charge of anything. I think I can be a good sounding board for Steve on the offensive end and might be able to implement some things we did in Portland.**”

>**Stotts was careful to reiterate that he doesn’t want to overhaul an offense that’ll still be built around Curry‘s and Draymond**  Green’s passingand off-ball strengths. The flow, movement and pet actions those two love will remain. But **there’s a rising layer of youth that would benefit from more structure.**

> “Everyone knows we ran a lot of flares and pindowns (in Portland),” Stotts said. “**I think the players we have will be good within that. Steve loves read and react. I think that’s the best way to play. But at the same time, you can put in a framework. What I like to have is — you can have a play call, but within that play call, you don’t know what’s going to happen**. You might have splits or flares or pindowns or pick-and-roll and that freedom within a structure.”

> Stotts used the “delay” play call as an example. It’s a five-out design with a big up-top initiating action and plenty of freedom to run various action around it, which can shift depending on personnel, an opponent’s defensive scheme or instinct within the moment. **This type of nuanced tweak is what appealed to Kerr.**

&nbsp;


### Kerr says the Offense will still mainly run through Steph & Dray, but will implement more 'Repeatable Patterns' via Stotts:

> “We’re not going to shift dramatically,” Kerr said. “**With Steph and Draymond, we’re always going to run a lot of things through those guys. And they’re going to play the way they play. But I do think that we can be, like I said, more patterned**. We have to practice more. Bottom line, we have to practice more. I’ve got to figure out a better way to streamline practice, get our actions over and over again into patterns so that we can execute better against pressure defense. … We’ve always been a team that has had to rely on execution and movement because we’re not a great one-on-one team. But with the group that we have now, I think we need more work and more repeatable patterns.”


&nbsp;

### Stotts on the Culture Fit:

> Kerr said everyone “raves” about Stotts and believes he will fit seamlessly into the staff’s culture.

> “Steve and I have had very few conversations before this,” Stotts said. “But **I’ve always had a lot of respect and admiration for what he has said from a basketball standpoint, from a coaching standpoint, from a social awareness standpoint. Intellectually, I’ve always had a lot of appreciation of how he represents himself**. That was certainly a big appeal to me.”


&nbsp;

### Stotts' Prior Connections to Key Members of the Org + the Org itself:

* Warriors assistant in 2004-05 under Mike Montgomery, coaching Year 3 Mike Dunleavy Jr
* Stotts worked on the same staff as Warriors assistant Ron Adams for four seasons in Milwaukee  beginning in the late 1990s
*Larry Harris, a current Warriors executive, hired Stotts to that Milwaukee staff

> Stotts and Stackhouse were having a conversation in Las Vegas when they remembered that Stotts actually coached Stackhouse during his final season in Dallas, one of the least memorable of his storied 18-year NBA career.

> “I was just talking to Ron about it,” Stotts said. “I’ve had the good fortune of working for three Hall of Fame coaches. George Karl is in the Hall of Fame. Mike Montgomery is Hall of Fame. Lon Krueger is Hall of Fame. Rick Carlisle will be in the Hall of Fame. Steve Kerr will be in the Hall of Fame. So I will have worked for five Hall of Fame coaches. That’s pretty cool.”


&nbsp;


### Why Kerr landed on Ex-Player Jerry Stackhouse for One of the Staff:

> “We’ve missed having a former player the last couple years,” Kerr said. “I love that he’s been a head coach at Vandy for five years. **He’s not only a former player, he’s a former All-Star. He commands respect**. He’s just got a really strong presence, and I think we needed that.”

-

> “Just feel like we needed Jerry,” Kerr said. “**We have a lot of young players. … There’s something about a former player where those guys can tell our players, ‘I’ve been there, I’ve done this. I know exactly what you’re going through.’ Jerry did it on a really high level**, but he’s also coached at a high level. That meant a lot to me.”

&nbsp;

### Current Front of the Coaching Bench:

> Stackhouse’s strategic work will be mostly on the defensive side. He’s expected to work with Chris DeMarco on that end, according to Kerr. Assistant coach Kris Weems will remain on the front of the bench next to Stotts and Stackhouse."
21,"I posted this back in the Summer and got heavily downvoted, it still rings just as true: MDJ massively failed Steph during this final stretch of his career....","tldr; MDJ and Lacob are absymal and absolutely clueless, and have ruined Steph's end-of-career years.

The road to this summer
After 2023 playoffs, it was clear that we needed a second star against the Lakers, and Steph was getting worn down.

And MDJ after our playin loss earlier this year:

""We know clearly what this team was: it wasn’t good enough.” Warriors can move forward with that clarity.""

https://www.reddit.com/r/warriors/comments/1c7bros/emerman_mike_dunleavy_jr_we_know_clearly_what/

Yet, MDJ proceeds to poop all over our 2025 season by doing pretty much nothing. We swapped Klay for some decent low-talent pieces (like Melton/Slomo/Hield) and did squat all.

We are as clueless as the Bulls of 2023-24
We aren't good enough to even be a playoff team, yet we're stringing our GOAT along.

And we're holding on to pretty much ALL our future picks as though we're in a rebuild.

We dropped our best shot at a trade by tryna low-ball Ainge. All for a bench guy like Podz + a couple of future picks.

Despite claiming that our team wasn't good enough, we are going in with practically the same team: (Klay/CP3/Saric out for Melton/Slomo/Hield)

What now?
We now are entering 2024-25 season with pretty much the same roster as last year (probably a bit worse too, given Steph/Dray's age), and are holding on to picks as though we're in a rebuild.

There's NO stars desperate for a move that will come up at the trade deadline. Also when we're 10 wins off the playoff spots in Feb, no trade can save us.

Link to previous post: https://np.reddit.com/r/warriors/comments/1ep4ycv/stephs_greatness_really_puts_a_horrible_light_on/"
22,Another odd rotation move signals simple trade Warriors need to make,"""The German is on an expiring $13 million contract, meaning Golden State could simply match salaries with De'Anthony Melton's $12.8 million deal. According to Brian Lewis of the New York Post, Brooklyn is likely to require a first-round pick for the 11-year veteran.

The Warriors could simply move Melton and a first-round pick to acquire Schroder, but is giving away that asset worth it for someone who may not start for you? Perhaps more importantly, is it worth it for someone who may be a short-term rental if you can't re-sign Schroder in free agency? That's the question facing Mike Dunleavy Jr. and the front office right now.

Schroder is having a big season as Brooklyn's starting point guard, with the 31-year-old currently averaging 18.6 points and 6.5 assists on 38.5% shooting from beyond the arc."" 

I'm sharing this to follow up on a comment I made recently about the most ideal Warrior-like trade move we are likely to make which is trading Melton and a pick for Schroder. Now personally for me in an ideal world, our team could survive without Melton for the season and win and just sign him back in the off-season, and this starts building some bird rights that way, but realistically Kuminga, Podz, Moody, and TJD still need the rest of this season to develop and this team needs a replacement for Melton, someone to pair with Curry in the backcourt keeping Podz running the bench. We could give a Curry, Schroeder, Wiggins, Kuminga, and Looney/TJD lineup a shot as our starting group. 

I may not like Schroeder, but as far as 1-year rentals go towards a championship run, this is the best move that doesn't break up the team unnecessarily. And even though we lose out on a chance at building Melton's bird rights with us we can always resign him next off season again to redo this year for him. 

I say this is the move MDJ should make if any and would make if any. "
23,Steph's greatness really puts a horrible light on MDJ's disastrous two summers...,"tldr; MDJ and Lacob are absymal and absolutely clueless, and have ruined Steph's end-of-career years. 


## The road to this summer
After 2023 playoffs, it was clear that we needed a second star against the Lakers, and Steph was getting worn down. 

And MDJ after our playin loss earlier this year: 

> ""We know clearly what this team was: it wasn’t good enough.” Warriors can move forward with that clarity."" 

https://www.reddit.com/r/warriors/comments/1c7bros/emerman_mike_dunleavy_jr_we_know_clearly_what/

Yet, MDJ proceeds to poop all over our 2025 season by doing pretty much nothing. We swapped Klay for some decent low-talent pieces (like Melton/Slomo/Hield) and did squat all. 

# We are as clueless as the Bulls of 2023-24

1. We aren't good enough to even be a playoff team, yet we're stringing our GOAT along. 

2. And we're holding on to pretty much ALL our future picks as though we're in a rebuild. 

3. We dropped our best shot at a trade by tryna low-ball Ainge. All for a bench guy like Podz + a couple of future picks. 

4. Despite claiming that our team wasn't good enough, we are going in with practically the same team: (Klay/CP3/Saric out for Melton/Slomo/Hield)

### What now?

We now are entering 2024-25 season with pretty much the same roster as last year (probably a bit worse too, given Steph/Dray's age), and are holding on to picks as though we're in a rebuild. 

There's NO stars desperate for a move that will come up at the trade deadline. Also when we're 10 wins off the playoff spots in Feb, no trade can save us."
24,"Despite Slater, as recently as today, continuing to push the narrative that there's been ""little contact"" between Klay & the Warriors, here is Dunleavy in response to TK, again, trying to get specifics on negotiations w/Klay during an interview post-draft for TK's podcast. (Link to podcast in post.)","Link to podcast ep is [here](https://www.audacy.com/podcast/the-tk-show-a-show-about-sports-in-the-bay-area-0e459/episodes/the-tk-show-warriors-gm-mike-dunleavy-jr-talks-draft-future-bac58). Not much, if any, new info at all other than MDJ completely refuting Slater’s weeks-long narrative about the Warriors and Klay’s negotiations that “there remains…little contact between Thompson and the Warriors, league sources said, as the potential end of his 13-year run with the franchise becomes more plausible.”   "
25,Need time to process this loss,"It is probably the end of the dynasty as we know it. I know Steph and Dray and Kerr will all be back (maybe Klay too, but im only hopeful because of nostalgia which is not a good reason to re-sign a player like Klay with his recent postseason record but thats a different story) but it will be different. I’m glad the season is done because, having watched all 82 games, this season was a crazy rollercoaster. But at the same time, I want Steph Curry to win one more ring. Many things went wrong here, starting with the FO for poor roster construction although I understand the salary cap limits. 

But I’m not yet ready to end it all. Steph is not some glorified Ray Allen yet. 

One last dance next year, I hope."
26,"[Burke] Mike Dunleavy told me Trayce Jackson Davis grew an inch in the offseason, and TDJ said he was surprised grew. He knew something was up when his knees got achy. He said he’s fine, nothing a little Tylenol and ice packs can’t handle.",
27,[Slater] Mike Dunleavy on the Warriors “We’re probably as impatient as you can be as a franchise right now given our time horizon. But there’s a fine line between impatience and undisciplined.” “There’s no point in going all in to be slightly above average.” (1:27),
28,Steve Kerr has spoken with Mike Dunleavy and believes it is best to leave the current roster as is for now.,
29,"[Slater] Steph Curry is eligible to extend an extra year this summer. Mike Dunleavy: “That guy, whatever he wants…Pretty confident he will be a Warrior for life.” Dunleavy also said the desire is to extend Kuminga/Moody (0:50)",
30,[Dalton Johnson] Mike Dunleavy says “internal development” has to be the Warriors’ priority to improve first and foremost  “It’s so hard to make a trade in today’s NBA ... if it happens great.” Dunleavy made it clear they can’t put all their eggs in that basket,
31,"[Slater] Mike Dunleavy: ""We're in a time zone here of maximizing our window with Steph, Draymond, Steve as our coach. As proven here in the first day we could make trades, we did that. We'll continue to look at things...I want to evaluate and see, but we'll always be looking at stuff.""",
32,"[Anthony Slater] Mike Dunleavy on the Warriors in the trade market “I don’t want to get ahead of it and just say there’s gonna be some big move we are gonna do. Could be. If it’s there, great. But it’s not something that must happen.”",
33,"[Slater] Mike Dunleavy on Dennis Schröder (on an expiring $13 million deal): ""We still think he has a lot of good years left in him. We'll have his Bird rights, the ability to re-sign him. Hopefully there's a relationship here longer than just a few months.""",
34,"[Slater] Mike Dunleavy on the Warriors’ future flexibility “Come this draft, we’ll have multiple unprotected picks, pick swaps and anything else on the roster people find attractive. (0:19)",
35,"[Andrews] Mike Dunleavy says there’s no “overreaction” to not getting Kuminga an extension. “Not much has changed in regards to our hopes for his future with this team. Sometimes these things get done, sometimes they don’t…Hope to get something done in the offseason.”",
36,[Slater] Mike Dunleavy reminded Jimmy Butler he wore #10 as a Warriors rookie: “Get it in the rafters”,
37,"[Slater] Mike Dunleavy on Steph/Draymond's role in Dennis Schröder deal: ""Those guys are not banging down my door. They never do that...Do I keep them in the loop? Yes. Were they double thumbs up on this move? Yes...It's a good clean process. They're on board. Steve's on board.""",
38,"[Slater] Mike Dunleavy on the Hield/Anderson/Melton additions and the concern about the shooting on the roster. “In terms of volume and accuracy, we need guys to shoot the 3 more. Moses, Wiggs, BP, JK, all those guys I think can make shots.” (1:35)",
39,"[Post Game Thread] Your Golden State Warriors (14-9) bounce back and defeat the Minnesota Timberwolves (12-11), 114-106 thanks to Steph Curry's 30 pts, Buddy Hield's 27 pts, Jonathan Kuminga's 20 pts, and GP2's clamps","
||
|:-:|
|[](/MIN) **106 -  114** [](/GSW)|
|**Box Scores: [NBA](http://www.nba.com/game/MIN-vs-GSW-0022400355/box-score) - [Yahoo](https://sports.yahoo.com/nba/scoreboard/)**|

||
|:-:|
|&nbsp;|
|**GAME SUMMARY**|
|**Location:** Chase Center (18064), **Clock:** Final|
|**Officials:** Zach Zarba, Andy Nagy, and Danielle Scott|

|**Team**|**Q1**|**Q2**|**Q3**|**Q4**|**Total**|
|:---|:--|:--|:--|:--|:--|
|Minnesota Timberwolves|30|28|32|16|106|
|Golden State Warriors|21|28|44|21|114|

||
|:-:|
|&nbsp;|
|**TEAM STATS**|

|**Team**|**PTS**|**FG**|**FG%**|**3P**|**3P%**|**FT**|**FT%**|**OREB**|**TREB**|**AST**|**PF**|**STL**|**TO**|**BLK**|
|:--|:--|:--|:--|:--|:--|:--|:--|:--|:--|:--|:--|:--|:--|:--|
|Minnesota Timberwolves|106|36-80|45.0%|19-42|45.2%|15-20|75.0%|7|46|22|18|6|13|8|
|Golden State Warriors|114|42-90|46.7%|16-41|39.0%|14-20|70.0%|14|57|28|20|8|11|7|


||
|:-:|
|&nbsp;|
|**PLAYER STATS**|

||||||||||||||||
|:--|:--|:--|:--|:--|:--|:--|:--|:--|:--|:--|:--|:--|:--|:--|
**[](/MIN) Minnesota Timberwolves**|**MIN**|**PTS**|**FGM-A**|**3PM-A**|**FTM-A**|**ORB**|**DRB**|**REB**|**AST**|**STL**|**BLK**|**TO**|**PF**|**±**|
|Jaden McDaniels^SF|36:04|9|4-9|1-3|0-0|1|3|4|3|2|0|0|4|0|
|Julius Randle^PF|37:16|14|4-15|2-4|4-4|3|8|11|4|0|2|1|2|-2|
|Rudy Gobert^C|37:53|4|1-3|0-0|2-4|1|8|9|1|1|3|2|3|-12|
|Anthony Edwards^SG|36:34|27|10-19|5-9|2-2|0|5|5|6|1|0|6|3|-3|
|Mike Conley^PG|24:52|12|3-7|3-6|3-3|1|1|2|3|1|0|0|2|-9|
|Nickeil Alexander-Walker|24:11|19|7-9|4-5|1-2|1|0|1|1|0|1|1|1|-4|
|Naz Reid|20:51|10|3-8|1-6|3-5|0|6|6|2|0|2|2|2|-2|
|Donte DiVincenzo|17:45|8|3-9|2-8|0-0|0|1|1|2|1|0|1|0|-11|
|Josh Minott|04:33|3|1-1|1-1|0-0|0|0|0|0|0|0|0|1|3|
|PJ Dozier|00:00|0|0-0|0-0|0-0|0|0|0|0|0|0|0|0|0|
|Luka Garza|00:00|0|0-0|0-0|0-0|0|0|0|0|0|0|0|0|0|
|Daishen Nix|00:00|0|0-0|0-0|0-0|0|0|0|0|0|0|0|0|0|
|Terrence Shannon Jr.|00:00|0|0-0|0-0|0-0|0|0|0|0|0|0|0|0|0|
|Jaylen Clark|00:00|0|0-0|0-0|0-0|0|0|0|0|0|0|0|0|0|
|Rob Dillingham|00:00|0|0-0|0-0|0-0|0|0|0|0|0|0|0|0|0|
|Jesse Edwards|00:00|0|0-0|0-0|0-0|0|0|0|0|0|0|0|0|0|
|Joe Ingles|00:00|0|0-0|0-0|0-0|0|0|0|0|0|0|0|0|0|
|Leonard Miller|00:00|0|0-0|0-0|0-0|0|0|0|0|0|0|0|0|0|
**[](/GSW) Golden State Warriors**|**MIN**|**PTS**|**FGM-A**|**3PM-A**|**FTM-A**|**ORB**|**DRB**|**REB**|**AST**|**STL**|**BLK**|**TO**|**PF**|**±**|
|Gary Payton II^SF|27:19|8|4-8|0-2|0-1|4|1|5|2|2|2|1|3|1|
|Jonathan Kuminga^PF|36:10|20|7-16|1-4|5-8|1|6|7|2|2|3|3|2|8|
|Draymond Green^C|30:33|6|3-5|0-1|0-0|0|6|6|7|0|1|3|5|-2|
|Buddy Hield^SG|34:34|27|10-18|7-13|0-0|1|3|4|2|3|0|1|2|17|
|Stephen Curry^PG|34:35|30|8-18|5-11|9-11|0|4|4|8|1|0|3|0|14|
|Moses Moody|05:04|2|1-4|0-2|0-0|0|1|1|0|0|0|0|0|-4|
|Brandin Podziemski|20:07|6|2-5|2-4|0-0|2|1|3|3|0|0|0|2|-2|
|Kyle Anderson|08:07|3|1-3|1-1|0-0|0|2|2|0|0|0|0|2|2|
|Kevon Looney|21:16|12|6-8|0-0|0-0|5|4|9|1|0|0|0|0|5|
|Lindy Waters III|22:12|0|0-5|0-3|0-0|1|3|4|3|0|1|0|4|1|
|Trayce Jackson-Davis|00:00|0|0-0|0-0|0-0|0|0|0|0|0|0|0|0|0|
|Gui Santos|00:00|0|0-0|0-0|0-0|0|0|0|0|0|0|0|0|0|
|Pat Spencer|00:00|0|0-0|0-0|0-0|0|0|0|0|0|0|0|0|0|
|Reece Beekman|00:00|0|0-0|0-0|0-0|0|0|0|0|0|0|0|0|0|
|De'Anthony Melton|00:00|0|0-0|0-0|0-0|0|0|0|0|0|0|0|0|0|
|Quinten Post|00:00|0|0-0|0-0|0-0|0|0|0|0|0|0|0|0|0|
|Andrew Wiggins|00:00|0|0-0|0-0|0-0|0|0|0|0|0|0|0|0|0|"
40,Lakers are fraudulent. Time to make the call Mike Dunleavy,
41,"[Slater] Here is Mike Dunleavy on the Warriors’ financial equation entering the summer and the desire to keep Klay Thompson. Dunleavy said there is no directive to duck the luxury tax, but it is unreasonable to pay $400 million for a non-playoff team. (1:42)",
42,"[Slater] The Warriors are at full health entering next week's training camp, per Mike Dunleavy. Everyone cleared.",
43,"[Slater] The Warriors leaned defense with some of their roster tweaks this summer. Mike Dunleavy: “We’ve got to get back to defending at a high level. We’ve got to be in the top five, six, seven in the league in defense, at least.” (1:01)",
44,"[Andrews] Speaking with reporters, Warriors general manager Mike Dunleavy says there are “positive conversations” happening with Jonathan Kuminga and Moses Moody’s reps about getting rookie contract extensions. Dunleavy underlines his desire to bring them back.",
45,Ira Newble Kicks Mike Dunleavy in the Face ( I felt the need to research it. ),
46,"[Andrews] Speaking with reporters here in Vegas, Warriors GM Mike Dunleavy says “I can’t reiterate what an unbelievable run (Klay Thompson) had. We’ll miss him. But life goes on and I think he’s in a good spot.”",
47,[Warriors on NBCS] Mike Dunleavy explains the process behind trading the No. 52 pick and then reacquiring it ,
48,"[Post Game Thread] Your Golden State Warriors (20-20) defeat the Minnesota Timberwolves (21-19), 116-115 thanks to a combined total of 55 pts from Steph Curry & Andrew Wiggins","
||
|:-:|
|[](/GSW) **116 -  115** [](/MIN)|
|**Box Scores: [NBA](http://www.nba.com/game/GSW-vs-MIN-0022400565/box-score) - [Yahoo](https://sports.yahoo.com/nba/scoreboard/)**|

||
|:-:|
|&nbsp;|
|**GAME SUMMARY**|
|**Location:** Target Center (18978), **Clock:** Final|
|**Officials:** Tony Brothers, Mark Lindsay, and Simone Jelks|

|**Team**|**Q1**|**Q2**|**Q3**|**Q4**|**Total**|
|:---|:--|:--|:--|:--|:--|
|Golden State Warriors|34|21|32|29|116|
|Minnesota Timberwolves|12|30|36|37|115|

||
|:-:|
|&nbsp;|
|**TEAM STATS**|

|**Team**|**PTS**|**FG**|**FG%**|**3P**|**3P%**|**FT**|**FT%**|**OREB**|**TREB**|**AST**|**PF**|**STL**|**TO**|**BLK**|
|:--|:--|:--|:--|:--|:--|:--|:--|:--|:--|:--|:--|:--|:--|:--|
|Golden State Warriors|116|40-82|48.8%|18-36|50.0%|18-21|85.7%|14|53|26|26|8|12|5|
|Minnesota Timberwolves|115|38-86|44.2%|17-37|45.9%|22-29|75.9%|16|47|21|17|4|9|7|


||
|:-:|
|&nbsp;|
|**PLAYER STATS**|

||||||||||||||||
|:--|:--|:--|:--|:--|:--|:--|:--|:--|:--|:--|:--|:--|:--|:--|
**[](/GSW) Golden State Warriors**|**MIN**|**PTS**|**FGM-A**|**3PM-A**|**FTM-A**|**ORB**|**DRB**|**REB**|**AST**|**STL**|**BLK**|**TO**|**PF**|**±**|
|Andrew Wiggins^SF|35:24|24|6-16|2-8|10-12|2|3|5|2|2|0|3|2|-5|
|Gui Santos^PF|21:25|5|2-5|1-3|0-0|1|6|7|3|0|0|0|4|5|
|Trayce Jackson-Davis^C|26:32|4|2-7|0-0|0-0|9|6|15|2|0|2|2|2|2|
|Dennis Schröder^SG|24:46|12|5-11|2-3|0-0|0|1|1|3|2|0|2|6|-4|
|Stephen Curry^PG|37:20|31|10-21|7-12|4-4|1|0|1|8|1|0|1|1|-1|
|Kevon Looney|21:32|4|2-2|0-0|0-0|1|4|5|6|0|1|1|1|-3|
|Gary Payton II|18:40|7|3-3|0-0|1-2|0|6|6|1|0|0|1|3|-4|
|Moses Moody|24:55|11|4-6|3-4|0-0|0|4|4|1|0|0|0|5|7|
|Buddy Hield|29:22|18|6-11|3-6|3-3|0|1|1|0|3|2|2|2|8|
|Pat Spencer|00:00|0|0-0|0-0|0-0|0|0|0|0|0|0|0|0|0|
|Lindy Waters III|00:00|0|0-0|0-0|0-0|0|0|0|0|0|0|0|0|0|
|Kyle Anderson|00:00|0|0-0|0-0|0-0|0|0|0|0|0|0|0|0|0|
|Draymond Green|00:00|0|0-0|0-0|0-0|0|0|0|0|0|0|0|0|0|
|Jonathan Kuminga|00:00|0|0-0|0-0|0-0|0|0|0|0|0|0|0|0|0|
|Brandin Podziemski|00:00|0|0-0|0-0|0-0|0|0|0|0|0|0|0|0|0|
|Quinten Post|00:00|0|0-0|0-0|0-0|0|0|0|0|0|0|0|0|0|
**[](/MIN) Minnesota Timberwolves**|**MIN**|**PTS**|**FGM-A**|**3PM-A**|**FTM-A**|**ORB**|**DRB**|**REB**|**AST**|**STL**|**BLK**|**TO**|**PF**|**±**|
|Jaden McDaniels^SF|35:32|14|6-9|2-3|0-1|3|1|4|4|1|2|0|5|-8|
|Julius Randle^PF|27:24|17|8-18|1-3|0-0|4|2|6|1|1|0|2|3|-2|
|Rudy Gobert^C|29:29|7|2-2|0-0|3-5|2|8|10|1|0|2|1|2|-4|
|Anthony Edwards^SG|40:54|28|7-19|4-9|10-11|1|7|8|2|1|1|5|1|-2|
|Donte DiVincenzo^PG|39:13|28|9-19|6-12|4-6|4|2|6|9|1|0|0|3|0|
|Naz Reid|28:39|15|5-13|3-7|2-2|2|4|6|1|0|1|0|0|8|
|Mike Conley|18:31|1|0-3|0-2|1-2|0|0|0|3|0|1|0|1|-3|
|Nickeil Alexander-Walker|20:17|5|1-3|1-1|2-2|0|1|1|0|0|0|1|2|6|
|Jaylen Clark|00:00|0|0-0|0-0|0-0|0|0|0|0|0|0|0|0|0|
|Luka Garza|00:00|0|0-0|0-0|0-0|0|0|0|0|0|0|0|0|0|
|Joe Ingles|00:00|0|0-0|0-0|0-0|0|0|0|0|0|0|0|0|0|
|Leonard Miller|00:00|0|0-0|0-0|0-0|0|0|0|0|0|0|0|0|0|
|Josh Minott|00:00|0|0-0|0-0|0-0|0|0|0|0|0|0|0|0|0|
|Tristen Newton|00:00|0|0-0|0-0|0-0|0|0|0|0|0|0|0|0|0|
|Rob Dillingham|00:00|0|0-0|0-0|0-0|0|0|0|0|0|0|0|0|0|
|Jesse Edwards|00:00|0|0-0|0-0|0-0|0|0|0|0|0|0|0|0|0|
|Terrence Shannon Jr.|00:00|0|0-0|0-0|0-0|0|0|0|0|0|0|0|0|0|"
49,"[Gordon] Speaking after practice, Warriors general manager Mike Dunleavy addressed swingman Moses Moody’s rookie-scale extension. Praised his character. “He’s playing faster, yet the game is slower, and that’s what you want to see with a young player in this league,” he said",
50,Mike Dunleavy discusses what the Warriors expect from Lindy Waters III this season,"MJD found a real one

"
51,[Slater] Mike Dunleavy on trade talks/current Warriors roster: “I like our team but there’s also some things we can look at to improve it.” (0:57),
52,"[Kroichick] Warriors feature new-look defense with Jimmy Butler replacing Andrew Wiggins || “I personally didn’t think [Wiggins] was great against the other team’s best player, he was better against those next guys.” - Stackhouse","> “We’re trying to get [Butler] to do things our way, but still not take away his instincts,” Stackhouse said Thursday after practice at Chase Center. “There are things he can do defensively that you don’t really teach.”
> 
> …
> 
> Stackhouse acknowledged Butler switches more effectively onto bigger players than smaller, quicker guards. 
> 
> That gives the Warriors two shrewd, elite frontcourt defenders in Draymond Green and Butler, but it also raises familiar questions about their perimeter defense. Wiggins often defended the opponent’s top outside threat. 
> 
> ***Stackhouse, who joined the Warriors last summer, wondered if Wiggins was especially effective in the role this season.***
> 
> ***“I personally didn’t think he was great against the other team’s best player,” Stackhouse said. “He was better against those next guys. We’d throw him on (the top players) sometimes, because of the reputation of what he did in ’22 and whatnot, but I saw separation… If you really want to be a good defender, you have to close that distance a little.”***
> 
> ***In the four games since trading Wiggins, the Warriors allowed 27 points to Coby White, 38 to Damian Lillard, 42 to Kyrie Irving and 25 to Aaron Holiday.*** Golden State won three of the four games, but it’s still fair to wonder about the team’s defense away from the basket.
> 
> …
> 
> ***“Point-of-attack defense has been an issue for us this year, for sure — allowing too many drivers to get into the paint, which leads to rotations and open 3s,” Kerr said.*** “We have to do a better job. We have to keep people in front of us as best we can.”
> 
> …
> 
> [Klay] Thompson regularly shadowed dynamic scorers during the run to five consecutive NBA Finals (2015-19), including Irving in three of those series.
> 
> Wiggins picked up the slack in 2022, one big reason the Warriors added another championship. 
> 
> ...
> 
> Gary Payton II counts as the Warriors’ best point-of-attack defender (per Stackhouse)… but Payton averages only 13.4 minutes per game, and figures to continue playing in short bursts as a reserve.
> 
> ***The wild card in this equation: Jonathan Kuminga.***
> 
> ...
> 
> General manager Mike Dunleavy, speaking after the Butler trade, called Kuminga’s role “big coming back,” in part ***to compensate for the loss on defense of Wiggins and Dennis Schröder.***
> 
> ***“He’s another guy who can get into the ball against smaller players, and obviously he guards his position really well,” Stackhouse said of Kuminga. “Just his length and foot speed — there are some lineups where we could cause havoc by switching everything, and nobody is in a bad mismatch because of our length.”***
> 
> …
> 
> Stackhouse struck an optimistic tone, noting the Warriors are better than two-thirds of the league in defensive rating (ninth among 30 teams). He expects them to improve with Butler, as they did in those first four games."
53,Sorry for the late post! Day 4 goes to the best defender of all time! Leave down your suggestions for day 5,
54,"[Post Game Thread] Your Golden State Warriors (14-12) get a much-needed win over the Minnesota Timberwolves (14-12), 113-103 thanks to Steph Curry having a much-needed performance - 31 pts, 10 asts, 3 rebs, 1 stl, 7 3s","
||
|:-:|
|[](/GSW) **113 -  103** [](/MIN)|
|**Box Scores: [NBA](http://www.nba.com/game/GSW-vs-MIN-0022400383/box-score) - [Yahoo](https://sports.yahoo.com/nba/scoreboard/)**|

||
|:-:|
|&nbsp;|
|**GAME SUMMARY**|
|**Location:** Target Center (18978), **Clock:** Q4 :00.0|
|**Officials:** Sean Corbin, Sean Wright, and Simone Jelks|

|**Team**|**Q1**|**Q2**|**Q3**|**Q4**|**Total**|
|:---|:--|:--|:--|:--|:--|
|Golden State Warriors|26|24|29|34|113|
|Minnesota Timberwolves|15|22|38|28|103|

||
|:-:|
|&nbsp;|
|**TEAM STATS**|

|**Team**|**PTS**|**FG**|**FG%**|**3P**|**3P%**|**FT**|**FT%**|**OREB**|**TREB**|**AST**|**PF**|**STL**|**TO**|**BLK**|
|:--|:--|:--|:--|:--|:--|:--|:--|:--|:--|:--|:--|:--|:--|:--|
|Golden State Warriors|113|40-87|46.0%|16-42|38.1%|17-23|73.9%|11|53|30|23|9|10|6|
|Minnesota Timberwolves|103|36-86|41.9%|14-38|36.8%|17-25|68.0%|11|58|27|18|5|15|2|


||
|:-:|
|&nbsp;|
|**PLAYER STATS**|

||||||||||||||||
|:--|:--|:--|:--|:--|:--|:--|:--|:--|:--|:--|:--|:--|:--|:--|
**[](/GSW) Golden State Warriors**|**MIN**|**PTS**|**FGM-A**|**3PM-A**|**FTM-A**|**ORB**|**DRB**|**REB**|**AST**|**STL**|**BLK**|**TO**|**PF**|**±**|
|Andrew Wiggins^SF|28:50|9|3-11|1-5|2-2|2|0|2|2|3|2|2|3|-4|
|Kyle Anderson^PF|16:43|3|1-4|1-1|0-0|1|1|2|2|0|0|0|2|0|
|Trayce Jackson-Davis^C|25:43|15|7-8|0-0|1-2|2|7|9|2|1|2|1|5|7|
|Dennis Schröder^SG|27:43|9|3-8|0-4|3-4|0|2|2|3|1|1|3|4|-9|
|Stephen Curry^PG|34:08|31|10-21|7-16|4-5|0|3|3|10|1|0|1|1|20|
|Buddy Hield|20:37|11|4-9|3-8|0-0|1|2|3|2|1|0|1|2|4|
|Kevon Looney|22:12|5|2-3|0-0|1-2|3|5|8|2|0|0|1|3|3|
|Jonathan Kuminga|23:27|11|3-11|2-4|3-4|0|4|4|2|0|1|1|0|5|
|Gary Payton II|20:40|7|2-3|0-1|3-4|0|5|5|4|0|0|0|3|13|
|Brandin Podziemski|19:31|12|5-9|2-3|0-0|2|5|7|1|2|0|0|0|11|
|Draymond Green|00:00|0|0-0|0-0|0-0|0|0|0|0|0|0|0|0|0|
|Moses Moody|00:00|0|0-0|0-0|0-0|0|0|0|0|0|0|0|0|0|
|Gui Santos|00:00|0|0-0|0-0|0-0|0|0|0|0|0|0|0|0|0|
|Lindy Waters III|00:00|0|0-0|0-0|0-0|0|0|0|0|0|0|0|0|0|
|Quinten Post|00:00|0|0-0|0-0|0-0|0|0|0|0|0|0|0|0|0|
|Pat Spencer|00:00|0|0-0|0-0|0-0|0|0|0|0|0|0|0|0|0|
**[](/MIN) Minnesota Timberwolves**|**MIN**|**PTS**|**FGM-A**|**3PM-A**|**FTM-A**|**ORB**|**DRB**|**REB**|**AST**|**STL**|**BLK**|**TO**|**PF**|**±**|
|Jaden McDaniels^SF|35:02|10|4-12|1-4|1-2|5|2|7|2|1|0|1|4|-12|
|Julius Randle^PF|32:23|16|4-13|1-3|7-9|1|6|7|6|0|0|3|1|-6|
|Rudy Gobert^C|36:50|18|7-8|0-0|4-7|2|10|12|2|1|1|1|0|-3|
|Anthony Edwards^SG|39:00|19|6-20|4-11|3-4|1|6|7|5|0|0|1|4|-1|
|Mike Conley^PG|25:21|3|1-6|1-5|0-0|0|2|2|5|1|0|2|4|-1|
|Donte DiVincenzo|25:28|19|7-12|3-6|2-3|1|3|4|4|2|0|2|1|-5|
|Nickeil Alexander-Walker|18:43|2|1-4|0-2|0-0|0|2|2|1|0|0|2|1|-12|
|Naz Reid|24:35|16|6-11|4-7|0-0|1|3|4|2|0|1|3|3|-12|
|Josh Minott|02:13|0|0-0|0-0|0-0|0|0|0|0|0|0|0|0|2|
|Rob Dillingham|00:00|0|0-0|0-0|0-0|0|0|0|0|0|0|0|0|0|
|PJ Dozier|00:00|0|0-0|0-0|0-0|0|0|0|0|0|0|0|0|0|
|Terrence Shannon Jr.|00:00|0|0-0|0-0|0-0|0|0|0|0|0|0|0|0|0|
|Jaylen Clark|00:00|0|0-0|0-0|0-0|0|0|0|0|0|0|0|0|0|
|Jesse Edwards|00:00|0|0-0|0-0|0-0|0|0|0|0|0|0|0|0|0|
|Luka Garza|00:00|0|0-0|0-0|0-0|0|0|0|0|0|0|0|0|0|
|Joe Ingles|00:00|0|0-0|0-0|0-0|0|0|0|0|0|0|0|0|0|
|Leonard Miller|00:00|0|0-0|0-0|0-0|0|0|0|0|0|0|0|0|0|
|Daishen Nix|00:00|0|0-0|0-0|0-0|0|0|0|0|0|0|0|0|0|"
55,"[Slater on 95.7] ""They don't want to trade [Podziemski]. He's beloved organizationally...One of the rare aspects to him, compared to the Warriors' other recent picks, is Steve Kerr couldn't keep him off the floor as a rookie.""",
56,[Slater] Mike Dunleavy on the Warriors hard-capping themselves at the second apron ($189.5 million) “We were aware of what (the draft trade) did…To stay under the second apron is plenty of money to spend to build a good team.” (0:26),
57,[Slater] Mike Dunleavy said “it’s possible” the Warriors and Chris Paul push back his $30 million guarantee date. It is tomorrow. “We’ve got another 24 hours” (0:47),
58,"Interesting Stat , GS Warriors Are 18-1 When Starting Moses Moody 🔥 👀",
59,Dunleavy has cooked. ,"Given what he was given to work with by Lacob, Dunleavy has found diamonds in the rough and managed to cobble this team together. Give Mike his props. "
60,"Mike Dunleavy on Warriors' acquisitions of Lindy Waters III, Quinten Post after 2024 NBA Draft - concrete reasons for each",
61,"[Post Game Thread] Your Golden State Warriors (13-9) lose the first game of the baseball series against the Minnesota Timberwolves (12-10), 107-90","
||
|:-:|
|[](/MIN) **107 -  90** [](/GSW)|
|**Box Scores: [NBA](http://www.nba.com/game/MIN-vs-GSW-0022400338/box-score) - [Yahoo](https://sports.yahoo.com/nba/scoreboard/)**|

||
|:-:|
|&nbsp;|
|**GAME SUMMARY**|
|**Location:** Chase Center (18064), **Clock:** Final|
|**Officials:** Karl Lane, Jacyn Goble, and Jenna Schroeder|

|**Team**|**Q1**|**Q2**|**Q3**|**Q4**|**Total**|
|:---|:--|:--|:--|:--|:--|
|Minnesota Timberwolves|31|25|22|29|107|
|Golden State Warriors|31|15|26|18|90|

||
|:-:|
|&nbsp;|
|**TEAM STATS**|

|**Team**|**PTS**|**FG**|**FG%**|**3P**|**3P%**|**FT**|**FT%**|**OREB**|**TREB**|**AST**|**PF**|**STL**|**TO**|**BLK**|
|:--|:--|:--|:--|:--|:--|:--|:--|:--|:--|:--|:--|:--|:--|:--|
|Minnesota Timberwolves|107|40-88|45.5%|14-42|33.3%|13-14|92.9%|9|56|32|14|12|17|6|
|Golden State Warriors|90|32-82|39.0%|11-39|28.2%|15-17|88.2%|10|45|20|11|9|22|4|


||
|:-:|
|&nbsp;|
|**PLAYER STATS**|

||||||||||||||||
|:--|:--|:--|:--|:--|:--|:--|:--|:--|:--|:--|:--|:--|:--|:--|
**[](/MIN) Minnesota Timberwolves**|**MIN**|**PTS**|**FGM-A**|**3PM-A**|**FTM-A**|**ORB**|**DRB**|**REB**|**AST**|**STL**|**BLK**|**TO**|**PF**|**±**|
|Jaden McDaniels^SF|29:32|10|4-11|2-5|0-0|2|1|3|2|1|0|0|3|5|
|Julius Randle^PF|24:08|16|5-11|2-4|4-4|2|7|9|4|1|0|3|1|3|
|Rudy Gobert^C|35:12|17|6-10|0-0|5-5|2|9|11|1|1|0|3|3|19|
|Anthony Edwards^SG|34:57|30|11-18|4-10|4-4|0|4|4|9|1|2|4|1|23|
|Mike Conley^PG|26:53|13|5-12|3-9|0-0|0|4|4|4|4|1|3|2|12|
|Nickeil Alexander-Walker|18:24|5|2-5|1-2|0-1|1|1|2|2|0|0|1|2|16|
|Naz Reid|32:16|9|4-10|1-5|0-0|1|9|10|4|2|2|0|1|20|
|Donte DiVincenzo|24:50|5|2-7|1-5|0-0|0|4|4|6|1|1|1|1|9|
|Josh Minott|04:59|0|0-1|0-1|0-0|0|0|0|0|1|0|1|0|-6|
|Terrence Shannon Jr.|02:12|0|0-1|0-0|0-0|0|0|0|0|0|0|0|0|-4|
|Daishen Nix|02:12|0|0-0|0-0|0-0|0|0|0|0|0|0|1|0|-4|
|PJ Dozier|02:12|0|0-0|0-0|0-0|0|0|0|0|0|0|0|0|-4|
|Luka Garza|02:12|2|1-2|0-1|0-0|1|0|1|0|0|0|0|0|-4|
|Jaylen Clark|00:00|0|0-0|0-0|0-0|0|0|0|0|0|0|0|0|0|
|Rob Dillingham|00:00|0|0-0|0-0|0-0|0|0|0|0|0|0|0|0|0|
|Jesse Edwards|00:00|0|0-0|0-0|0-0|0|0|0|0|0|0|0|0|0|
|Joe Ingles|00:00|0|0-0|0-0|0-0|0|0|0|0|0|0|0|0|0|
|Leonard Miller|00:00|0|0-0|0-0|0-0|0|0|0|0|0|0|0|0|0|
**[](/GSW) Golden State Warriors**|**MIN**|**PTS**|**FGM-A**|**3PM-A**|**FTM-A**|**ORB**|**DRB**|**REB**|**AST**|**STL**|**BLK**|**TO**|**PF**|**±**|
|Andrew Wiggins^SF|19:24|11|3-8|1-3|4-4|1|1|2|0|1|0|2|0|-1|
|Jonathan Kuminga^PF|28:38|13|6-15|1-4|0-0|1|1|2|1|1|1|3|3|-7|
|Kevon Looney^C|22:11|2|1-1|0-0|0-0|1|4|5|3|1|1|0|2|-11|
|Brandin Podziemski^SG|24:49|8|3-7|2-5|0-0|0|6|6|2|2|0|1|0|-16|
|Stephen Curry^PG|32:07|23|6-17|3-9|8-8|1|1|2|4|0|0|3|0|-3|
|Trayce Jackson-Davis|11:22|3|1-4|0-0|1-2|3|1|4|1|0|0|1|1|-5|
|Moses Moody|06:31|3|1-2|1-2|0-0|1|0|1|0|0|0|1|0|-3|
|Draymond Green|26:29|10|4-8|1-4|1-1|1|8|9|5|2|1|2|3|-15|
|Gary Payton II|16:54|1|0-3|0-1|1-2|1|5|6|1|1|1|3|1|-14|
|Kyle Anderson|11:45|4|2-3|0-0|0-0|0|1|1|1|0|0|0|0|0|
|Buddy Hield|13:21|4|2-4|0-2|0-0|0|3|3|0|0|0|3|0|-3|
|Lindy Waters III|19:43|6|2-7|2-7|0-0|0|0|0|0|0|0|1|1|-3|
|Pat Spencer|06:42|2|1-3|0-2|0-0|0|0|0|2|1|0|2|0|-4|
|Reece Beekman|00:00|0|0-0|0-0|0-0|0|0|0|0|0|0|0|0|0|
|De'Anthony Melton|00:00|0|0-0|0-0|0-0|0|0|0|0|0|0|0|0|0|
|Quinten Post|00:00|0|0-0|0-0|0-0|0|0|0|0|0|0|0|0|0|
|Gui Santos|00:00|0|0-0|0-0|0-0|0|0|0|0|0|0|0|0|0|"
62,The latest temp check from Tim Kawakami on Lacob/the Warriors front office’s thinking about the roster and state of the team. ,Link to the full article is [here](https://sfstandard.com/2025/01/10/the-warriors-get-a-win-they-needed-but-their-biggest-decisions-remain-on-ice/). 
63,"Zach LaVine is the only of the four big names traded this weekend that was on the Warriors' realistic radar and, to some in the organization, a preferred target over Jimmy Butler. But those that pull the ultimate levers at the top opted to let the sped-up LaVine option pass for loftier ambitions.","""Zach LaVine is the only of the four big names traded this weekend that was on the Warriors' realistic radar and, to some in the organization, a preferred target over Jimmy Butler. But those that pull the ultimate levers at the top (Mike Dunleavy, Joe Lacob, Kirk Lacob) opted to let the sped-up LaVine option pass in pursuit of loftier ambitions."" -Slater

Link: https://www.nytimes.com/athletic/live-blogs/nba-trade-deadline-luka-davis-trade/TCQ1VIMH3cPt/4PM6CTt3dBAv/

Warriors must be really confident they can get something even better, i guess? Or are they just insane and unrealistic?"
64,The Warriors are Viable Contenders Again,"I really think the Warriors are viable contenders again, largely thanks to Mike Dunleavy’s work in the front office. 

Signing Buddy Hield and De’Anthony Melton have really helped the Warriors become of the most flexible defenses in the NBA. Not to mention, Stephen Curry is still one of the finest closers in the NBA. 

I think the Warriors are poised for another deep playoff run, especially if Buddy Hield can continue to grow into a more defined role. "
65,"[Slater] ""[Kerr said,] “We’re not giving in. But you have to be realistic organizationally about where you are. And you have to mind what’s coming ahead in the future.""",">“That’s the hard part in addressing all this stuff,” Kerr said. “**We’re not giving in. But you have to be realistic organizationally about where you are.** And you have to mind what’s coming ahead in the future. I probably won’t be around, but I would tell you, if this organization gave away the next six or seven drafts for a wild swing, that would be the most irresponsible thing that they could do.”

...

>But the macro that’s coming into more uncomfortable focus in recent days is a protection of the future above an urgency to fix the present. **The Warriors had a chance to possibly unload the cupboard in a Lauri Markkanen trade this past summer;** [**Green has hinted**](https://archive.ph/o/eZWDr/https://www.nytimes.com/athletic/5841720/2024/10/22/warriors-mike-dunleavy-steph-curry-nba/) **that he advised against it.** He reiterated that type of approach in [comments to Yahoo! Sports](https://archive.ph/o/eZWDr/https://sports.yahoo.com/draymond-green-on-whether-warriors-would-mortgage-future-to-win-now-bad-teams-do-that-203459478.html) on the road trip that generated some buzz.

...

>Asked if he was comfortable with the front office’s activity level before the deadline, Curry said: “**If there was a situation that made sense for our team, I’m pretty sure we’d know about it.** That’s how we’ve always operated. That’s the expectation now until Feb. 6.”

...

Source: [https://www.nytimes.com/athletic/6060072/2025/01/14/steph-curry-warriors-future-nba-trade-rumors-kerr/?source=tw\_c\_sf](https://www.nytimes.com/athletic/6060072/2025/01/14/steph-curry-warriors-future-nba-trade-rumors-kerr/?source=tw_c_sf)"
66,Who is to blame the most for the Warriors .500 record?,"Candidates....   (Its not letting me add a poll for some reason, I'd like to hear your honest take)/

Kerr

Hield

Meyers

Dunleavy Jr

The refs

Bob Fitzgerald

The Gingerbread man"
67,Having our cake and eating it too: My ideal warriors offseason.,"**First thing's first**

You can't trade JK. Extending him is a no brainer to me. Whether it's likely or not,  he is our best bet for a post-Curry superstar. Giving him the max extension lets us test that theory. The reality is we need to keep Kuminga *and* add talent. Does turning Kuminga + Chris Paul into Brandon Ingram really make us contenders? That will just lock us into mediocrity with no way of improving. Free agency is the solution to our number one issue:

**Not enough top end talent.**

Too much talent was wasted on a deep bench. There are only 240 minutes to go round in an NBA game. We need to allocate them as efficiently as possible.

Steph, Draymond, and Kuminga should be locked in for 32 minutes each. That leaves 144. If you assume a minimum of 25 each for Moody, TJD, and Podz, that's 69 remaining. Guys like Looney and GP2 will probably get 10 or so each per night, which puts you at 49 minutes, enough for two more additions.

That's a 32 minute starter, and a solid rotation bench player for the other 17-ish minutes.

**So who can we get?**

* Next year's cap is \~$141m, with the tax at $171m
* If we let CP and Klay both walk, that's \~$77m off the books.
* If we can get off Wiggins (someone with space should be willing to absorb his contract in return for a future first), that's > $100m in salary gone, giving us \~$23m in space. Not enough to get us that alpha we need to get back to title contention.

**BUT**

* If GP2 is willing to opt out and renegotiate, that's another $9m, and you can resign him with Bird rights after you're done spending.  So now we're at \~$32m in cap space.
* If we waive the non-guaranteed contracts of guys like Gui, Quiñones, Garuba , that's well over $35m freed up, and you can even get another $5m if you waive Looney (only $3m of $8m guaranteed).
* I believe we can still re-sign these guys to the contracts they were expecting *after* we're done spending (if they want to stay).

That's a lot of cash that can be freed up to spend on a single player. Who might we get with that? **Paul George** has a player option and may want out of LA if the Clippers don't make a run. At 34, he might value the financial security of 4y/$160m and a shot to play with Curry and finally get a ring.

* Say that deal starts at $35m in Y1.
* You resign all those young guys for their minimum contracts.
* To keep things simple, you bring back GP2 a at the same price and just add a year (in reality we'd probably get a discount for adding years, maybe 3y/$21m or something).

Now you're at \~$155m total and you *still* haven't used the NTPMLE, a \~$14m slot you can use to either bring back Klay (if he's willing to take the pay cut) or go get someone else who better fits your composition.

My guess is that NTPMLE would not be enough to get Klay back. Thank you for your service. That lets us address some of our glaring weaknesses:

**1. Point of attack offense.**

We need someone who can make defenses pay for doubling Steph off the ball by putting pressure on the defense to collapse. This year it was too easy for defenses to get away with doubling Steph away from the ball, which brings the whole offense to a screeching halt. With the addition of PG, and enough improvement from JK we may be set in this department. Even Podz could help out here from the bench. He might not be explosive, but I can see his craftiness and poise as a great change of pace way to break down defenses. If we still don't feel fully loaded, maybe we offer the full exception to **Malik Monk**.

**2. Perimeter defense**

When you can't keep anyone in front of you, the defense collapses to help, and you give up wide open threes. It's not bad luck that all these teams had their best shooting nights against us. We couldn't guard.

Better perimeter defense would be great. PG obviously helps a ton here as well. But I think there are better solutions to this problem:

1. Be younger

This is kinda addition by subtraction. CP and Klay spent 56+ minutes a night getting beat over screens by younger, quicker shooters. This deficiency was never more apparent than against the Kings in the play-in. Without Monk + Huerter, the Dubs had to know that Murray going off was the key to Sacramento winning, and yet he went off anyway.

Murray's a stud with a great future, but if you can't keep a young role player from absolutely torching you in an elimination game when your opponent is missing two of its most important peripheral scorers, something is *very* wrong.

Simply having younger, more athletic defenders willing to fight through screens and catch up after getting beat will make it that much harder for opposing shooters to get the easy looks we gave up all year. Remaining out on shooters will have the knock on effect of improving team rebounding. Collapsing gives the offense tons of space to crash the boards. Boxing your man out is much easier when you're physically close to him (go figure) and makes the team effort much less chaotic.

2. More rim protection

Having a shot blocker you can trust to erase these mistakes makes it safer for perimeter defenders to stay with their man when someone gets beat off the dribble. TJD started to play this role really well toward the end of the season. I expect we'll lean on him more and more as the starting center next year. Finding bigs that work in our system has always been challenging, and I love Looney, but he's not someone I really want to rely on night in and night out. But A guy like **Jalen Smith** would give us a stretch four/small ball five who can block shots without sacrificing spacing.

At this point, you've got this lineup:

|PG|SG|SF|PF|C|
|:-|:-|:-|:-|:-|
|Steph|Paul George|Kuminga|Draymond|TJD|
|Podziemski|Moody|GP2|Jalen Smith|Looney|

It's obviously a long shot that it works out exactly this way (good thing the Mavs just stole game 2 in LA!!)

While I think PG would be the ideal fit on this team, there are other options that still keep the window open if you can pry them away in free agency. None are likely, but that's where GM's get paid. Say what you want about Dunleavy, he did a pretty good job getting off Poole's contract, bringing harmony back to the locker room, and picking up some incredible values in the draft. We know people like playing with Steph, but this is the first time since Durant left that we've had cap room to give anyone of that caliber the chance to join the team.

To me, it's a matter of will, not luck. Hell, maybe you pick Bronnie Jr in the 2nd round and get a couple years of LeBron instead of four with an aging PG.

But back to my hypothetical of choice: To me, that is a better distribution of talent, and while the roster isn't *that* different, the minutes are largely played by younger, more athletic players. You're betting on a lot of things here, but what is really encouraging is that this roster can contend while still being **under** the luxury tax, something we know the front office is gonna do.

**How does it play out on the court?**

Most nights Kuminga does the driving, and the team probably struggles early on while he finds his inner alpha. If you start to lose confidence, you give the keys to PG and make Kuminga the secondary look. By building the offense around Kuminga, the team can lean on young legs, letting Curry pick his spots and save his energy for those classic scoring infernos instead of killing the shot clock waiting for him to fight through off-ball double teams every possession. Best of all, you have PG there to dump the ball to when you *know* you need to get a shot off.

**How does it end? - Worst case scenario:**

Now you give Kuminga his max, extend Moody, and go back into the tax in '25-26. Worst case scenario, we don't make the post season run we were hoping for. Maybe someone gets hurt, and the lack of depth kills us.

Even if Kuminga doesn't end up taking up Curry's mantle --and if we're being honest, this is the more likely outcome-- then I'd argue we're still better off than if we had traded him for an older star in the first place.

* We'll have fielded a competitive roster for the final years of Curry's contract without giving up other assets just to fill the cap space we were able to spend on the free agent market anyway.
* We got to make the bet on Kuminga ourselves, which is just more satisfying to do with home-grown talent.
* Cap relief immediately follows after Curry's $60m expires after this two season experiment, and Curry can decide whether to keep pushing for it, sign for a discount, or go a different direction, which allows the team tear it down, hoard picks, and tank like everyone else.

**How does it end? - Best case scenario:**

We did right by Curry, surrounded him with guys who could get him back to the promise land, and he delivers for two more epic post season runs, and maybe even a ring or two if we're lucky.

By the time Curry/PG/Draymond are in full decline, the Kuminga investment is fully paying off, as the burgeoning superstar takes the reigns with a mature supporting cast of younger players that make it easy for the older guys to take nights off and contribute in reduced roles/salaries.

**In conclusion**

Even if my pie in the sky hypothetical doesn't pan out, I do hope we bet on Kuminga, and that we commit the minutes freed up by any departing players to the youth and potential already on the team. Make the big jump to contention by getting a big free agent on the market, rather than trading our exciting young core just to land a B-list max contract player who will likely struggle with a stale, aging supporting cast.

If ownership is satisfied getting under the tax just to run it back with the same roster, then that will be the biggest slap in the face to Curry that I can think of.

If they think creatively and communicate well, they can do right by everyone (fans included). I'd love to see them make an earnest offer to Klay of the full NTPMLE and congratulate him for landing a bigger offer if he gets one elsewhere.

  
**EDIT** - Since writing this I have learned a bit more about cap holds and Bird rights. It's still possible to free up \~$35m in cap space, but it would take a lot more work than I originally thought, and would require finding replacements for Looney and GP2 as well. I'm not sure how feasible that all is. 

In this case it seems to me that unless they got some kind of signal from PG that he wanted to go there, they would be more likely to just improve on the margins, bringing Klay back on Bird rights, adding a NTPMLE, maybe trading CP3 for a cheaper rotation 4 that would keep you under the tax. I don't think this would make us contenders, and still I don't think anyone we could bring back for Kuminga + CP3 would be better than Kuminga + whoever we can get on the market."
68,Do you think we'll see if age will affect Curry to some degree next season or not?,"I don't expect a big drop off but I am curious to see how he does with the new roster. For certain he can't carry the team and rely on him to save us. That's why its so important to get help. We'll really get a better understanding of where he's at and help his longevity. 

I do think last year Curry was just tired from having no help than actual age but that can't be an issue anymore. If Curry gets help I hope he's rejuvenated . If he looks tired with help still that's when I'd start to worry."
69,"[Slater] Chris Paul is not retiring. He will play a 20th NBA season somewhere. “I’ll talk to my wife and my kids, my family, my support system, see what it looks like,” Paul told The Athletic. “But this isn’t (the end of my career). I know it for sure.” Paul’s future with the Warriors is uncertain","[Source Article by The Athletic's Anthony Slater - ""Chris Paul said he isn’t retiring, but is there any future with the Warriors?/""](https://theathletic.com/5421426/2024/04/17/chris-paul-retirements-warriors-future-nba/)

&nbsp;

### Chris Paul isn't Retiring and Plans to play another season (whether with the Dubs or not):

> Later that night, the Sacramento Kings blow them out 118-94, an elimination that also throws into question Paul’s immediate future. But this much is clear: Paul is not retiring. He will play a 20th NBA season somewhere.

> **“I’ll talk to my wife and my kids, my family, my support system, see what it looks like,” Paul told The Athletic. “But this isn’t (the end of my career). I know it for sure.”**

> So **Paul’s future with the Warriors is as uncertain** (and perhaps more unlikely) than any other player who left the locker room late Tuesday night.

&nbsp;

### CP3 Appreciated the Open Communication & Family-friendly Culture of the Warriors Org:

>“I haven’t thought about it,” Paul said. “I’m too in it. I was in the gym at 8 a.m. this morning, lifting and getting ready for this game. When it’s time for that, Mike (Dunleavy) and Steve (Kerr), we’ll have a conversation and see what it looks like. But I loved it. It’s honestly — **this is my fifth year living without my family — I probably saw them more than any other year.”**

> That’s because of the proximity to Los Angeles, but also because of Kerr’s open culture. Families are welcomed into the interior of the Warriors’ building and around the team more than is typical in the NBA.

> “That’s probably what I appreciated the most out of everything is just the communication of letting me know when days are going to be off,” Paul said. “**Then your family can fly on the team plane like, I ain’t seen that. I’m grateful to Steve for that.”**

&nbsp;


### CP3 talks about his Initial Thoughts on the trade + Reactions of his inner circle:

> “I didn’t expect it to be bad,” Paul said. “When the trade happened, I was excited, I was energized. It’s been really cool to see all the basketball knowledge, the way different guys approach every day. When people ask about my experience here, I tell them I sort of got a chance to peek behind the curtain.”

> Paul’s inner circle showed varying forms of shock and apprehension after he joined the Warriors, his heated conference rival the previous decade. There’d been so many competitive dust-ups and heated playoff nights between the sides. But Paul embraced it quickly, believing in the shared traits between the sides.

-

> Trevor Ariza happened to be in LA (*after recent Lakers game*). Paul told Ariza to hop on their plane. Ariza was a part of those Houston Rockets teams. He knows how heated the rivalry became between Paul and the Warriors, how much Paul stewed over the losses, and how the Warriors taunted after the wins. “He was sitting in the plane like, ‘Man, I would have never thought…'” Paul said. “‘I would’ve never thought we’d all be on here together.'”

&nbsp;

### CP3 on forming a relationship with Klay & Dray:

> “I got so many (former teammates) in my career that, like, I have no relationship with,” Paul said. “Don’t really care to or anything like that. Or people who don’t like me or whatever. That don’t keep me up at night. But I’m grateful that I got a chance to be here with these guys. **Me and Steph were already connected. Me and Dray definitely, you know, got a real connection now. And somebody I’m grateful that I really got a chance to know is Klay.”**


&nbsp;

### Loved his time with the Warriors on a personal level, but maybe not as much on the basketball level:

> Paul understands the business better than just about any other current player. He knows his contract setup, the Warriors’ tax crunch and will be in on the conversations that dictate his 2024-25 NBA home. **He says he loved his time with the Warriors on a personal level. But there’s the basketball side that also complicates the equation**. Paul isn’t necessarily ready to just accept a lower-usage backup point guard role for the final seasons of his career. He remains of the belief that he can still run a team on a high-minute basis.

> “I try to do the most with the opportunity that was given,” Paul said. “**For me, it’s always been about winning, whatever that looks like. But I know I got a lot more to give to the game.** The situation is what it is. But I’ve loved every bit about (this season). I’ve loved every bit of it. Getting a chance to compete with these guys.”


> Paul fit perfectly as Stephen Curry’s backup point guard. Kerr struggled to find usable lineups with both Curry and Paul on the floor because of the size disadvantage, especially with Thompson also out there. “It’s a difficult situation for him that he handled beautifully,” Kerr said. “He’s always been the starting point guard for his team. But you look at our team and we’re pretty small. Even though he’s one of our best players, if we want to throw our best players out there — and he’s one of them — you start adding up Chris, Steph, Klay, it’s not the ideal roster for him. *Not the ideal roster for him*. That’s the subsection of that Kerr quote that probably hits the hardest. But he still desires more and his on-court impact and production and market could justify that, making a reunion unlikely."
70,"[Slater] Jerry Stackhouse's defensive philosophy: “When you’re at this level, it’s about pride. I never wanted to be in a film session constantly having my name called for not doing what’s right. That’s the approach that I want to take...give these guys principles & techniques to adhere to”","[Source Article by The Athletic's Anthony Slater - ""For Jerry Stackhouse, chance to join Warriors’ coaching staff came at ‘perfect’ time""](https://www.nytimes.com/athletic/5658907/2024/07/26/jerry-stackhouse-warriors-coaching-staff/)

&nbsp;

### Jerry Stackhouse planned to take a year to evaluate which NBA team to join until MDJ & Kerr called first:

> “I don’t think the timing could’ve been more perfect for me,” Stackhouse told The Athletic. “If I would’ve fulfilled my (Vanderbilt) contract, I would’ve been nine, 10 years removed from the NBA.”

>Stackhouse took over a struggling Vanderbilt program and led them to 19 wins during the 2021-22 season and 22 wins the following season. He coached future pros Saben Lee, Aaron Nesmith and Scotty Pippen Jr. This past season, the Commodores, crunched by injuries, sputtered to a 9-23 record, and Stackhouse was let go. He assumed he’d sit out the next season and planned to travel to visit various pro coaching staffs, eyeing a return to the NBA level after beginning his coaching career in the Toronto Raptors organization.

> **“Golden State would’ve been atop my list,” Stackhouse said. “I would’ve called and wanted to come to training camp, come to practices.” But the Warriors called first. Dunleavy and Kerr set up an interview. Stackhouse impressed Kerr.**


&nbsp;


### Steve Kerr on what Stackhouse brings as a former player + Stackhouse on playing vs Kerr:

> He will take on a prominent role helping to organize and run the Warriors’ defense, and **he brought some ideas to the interview**.

> “**There’s something about a former player where those guys can tell our players, ‘I’ve been there, I’ve done this. I know exactly what you’re going through,**'” Kerr said. “Jerry did it on a really high level, but he’s also coached at a high level. That meant a lot to me.”

-

> “Just remember getting our asses kicked a lot,” Stackhouse laughed. “**We’ve always been very cordial**, even when he was doing broadcasting. I think **he’s always had respect for what I brought to the table, and I’ve had respect for what he’s been able to accomplish as a player and coach. One of the best to ever do it,** if you really look at it.”



&nbsp;

### Stackhouse's Hiring not only for Defense, but to help Develop the Wings as well:

> Stackhouse was in Las Vegas during the early portion of summer league. **He met veterans such as Jonathan Kuminga and Kevon Looney. He attended workouts for Andrew Wiggins and Moses Moody.** He made it clear he believes part of the reason **he was hired was to help develop all the wings** on the roster.

>“**That’s the position I played**,” Stackhouse said. “**I’ve sat in that seat. I’ve been there**. I understand what they’re going through, from a young guy looking for a contract to a guy whose game is transitioning as you get older. I’m an 18-year veteran. **Hopefully, I can come in and help motivate and inspire and help these guys take the next step** and take advantage of these years with Steph and Draymond (Green), maximizing the back end of their careers.”


&nbsp;

### Stackhouse's Defensive Philosophy:

> “When you’re at this level, **it’s about pride**,” Stackhouse said. “**I was a guy that never wanted to be in a film session constantly having my name called for not doing what’s right. That’s the approach that I want to take**. … From the defense standpoint, **give these guys principles and techniques to adhere to and be able to judge them for those things** once we establish what they are.”

-

>**Stackhouse didn’t get into grand detail about his nuanced defensive philosophy, saying it’ll be a staff-wide project tied to personnel,** and a full playing-style conversation won’t happen until the coaches convene closer to training camp

&nbsp;

### Stackhouse on Close Outs & Blow-bys:

> “For me, **it’s about closing out to the touch without blow-bys to the basket. Those kill you, as well,**” Stackhouse said. “It’s finding a **happy medium. Close out with a hand in the air. Stick (out a) hand to deter shots. The numbers are there. Shots with a hand in the air miss more often than ones without a hand. It’s not an overhaul. It’s subtle things**, and it’s holding those standards game to game and possession to possession.”

&nbsp;

### Stackhouse on Transition Defense (plus Steph's effect):

> The Warriors’ defense particularly was vulnerable in transition last season, an area Kerr was regularly critical when asked to identify the biggest reason for many losses.

>“We have one of the most prolific scorers ever, prolific 3-point shooters,” Stackhouse said. “So **you know there’s going to be shots that may be unexpected or high degree of difficulty. You have to identify it quickly and get the floor balanced to protect against the transition** the other way.”




&nbsp;


### How Jerry Stackhouse can help Draymond Green:

> **Part of the Stackhouse hire, Kerr said, is about bringing a booming voice into the room. His relationship with Green should help keep both the defense and Green on track**. Stackhouse’s two All-Star seasons came in 2000 and 2001 for the Detroit Pistons when Green was growing up a couple hours up the road in Saginaw...**They linked up for a conversation in Las Vegas during the early days of summer league**.

>“**I think we’re kind of cut from the same cloth as far as competing and kind of having an edge**,” Stackhouse said. “How he approaches defense and the things he does plays well into how I want us to guard individually and the technique and the toughness. It kind of goes a long way when you have somebody who exudes all of those things.”

> They need Green to remain on the court where he can clean up a mess but also help Stackhouse and the rest of the coaching staff light into anyone who is causing a mess."
71,[Giveaway] 2 free courtside tickets to Warriors Open Practice on Wed 10/16,"I have 2 tickets to the Warriors Open Practice on Wed at 5:30PM. Amazing seats along the courtside (Section 4 Row 2A). I unfortunately can't make it so hoping to give away to another Warriors fan. Want to make it a little bit fun: comment with who you think was the best player we picked up (draft, signing, trade, etc) this offseason and why (doesn't need to be long). Most upvotes by end of day today I'll DM with ticket details.'

Edit:   
Giveaway is now closed! Winner has been DM'ed

Event details:  
Open Practice begins at 5:30PM with a special Q&A with Bob Fitzgerald and General Manager Mike Dunleavy, followed by a short workout, new player introductions and more!

[https://www.nba.com/warriors/open-practice-2024](https://www.nba.com/warriors/open-practice-2024)"
72,Dunleavy is our Jerry Krause,"Bob left because he knew the end was near.  He was too close to the players.  Too emotionally attached.  He knew that when it became time, he would have a hard time dismantling the core.

Mike hasn't been around as long.  He's relatively new.  He's a former scout.  He is not emotionally attached.  He is not close to the players.  We don't see him calming down Draymond when things get heated.  We don't see him talk about the players the way Bob does.  He's a calculating business man and that's it.

That business or corporate quality to him, makes him the perfect person to see the core out the door.  He's our Jerry Krause.

We should expect to see the same for the rest of the remaining core's tenure.  If Curry wants to play a year longer, expect a tough negotiation.  Maybe Steph leaves for a final year as well.  Who knows.  But Mike isn't attached."
73,It’s true lol they’re in a league of their own 🫡😂,
74,"Going through Moody’s game tape, I came across this really cool sequence of passes going from Klay to TJD to Moody to lay it up. I’ve watched it so many times & I still can’t figure out how TJD saw Moody cutting to know how to perfectly angle the inside pass to him. His peripheral vision is absurd 😂",
75,Does anyone have a list of all the former Warrior assistant coaches who have transitioned to become head coaches?,"I know Luke Walton, Mike Malone, now possibly Kenny Atkinson. I know there are more.

*Will Update List to Chronological Order and Team  

'= Former Head Coach prior to Warriors assistant coach. 
                  
'Kenny Atkinson(21-24) -> Cleveland 24

'Mike Brown(16-22) -> Kings 22

Willie Green(16-19) -> Pelicans 21

Luke Walton(14-16) -> Lakers 16 Kings 19

'Alvin Gentry(14-15) -> Pelicans 15 Kings 20
               
Mike Malone(11-13) -> Kings 14 Nuggets 15

Wes Unseld Jr(11-12) -> Wizards 21

Lloyd Peirce(10-11) -> Hawks 18
                    
'Keith Smart(03-10) -> Warriors 10 Kings 11
                
Stephen Silas(06-10) -> Rockets 20

'Terry Stotts(04-05) -> Bucks 05 Portland 12 

David Fizdale(04-05) -> Memphis 16 NY 18 Suns 21

Jim Boylen(03-04) -> Bulls 18

'Brian Winters(99-02) -> Warriors 02 Fever 04 

'David Cowens(99-00) -> Warriors 00

'George Irvine(95-97) -> Pistons 00
                  
Gregg Popovich(92-94) -> Spurs 96

Garry St.Jean(88-92)-> Warriors 99

'Mike Schuler(89-90) -> Clippers 92

John Bach(79-83) -> Warriors 80 83



"
76,"[ Anthony Slater via The Athletic] “But his decision, as one source put it, became easy when the Warriors kicked him down the summer pecking order…There was little communication between Thompson, the Warriors and Thompson’s agent, Greg Lawrence, and ultimately no offer in this cycle…“","continued “Many league sources said Thompson's decision to depart was unofficially made weeks ago.”


Was also mentioned how Kerr was still intending on bringing Klay off the bench if he were to return "
77,If Super Splash Bros. was a video game,
78,Rebounding Appreciation Post: Full Commitment leads to Technical Mastery ,"As mad as I am about the free throw problems and the occasional, but not constant, turnover issue - I am so impressed with the entire organization’s commitment to rebounding this season.

I wouldn’t be surprised if Mike Dunleavy runs rebounding drills in between front office meetings with president, Brandon Schneider.

We are on a “put the league on notice” revenge campaign. This squad’s commitment to rebounding is translating into technical mastery… and if we can make some more free throws, the dubs will be impossible to stop. 

Image credit: Warriorsnationcp

IG:  https://www.instagram.com/p/DCQv5cwsq1F/?igsh=MzRlODBiNWFlZA==
"
